
2025-12-19 07:15:24 | [32m[1mINFO    [0m | argostranslate.utils | ('Looking for cached Spacy xx_sent_ud_sm.',)

2025-12-19 07:15:24 | [32m[1mINFO    [0m | main                 | API routes registered at /api/v1

2025-12-19 07:15:24 | [32m[1mINFO    [0m | main                 | API routes registered at /api/v1

2025-12-19 07:15:24 | [32m[1mINFO    [0m | main                 | API routes registered at /api/v1

2025-12-19 07:15:24 | [32m[1mINFO    [0m | main                 | API routes registered at /api/v1

2025-12-19 07:15:24 | [32m[1mINFO    [0m | main                 | Starting Background Jobs Feedback Analyzer FastAPI Backend

2025-12-19 07:15:24 | [32m[1mINFO    [0m | main                 | Starting Background Jobs Feedback Analyzer FastAPI Backend

2025-12-19 07:15:24 | [32m[1mINFO    [0m | main                 | Starting Background Jobs Feedback Analyzer FastAPI Backend

2025-12-19 07:15:24 | [32m[1mINFO    [0m | main                 | Starting Background Jobs Feedback Analyzer FastAPI Backend

2025-12-19 07:15:24 | [32m[1mINFO    [0m | main                 | Environment: development

2025-12-19 07:15:24 | [32m[1mINFO    [0m | main                 | Environment: development

2025-12-19 07:15:24 | [32m[1mINFO    [0m | main                 | Environment: development

2025-12-19 07:15:24 | [32m[1mINFO    [0m | main                 | Environment: development

2025-12-19 07:15:24 | [32m[1mINFO    [0m | main                 | Allowed origins: ['*']

2025-12-19 07:15:24 | [32m[1mINFO    [0m | main                 | Allowed origins: ['*']

2025-12-19 07:15:24 | [32m[1mINFO    [0m | main                 | Allowed origins: ['*']

2025-12-19 07:15:24 | [32m[1mINFO    [0m | main                 | Allowed origins: ['*']

2025-12-19 07:15:24 | [32m[1mINFO    [0m | main                 | Application started

2025-12-19 07:15:24 | [32m[1mINFO    [0m | main                 | Application started

2025-12-19 07:15:24 | [32m[1mINFO    [0m | main                 | Application started

2025-12-19 07:15:24 | [32m[1mINFO    [0m | main                 | Application started

2025-12-19 07:15:24 | [32m[1mINFO    [0m | main                 | Initializing database

2025-12-19 07:15:24 | [32m[1mINFO    [0m | main                 | Initializing database

2025-12-19 07:15:24 | [32m[1mINFO    [0m | main                 | Initializing database

2025-12-19 07:15:24 | [32m[1mINFO    [0m | main                 | Initializing database

2025-12-19 07:15:25 | [32m[1mINFO    [0m | sqlalchemy.engine.Engine | select pg_catalog.version()

2025-12-19 07:15:25 | [32m[1mINFO    [0m | sqlalchemy.engine.Engine | select pg_catalog.version()

2025-12-19 07:15:25 | [32m[1mINFO    [0m | sqlalchemy.engine.Engine | select pg_catalog.version()

2025-12-19 07:15:25 | [32m[1mINFO    [0m | sqlalchemy.engine.Engine | select pg_catalog.version()

2025-12-19 07:15:25 | [32m[1mINFO    [0m | sqlalchemy.engine.Engine | [raw sql] ()

2025-12-19 07:15:25 | [32m[1mINFO    [0m | sqlalchemy.engine.Engine | [raw sql] ()

2025-12-19 07:15:25 | [32m[1mINFO    [0m | sqlalchemy.engine.Engine | [raw sql] ()

2025-12-19 07:15:25 | [32m[1mINFO    [0m | sqlalchemy.engine.Engine | [raw sql] ()

2025-12-19 07:15:25 | [32m[1mINFO    [0m | sqlalchemy.engine.Engine | select current_schema()

2025-12-19 07:15:25 | [32m[1mINFO    [0m | sqlalchemy.engine.Engine | select current_schema()

2025-12-19 07:15:25 | [32m[1mINFO    [0m | sqlalchemy.engine.Engine | select current_schema()

2025-12-19 07:15:25 | [32m[1mINFO    [0m | sqlalchemy.engine.Engine | select current_schema()

2025-12-19 07:15:25 | [32m[1mINFO    [0m | sqlalchemy.engine.Engine | [raw sql] ()

2025-12-19 07:15:25 | [32m[1mINFO    [0m | sqlalchemy.engine.Engine | [raw sql] ()

2025-12-19 07:15:25 | [32m[1mINFO    [0m | sqlalchemy.engine.Engine | [raw sql] ()

2025-12-19 07:15:25 | [32m[1mINFO    [0m | sqlalchemy.engine.Engine | [raw sql] ()

2025-12-19 07:15:25 | [32m[1mINFO    [0m | sqlalchemy.engine.Engine | show standard_conforming_strings

2025-12-19 07:15:25 | [32m[1mINFO    [0m | sqlalchemy.engine.Engine | show standard_conforming_strings

2025-12-19 07:15:25 | [32m[1mINFO    [0m | sqlalchemy.engine.Engine | show standard_conforming_strings

2025-12-19 07:15:25 | [32m[1mINFO    [0m | sqlalchemy.engine.Engine | show standard_conforming_strings

2025-12-19 07:15:25 | [32m[1mINFO    [0m | sqlalchemy.engine.Engine | [raw sql] ()

2025-12-19 07:15:25 | [32m[1mINFO    [0m | sqlalchemy.engine.Engine | [raw sql] ()

2025-12-19 07:15:25 | [32m[1mINFO    [0m | sqlalchemy.engine.Engine | [raw sql] ()

2025-12-19 07:15:25 | [32m[1mINFO    [0m | sqlalchemy.engine.Engine | [raw sql] ()

2025-12-19 07:15:25 | [32m[1mINFO    [0m | sqlalchemy.engine.Engine | BEGIN (implicit)

2025-12-19 07:15:25 | [32m[1mINFO    [0m | sqlalchemy.engine.Engine | BEGIN (implicit)

2025-12-19 07:15:25 | [32m[1mINFO    [0m | sqlalchemy.engine.Engine | BEGIN (implicit)

2025-12-19 07:15:25 | [32m[1mINFO    [0m | sqlalchemy.engine.Engine | BEGIN (implicit)

2025-12-19 07:15:25 | [32m[1mINFO    [0m | sqlalchemy.engine.Engine | SELECT pg_catalog.pg_class.relname 
FROM pg_catalog.pg_class JOIN pg_catalog.pg_namespace ON pg_catalog.pg_namespace.oid = pg_catalog.pg_class.relnamespace 
WHERE pg_catalog.pg_class.relname = $1::VARCHAR AND pg_catalog.pg_class.relkind = ANY (ARRAY[$2::VARCHAR, $3::VARCHAR, $4::VARCHAR, $5::VARCHAR, $6::VARCHAR]) AND pg_catalog.pg_table_is_visible(pg_catalog.pg_class.oid) AND pg_catalog.pg_namespace.nspname != $7::VARCHAR

2025-12-19 07:15:25 | [32m[1mINFO    [0m | sqlalchemy.engine.Engine | SELECT pg_catalog.pg_class.relname 
FROM pg_catalog.pg_class JOIN pg_catalog.pg_namespace ON pg_catalog.pg_namespace.oid = pg_catalog.pg_class.relnamespace 
WHERE pg_catalog.pg_class.relname = $1::VARCHAR AND pg_catalog.pg_class.relkind = ANY (ARRAY[$2::VARCHAR, $3::VARCHAR, $4::VARCHAR, $5::VARCHAR, $6::VARCHAR]) AND pg_catalog.pg_table_is_visible(pg_catalog.pg_class.oid) AND pg_catalog.pg_namespace.nspname != $7::VARCHAR

2025-12-19 07:15:25 | [32m[1mINFO    [0m | sqlalchemy.engine.Engine | SELECT pg_catalog.pg_class.relname 
FROM pg_catalog.pg_class JOIN pg_catalog.pg_namespace ON pg_catalog.pg_namespace.oid = pg_catalog.pg_class.relnamespace 
WHERE pg_catalog.pg_class.relname = $1::VARCHAR AND pg_catalog.pg_class.relkind = ANY (ARRAY[$2::VARCHAR, $3::VARCHAR, $4::VARCHAR, $5::VARCHAR, $6::VARCHAR]) AND pg_catalog.pg_table_is_visible(pg_catalog.pg_class.oid) AND pg_catalog.pg_namespace.nspname != $7::VARCHAR

2025-12-19 07:15:25 | [32m[1mINFO    [0m | sqlalchemy.engine.Engine | SELECT pg_catalog.pg_class.relname 
FROM pg_catalog.pg_class JOIN pg_catalog.pg_namespace ON pg_catalog.pg_namespace.oid = pg_catalog.pg_class.relnamespace 
WHERE pg_catalog.pg_class.relname = $1::VARCHAR AND pg_catalog.pg_class.relkind = ANY (ARRAY[$2::VARCHAR, $3::VARCHAR, $4::VARCHAR, $5::VARCHAR, $6::VARCHAR]) AND pg_catalog.pg_table_is_visible(pg_catalog.pg_class.oid) AND pg_catalog.pg_namespace.nspname != $7::VARCHAR

2025-12-19 07:15:25 | [32m[1mINFO    [0m | sqlalchemy.engine.Engine | [generated in 0.00390s] ('tasks', 'r', 'p', 'f', 'v', 'm', 'pg_catalog')

2025-12-19 07:15:25 | [32m[1mINFO    [0m | sqlalchemy.engine.Engine | [generated in 0.00390s] ('tasks', 'r', 'p', 'f', 'v', 'm', 'pg_catalog')

2025-12-19 07:15:25 | [32m[1mINFO    [0m | sqlalchemy.engine.Engine | [generated in 0.00390s] ('tasks', 'r', 'p', 'f', 'v', 'm', 'pg_catalog')

2025-12-19 07:15:25 | [32m[1mINFO    [0m | sqlalchemy.engine.Engine | [generated in 0.00390s] ('tasks', 'r', 'p', 'f', 'v', 'm', 'pg_catalog')

2025-12-19 07:15:25 | [32m[1mINFO    [0m | sqlalchemy.engine.Engine | SELECT pg_catalog.pg_type.typname 
FROM pg_catalog.pg_type JOIN pg_catalog.pg_namespace ON pg_catalog.pg_namespace.oid = pg_catalog.pg_type.typnamespace 
WHERE pg_catalog.pg_type.typname = $1::VARCHAR AND pg_catalog.pg_type_is_visible(pg_catalog.pg_type.oid) AND pg_catalog.pg_namespace.nspname != $2::VARCHAR

2025-12-19 07:15:25 | [32m[1mINFO    [0m | sqlalchemy.engine.Engine | SELECT pg_catalog.pg_type.typname 
FROM pg_catalog.pg_type JOIN pg_catalog.pg_namespace ON pg_catalog.pg_namespace.oid = pg_catalog.pg_type.typnamespace 
WHERE pg_catalog.pg_type.typname = $1::VARCHAR AND pg_catalog.pg_type_is_visible(pg_catalog.pg_type.oid) AND pg_catalog.pg_namespace.nspname != $2::VARCHAR

2025-12-19 07:15:25 | [32m[1mINFO    [0m | sqlalchemy.engine.Engine | SELECT pg_catalog.pg_type.typname 
FROM pg_catalog.pg_type JOIN pg_catalog.pg_namespace ON pg_catalog.pg_namespace.oid = pg_catalog.pg_type.typnamespace 
WHERE pg_catalog.pg_type.typname = $1::VARCHAR AND pg_catalog.pg_type_is_visible(pg_catalog.pg_type.oid) AND pg_catalog.pg_namespace.nspname != $2::VARCHAR

2025-12-19 07:15:25 | [32m[1mINFO    [0m | sqlalchemy.engine.Engine | SELECT pg_catalog.pg_type.typname 
FROM pg_catalog.pg_type JOIN pg_catalog.pg_namespace ON pg_catalog.pg_namespace.oid = pg_catalog.pg_type.typnamespace 
WHERE pg_catalog.pg_type.typname = $1::VARCHAR AND pg_catalog.pg_type_is_visible(pg_catalog.pg_type.oid) AND pg_catalog.pg_namespace.nspname != $2::VARCHAR

2025-12-19 07:15:25 | [32m[1mINFO    [0m | sqlalchemy.engine.Engine | [generated in 0.00247s] ('taskstatus', 'pg_catalog')

2025-12-19 07:15:25 | [32m[1mINFO    [0m | sqlalchemy.engine.Engine | [generated in 0.00247s] ('taskstatus', 'pg_catalog')

2025-12-19 07:15:25 | [32m[1mINFO    [0m | sqlalchemy.engine.Engine | [generated in 0.00247s] ('taskstatus', 'pg_catalog')

2025-12-19 07:15:25 | [32m[1mINFO    [0m | sqlalchemy.engine.Engine | [generated in 0.00247s] ('taskstatus', 'pg_catalog')

2025-12-19 07:15:25 | [32m[1mINFO    [0m | sqlalchemy.engine.Engine | SELECT pg_catalog.pg_type.typname 
FROM pg_catalog.pg_type JOIN pg_catalog.pg_namespace ON pg_catalog.pg_namespace.oid = pg_catalog.pg_type.typnamespace 
WHERE pg_catalog.pg_type.typname = $1::VARCHAR AND pg_catalog.pg_type_is_visible(pg_catalog.pg_type.oid) AND pg_catalog.pg_namespace.nspname != $2::VARCHAR

2025-12-19 07:15:25 | [32m[1mINFO    [0m | sqlalchemy.engine.Engine | SELECT pg_catalog.pg_type.typname 
FROM pg_catalog.pg_type JOIN pg_catalog.pg_namespace ON pg_catalog.pg_namespace.oid = pg_catalog.pg_type.typnamespace 
WHERE pg_catalog.pg_type.typname = $1::VARCHAR AND pg_catalog.pg_type_is_visible(pg_catalog.pg_type.oid) AND pg_catalog.pg_namespace.nspname != $2::VARCHAR

2025-12-19 07:15:25 | [32m[1mINFO    [0m | sqlalchemy.engine.Engine | SELECT pg_catalog.pg_type.typname 
FROM pg_catalog.pg_type JOIN pg_catalog.pg_namespace ON pg_catalog.pg_namespace.oid = pg_catalog.pg_type.typnamespace 
WHERE pg_catalog.pg_type.typname = $1::VARCHAR AND pg_catalog.pg_type_is_visible(pg_catalog.pg_type.oid) AND pg_catalog.pg_namespace.nspname != $2::VARCHAR

2025-12-19 07:15:25 | [32m[1mINFO    [0m | sqlalchemy.engine.Engine | SELECT pg_catalog.pg_type.typname 
FROM pg_catalog.pg_type JOIN pg_catalog.pg_namespace ON pg_catalog.pg_namespace.oid = pg_catalog.pg_type.typnamespace 
WHERE pg_catalog.pg_type.typname = $1::VARCHAR AND pg_catalog.pg_type_is_visible(pg_catalog.pg_type.oid) AND pg_catalog.pg_namespace.nspname != $2::VARCHAR

2025-12-19 07:15:25 | [32m[1mINFO    [0m | sqlalchemy.engine.Engine | [cached since 0.01215s ago] ('taskstage', 'pg_catalog')

2025-12-19 07:15:25 | [32m[1mINFO    [0m | sqlalchemy.engine.Engine | [cached since 0.01215s ago] ('taskstage', 'pg_catalog')

2025-12-19 07:15:25 | [32m[1mINFO    [0m | sqlalchemy.engine.Engine | [cached since 0.01215s ago] ('taskstage', 'pg_catalog')

2025-12-19 07:15:25 | [32m[1mINFO    [0m | sqlalchemy.engine.Engine | [cached since 0.01215s ago] ('taskstage', 'pg_catalog')

2025-12-19 07:15:25 | [32m[1mINFO    [0m | sqlalchemy.engine.Engine | COMMIT

2025-12-19 07:15:25 | [32m[1mINFO    [0m | sqlalchemy.engine.Engine | COMMIT

2025-12-19 07:15:25 | [32m[1mINFO    [0m | sqlalchemy.engine.Engine | COMMIT

2025-12-19 07:15:25 | [32m[1mINFO    [0m | sqlalchemy.engine.Engine | COMMIT

2025-12-19 07:15:25 | [32m[1mINFO    [0m | main                 | Database initialized

2025-12-19 07:15:25 | [32m[1mINFO    [0m | main                 | Database initialized

2025-12-19 07:15:25 | [32m[1mINFO    [0m | main                 | Database initialized

2025-12-19 07:15:25 | [32m[1mINFO    [0m | main                 | Database initialized

2025-12-19 07:15:52 | [32m[1mINFO    [0m | argostranslate.utils | ('Looking for cached Spacy xx_sent_ud_sm.',)

2025-12-19 07:16:03 | [32m[1mINFO    [0m | main                 | Incoming request: POST /api/v1/upload

2025-12-19 07:16:03 | [32m[1mINFO    [0m | main                 | Incoming request: POST /api/v1/upload

2025-12-19 07:16:03 | [32m[1mINFO    [0m | main                 | Incoming request: POST /api/v1/upload

2025-12-19 07:16:03 | [32m[1mINFO    [0m | main                 | Incoming request: POST /api/v1/upload

2025-12-19 07:16:03 | [32m[1mINFO    [0m | routes.routes        | Upload request received - filename: test.csv, email: mayur.bodhare@tcs.com

2025-12-19 07:16:03 | [32m[1mINFO    [0m | routes.routes        | Upload request received - filename: test.csv, email: mayur.bodhare@tcs.com

2025-12-19 07:16:03 | [32m[1mINFO    [0m | routes.routes        | Upload request received - filename: test.csv, email: mayur.bodhare@tcs.com

2025-12-19 07:16:03 | [32m[1mINFO    [0m | routes.routes        | Upload request received - filename: test.csv, email: mayur.bodhare@tcs.com

2025-12-19 07:16:03 | [32m[1mINFO    [0m | routes.routes        | Saving file to: uploads/test.csv

2025-12-19 07:16:03 | [32m[1mINFO    [0m | routes.routes        | Saving file to: uploads/test.csv

2025-12-19 07:16:03 | [32m[1mINFO    [0m | routes.routes        | Saving file to: uploads/test.csv

2025-12-19 07:16:03 | [32m[1mINFO    [0m | routes.routes        | Saving file to: uploads/test.csv

2025-12-19 07:16:03 | [32m[1mINFO    [0m | routes.routes        | File saved successfully: uploads/test.csv

2025-12-19 07:16:03 | [32m[1mINFO    [0m | routes.routes        | File saved successfully: uploads/test.csv

2025-12-19 07:16:03 | [32m[1mINFO    [0m | routes.routes        | File saved successfully: uploads/test.csv

2025-12-19 07:16:03 | [32m[1mINFO    [0m | routes.routes        | File saved successfully: uploads/test.csv

2025-12-19 07:16:03 | [32m[1mINFO    [0m | routes.routes        | Validating columns in file: test.csv

2025-12-19 07:16:03 | [32m[1mINFO    [0m | routes.routes        | Validating columns in file: test.csv

2025-12-19 07:16:03 | [32m[1mINFO    [0m | routes.routes        | Validating columns in file: test.csv

2025-12-19 07:16:03 | [32m[1mINFO    [0m | routes.routes        | Validating columns in file: test.csv

2025-12-19 07:16:03 | [32m[1mINFO    [0m | routes.routes        | Column validation passed for file: test.csv

2025-12-19 07:16:03 | [32m[1mINFO    [0m | routes.routes        | Column validation passed for file: test.csv

2025-12-19 07:16:03 | [32m[1mINFO    [0m | routes.routes        | Column validation passed for file: test.csv

2025-12-19 07:16:03 | [32m[1mINFO    [0m | routes.routes        | Column validation passed for file: test.csv

2025-12-19 07:16:03 | [32m[1mINFO    [0m | routes.routes        | Column mapping: {'depute geography': 'depute geography', 'question': 'question', 'answer': 'answer', 'depute branch': 'deEpute Branch', 'depute country': 'deputeCountry', 'depute datacenter': 'depute_data-center'}

2025-12-19 07:16:03 | [32m[1mINFO    [0m | routes.routes        | Column mapping: {'depute geography': 'depute geography', 'question': 'question', 'answer': 'answer', 'depute branch': 'deEpute Branch', 'depute country': 'deputeCountry', 'depute datacenter': 'depute_data-center'}

2025-12-19 07:16:03 | [32m[1mINFO    [0m | routes.routes        | Column mapping: {'depute geography': 'depute geography', 'question': 'question', 'answer': 'answer', 'depute branch': 'deEpute Branch', 'depute country': 'deputeCountry', 'depute datacenter': 'depute_data-center'}

2025-12-19 07:16:03 | [32m[1mINFO    [0m | routes.routes        | Column mapping: {'depute geography': 'depute geography', 'question': 'question', 'answer': 'answer', 'depute branch': 'deEpute Branch', 'depute country': 'deputeCountry', 'depute datacenter': 'depute_data-center'}

2025-12-19 07:16:03 | [32m[1mINFO    [0m | routes.routes        | Saving file with renamed columns to: uploads/61312c84aaaa418f88743260015f7f53.csv

2025-12-19 07:16:03 | [32m[1mINFO    [0m | routes.routes        | Saving file with renamed columns to: uploads/61312c84aaaa418f88743260015f7f53.csv

2025-12-19 07:16:03 | [32m[1mINFO    [0m | routes.routes        | Saving file with renamed columns to: uploads/61312c84aaaa418f88743260015f7f53.csv

2025-12-19 07:16:03 | [32m[1mINFO    [0m | routes.routes        | Saving file with renamed columns to: uploads/61312c84aaaa418f88743260015f7f53.csv

2025-12-19 07:16:03 | [32m[1mINFO    [0m | routes.routes        | File saved with standardized columns: uploads/61312c84aaaa418f88743260015f7f53.csv

2025-12-19 07:16:03 | [32m[1mINFO    [0m | routes.routes        | File saved with standardized columns: uploads/61312c84aaaa418f88743260015f7f53.csv

2025-12-19 07:16:03 | [32m[1mINFO    [0m | routes.routes        | File saved with standardized columns: uploads/61312c84aaaa418f88743260015f7f53.csv

2025-12-19 07:16:03 | [32m[1mINFO    [0m | routes.routes        | File saved with standardized columns: uploads/61312c84aaaa418f88743260015f7f53.csv

2025-12-19 07:16:03 | [32m[1mINFO    [0m | routes.routes        | Enqueueing processing task for file: test.csv

2025-12-19 07:16:03 | [32m[1mINFO    [0m | routes.routes        | Enqueueing processing task for file: test.csv

2025-12-19 07:16:03 | [32m[1mINFO    [0m | routes.routes        | Enqueueing processing task for file: test.csv

2025-12-19 07:16:03 | [32m[1mINFO    [0m | routes.routes        | Enqueueing processing task for file: test.csv

2025-12-19 07:16:03 | [32m[1mINFO    [0m | routes.routes        | Task enqueued successfully - task_id: 473afdc2-56fb-4b0c-81de-13adba68ece2, file: test.csv

2025-12-19 07:16:03 | [32m[1mINFO    [0m | routes.routes        | Task enqueued successfully - task_id: 473afdc2-56fb-4b0c-81de-13adba68ece2, file: test.csv

2025-12-19 07:16:03 | [32m[1mINFO    [0m | routes.routes        | Task enqueued successfully - task_id: 473afdc2-56fb-4b0c-81de-13adba68ece2, file: test.csv

2025-12-19 07:16:03 | [32m[1mINFO    [0m | routes.routes        | Task enqueued successfully - task_id: 473afdc2-56fb-4b0c-81de-13adba68ece2, file: test.csv

2025-12-19 07:16:03 | [32m[1mINFO    [0m | routes.routes        | Creating database record for task_id: 473afdc2-56fb-4b0c-81de-13adba68ece2

2025-12-19 07:16:03 | [32m[1mINFO    [0m | routes.routes        | Creating database record for task_id: 473afdc2-56fb-4b0c-81de-13adba68ece2

2025-12-19 07:16:03 | [32m[1mINFO    [0m | routes.routes        | Creating database record for task_id: 473afdc2-56fb-4b0c-81de-13adba68ece2

2025-12-19 07:16:03 | [32m[1mINFO    [0m | routes.routes        | Creating database record for task_id: 473afdc2-56fb-4b0c-81de-13adba68ece2

2025-12-19 07:16:03 | [32m[1mINFO    [0m | sqlalchemy.engine.Engine | BEGIN (implicit)

2025-12-19 07:16:03 | [32m[1mINFO    [0m | sqlalchemy.engine.Engine | BEGIN (implicit)

2025-12-19 07:16:03 | [32m[1mINFO    [0m | sqlalchemy.engine.Engine | BEGIN (implicit)

2025-12-19 07:16:03 | [32m[1mINFO    [0m | sqlalchemy.engine.Engine | BEGIN (implicit)

2025-12-19 07:16:03 | [32m[1mINFO    [0m | sqlalchemy.engine.Engine | INSERT INTO tasks (job_id, file_id, file_path, email, status, stage, error_message, retry_count, distribution_chart, wordcloud, summary, completed_at) VALUES ($1::VARCHAR, $2::VARCHAR, $3::VARCHAR, $4::VARCHAR, $5::taskstatus, $6::taskstage, $7::VARCHAR, $8::INTEGER, $9::VARCHAR[], $10::VARCHAR[], $11::VARCHAR, $12::TIMESTAMP WITH TIME ZONE) RETURNING tasks.id, tasks.created_at, tasks.updated_at

2025-12-19 07:16:03 | [32m[1mINFO    [0m | sqlalchemy.engine.Engine | INSERT INTO tasks (job_id, file_id, file_path, email, status, stage, error_message, retry_count, distribution_chart, wordcloud, summary, completed_at) VALUES ($1::VARCHAR, $2::VARCHAR, $3::VARCHAR, $4::VARCHAR, $5::taskstatus, $6::taskstage, $7::VARCHAR, $8::INTEGER, $9::VARCHAR[], $10::VARCHAR[], $11::VARCHAR, $12::TIMESTAMP WITH TIME ZONE) RETURNING tasks.id, tasks.created_at, tasks.updated_at

2025-12-19 07:16:03 | [32m[1mINFO    [0m | sqlalchemy.engine.Engine | INSERT INTO tasks (job_id, file_id, file_path, email, status, stage, error_message, retry_count, distribution_chart, wordcloud, summary, completed_at) VALUES ($1::VARCHAR, $2::VARCHAR, $3::VARCHAR, $4::VARCHAR, $5::taskstatus, $6::taskstage, $7::VARCHAR, $8::INTEGER, $9::VARCHAR[], $10::VARCHAR[], $11::VARCHAR, $12::TIMESTAMP WITH TIME ZONE) RETURNING tasks.id, tasks.created_at, tasks.updated_at

2025-12-19 07:16:03 | [32m[1mINFO    [0m | sqlalchemy.engine.Engine | INSERT INTO tasks (job_id, file_id, file_path, email, status, stage, error_message, retry_count, distribution_chart, wordcloud, summary, completed_at) VALUES ($1::VARCHAR, $2::VARCHAR, $3::VARCHAR, $4::VARCHAR, $5::taskstatus, $6::taskstage, $7::VARCHAR, $8::INTEGER, $9::VARCHAR[], $10::VARCHAR[], $11::VARCHAR, $12::TIMESTAMP WITH TIME ZONE) RETURNING tasks.id, tasks.created_at, tasks.updated_at

2025-12-19 07:16:03 | [32m[1mINFO    [0m | sqlalchemy.engine.Engine | [generated in 0.00327s] ('473afdc2-56fb-4b0c-81de-13adba68ece2', '61312c84aaaa418f88743260015f7f53', 'uploads/61312c84aaaa418f88743260015f7f53.csv', 'mayur.bodhare@tcs.com', 'PENDING', 'QUEUE', None, 0, None, None, None, None)

2025-12-19 07:16:03 | [32m[1mINFO    [0m | sqlalchemy.engine.Engine | [generated in 0.00327s] ('473afdc2-56fb-4b0c-81de-13adba68ece2', '61312c84aaaa418f88743260015f7f53', 'uploads/61312c84aaaa418f88743260015f7f53.csv', 'mayur.bodhare@tcs.com', 'PENDING', 'QUEUE', None, 0, None, None, None, None)

2025-12-19 07:16:03 | [32m[1mINFO    [0m | sqlalchemy.engine.Engine | [generated in 0.00327s] ('473afdc2-56fb-4b0c-81de-13adba68ece2', '61312c84aaaa418f88743260015f7f53', 'uploads/61312c84aaaa418f88743260015f7f53.csv', 'mayur.bodhare@tcs.com', 'PENDING', 'QUEUE', None, 0, None, None, None, None)

2025-12-19 07:16:03 | [32m[1mINFO    [0m | sqlalchemy.engine.Engine | [generated in 0.00327s] ('473afdc2-56fb-4b0c-81de-13adba68ece2', '61312c84aaaa418f88743260015f7f53', 'uploads/61312c84aaaa418f88743260015f7f53.csv', 'mayur.bodhare@tcs.com', 'PENDING', 'QUEUE', None, 0, None, None, None, None)

2025-12-19 07:16:03 | [32m[1mINFO    [0m | sqlalchemy.engine.Engine | COMMIT

2025-12-19 07:16:03 | [32m[1mINFO    [0m | sqlalchemy.engine.Engine | COMMIT

2025-12-19 07:16:03 | [32m[1mINFO    [0m | sqlalchemy.engine.Engine | COMMIT

2025-12-19 07:16:03 | [32m[1mINFO    [0m | sqlalchemy.engine.Engine | COMMIT

2025-12-19 07:16:03 | [32m[1mINFO    [0m | sqlalchemy.engine.Engine | BEGIN (implicit)

2025-12-19 07:16:03 | [32m[1mINFO    [0m | sqlalchemy.engine.Engine | BEGIN (implicit)

2025-12-19 07:16:03 | [32m[1mINFO    [0m | sqlalchemy.engine.Engine | BEGIN (implicit)

2025-12-19 07:16:03 | [32m[1mINFO    [0m | sqlalchemy.engine.Engine | BEGIN (implicit)

2025-12-19 07:16:04 | [32m[1mINFO    [0m | sqlalchemy.engine.Engine | SELECT tasks.id, tasks.job_id, tasks.file_id, tasks.file_path, tasks.email, tasks.status, tasks.stage, tasks.error_message, tasks.retry_count, tasks.distribution_chart, tasks.wordcloud, tasks.wordcloud_by_questions, tasks.treemap, tasks.sunburst, tasks.summary, tasks.created_at, tasks.updated_at, tasks.completed_at 
FROM tasks 
WHERE tasks.id = $1::INTEGER

2025-12-19 07:16:04 | [32m[1mINFO    [0m | sqlalchemy.engine.Engine | SELECT tasks.id, tasks.job_id, tasks.file_id, tasks.file_path, tasks.email, tasks.status, tasks.stage, tasks.error_message, tasks.retry_count, tasks.distribution_chart, tasks.wordcloud, tasks.wordcloud_by_questions, tasks.treemap, tasks.sunburst, tasks.summary, tasks.created_at, tasks.updated_at, tasks.completed_at 
FROM tasks 
WHERE tasks.id = $1::INTEGER

2025-12-19 07:16:04 | [32m[1mINFO    [0m | sqlalchemy.engine.Engine | SELECT tasks.id, tasks.job_id, tasks.file_id, tasks.file_path, tasks.email, tasks.status, tasks.stage, tasks.error_message, tasks.retry_count, tasks.distribution_chart, tasks.wordcloud, tasks.wordcloud_by_questions, tasks.treemap, tasks.sunburst, tasks.summary, tasks.created_at, tasks.updated_at, tasks.completed_at 
FROM tasks 
WHERE tasks.id = $1::INTEGER

2025-12-19 07:16:04 | [32m[1mINFO    [0m | sqlalchemy.engine.Engine | SELECT tasks.id, tasks.job_id, tasks.file_id, tasks.file_path, tasks.email, tasks.status, tasks.stage, tasks.error_message, tasks.retry_count, tasks.distribution_chart, tasks.wordcloud, tasks.wordcloud_by_questions, tasks.treemap, tasks.sunburst, tasks.summary, tasks.created_at, tasks.updated_at, tasks.completed_at 
FROM tasks 
WHERE tasks.id = $1::INTEGER

2025-12-19 07:16:04 | [32m[1mINFO    [0m | sqlalchemy.engine.Engine | [generated in 0.00167s] (35,)

2025-12-19 07:16:04 | [32m[1mINFO    [0m | sqlalchemy.engine.Engine | [generated in 0.00167s] (35,)

2025-12-19 07:16:04 | [32m[1mINFO    [0m | sqlalchemy.engine.Engine | [generated in 0.00167s] (35,)

2025-12-19 07:16:04 | [32m[1mINFO    [0m | sqlalchemy.engine.Engine | [generated in 0.00167s] (35,)

2025-12-19 07:16:04 | [32m[1mINFO    [0m | routes.routes        | Database record created successfully for task_id: 473afdc2-56fb-4b0c-81de-13adba68ece2

2025-12-19 07:16:04 | [32m[1mINFO    [0m | routes.routes        | Database record created successfully for task_id: 473afdc2-56fb-4b0c-81de-13adba68ece2

2025-12-19 07:16:04 | [32m[1mINFO    [0m | routes.routes        | Database record created successfully for task_id: 473afdc2-56fb-4b0c-81de-13adba68ece2

2025-12-19 07:16:04 | [32m[1mINFO    [0m | routes.routes        | Database record created successfully for task_id: 473afdc2-56fb-4b0c-81de-13adba68ece2

2025-12-19 07:16:04 | [32m[1mINFO    [0m | routes.routes        | Sending confirmation email to: mayur.bodhare@tcs.com, task_id: 473afdc2-56fb-4b0c-81de-13adba68ece2

2025-12-19 07:16:04 | [32m[1mINFO    [0m | routes.routes        | Sending confirmation email to: mayur.bodhare@tcs.com, task_id: 473afdc2-56fb-4b0c-81de-13adba68ece2

2025-12-19 07:16:04 | [32m[1mINFO    [0m | routes.routes        | Sending confirmation email to: mayur.bodhare@tcs.com, task_id: 473afdc2-56fb-4b0c-81de-13adba68ece2

2025-12-19 07:16:04 | [32m[1mINFO    [0m | routes.routes        | Sending confirmation email to: mayur.bodhare@tcs.com, task_id: 473afdc2-56fb-4b0c-81de-13adba68ece2

2025-12-19 07:16:04 | [32m[1mINFO    [0m | email_sender         | Sending task email to mayur.bodhare@tcs.com for task 473afdc2-56fb-4b0c-81de-13adba68ece2

2025-12-19 07:16:04 | [32m[1mINFO    [0m | email_sender         | Sending task email to mayur.bodhare@tcs.com for task 473afdc2-56fb-4b0c-81de-13adba68ece2

2025-12-19 07:16:04 | [32m[1mINFO    [0m | email_sender         | Sending task email to mayur.bodhare@tcs.com for task 473afdc2-56fb-4b0c-81de-13adba68ece2

2025-12-19 07:16:04 | [32m[1mINFO    [0m | email_sender         | Sending task email to mayur.bodhare@tcs.com for task 473afdc2-56fb-4b0c-81de-13adba68ece2

2025-12-19 07:16:05 | [32m[1mINFO    [0m | httpx                | HTTP Request: POST https://api.brevo.com/v3/smtp/email "HTTP/1.1 201 Created"

2025-12-19 07:16:05 | [32m[1mINFO    [0m | httpx                | HTTP Request: POST https://api.brevo.com/v3/smtp/email "HTTP/1.1 201 Created"

2025-12-19 07:16:05 | [32m[1mINFO    [0m | httpx                | HTTP Request: POST https://api.brevo.com/v3/smtp/email "HTTP/1.1 201 Created"

2025-12-19 07:16:05 | [32m[1mINFO    [0m | httpx                | HTTP Request: POST https://api.brevo.com/v3/smtp/email "HTTP/1.1 201 Created"

2025-12-19 07:16:05 | [32m[1mINFO    [0m | email_sender         | Email with attachment sent successfully to mayur.bodhare@tcs.com

2025-12-19 07:16:05 | [32m[1mINFO    [0m | email_sender         | Email with attachment sent successfully to mayur.bodhare@tcs.com

2025-12-19 07:16:05 | [32m[1mINFO    [0m | email_sender         | Email with attachment sent successfully to mayur.bodhare@tcs.com

2025-12-19 07:16:05 | [32m[1mINFO    [0m | email_sender         | Email with attachment sent successfully to mayur.bodhare@tcs.com

2025-12-19 07:16:05 | [32m[1mINFO    [0m | routes.routes        | Confirmation email sent successfully to: mayur.bodhare@tcs.com

2025-12-19 07:16:05 | [32m[1mINFO    [0m | routes.routes        | Confirmation email sent successfully to: mayur.bodhare@tcs.com

2025-12-19 07:16:05 | [32m[1mINFO    [0m | routes.routes        | Confirmation email sent successfully to: mayur.bodhare@tcs.com

2025-12-19 07:16:05 | [32m[1mINFO    [0m | routes.routes        | Confirmation email sent successfully to: mayur.bodhare@tcs.com

2025-12-19 07:16:05 | [32m[1mINFO    [0m | routes.routes        | Upload process completed successfully - filename: test.csv, task_id: 473afdc2-56fb-4b0c-81de-13adba68ece2, email: mayur.bodhare@tcs.com

2025-12-19 07:16:05 | [32m[1mINFO    [0m | routes.routes        | Upload process completed successfully - filename: test.csv, task_id: 473afdc2-56fb-4b0c-81de-13adba68ece2, email: mayur.bodhare@tcs.com

2025-12-19 07:16:05 | [32m[1mINFO    [0m | routes.routes        | Upload process completed successfully - filename: test.csv, task_id: 473afdc2-56fb-4b0c-81de-13adba68ece2, email: mayur.bodhare@tcs.com

2025-12-19 07:16:05 | [32m[1mINFO    [0m | routes.routes        | Upload process completed successfully - filename: test.csv, task_id: 473afdc2-56fb-4b0c-81de-13adba68ece2, email: mayur.bodhare@tcs.com

2025-12-19 07:16:05 | [32m[1mINFO    [0m | main                 | Request completed: POST /api/v1/upload - Status: 200

2025-12-19 07:16:05 | [32m[1mINFO    [0m | main                 | Request completed: POST /api/v1/upload - Status: 200

2025-12-19 07:16:05 | [32m[1mINFO    [0m | main                 | Request completed: POST /api/v1/upload - Status: 200

2025-12-19 07:16:05 | [32m[1mINFO    [0m | main                 | Request completed: POST /api/v1/upload - Status: 200

2025-12-19 07:16:05 | [32m[1mINFO    [0m | sqlalchemy.engine.Engine | ROLLBACK

2025-12-19 07:16:05 | [32m[1mINFO    [0m | sqlalchemy.engine.Engine | ROLLBACK

2025-12-19 07:16:05 | [32m[1mINFO    [0m | sqlalchemy.engine.Engine | ROLLBACK

2025-12-19 07:16:05 | [32m[1mINFO    [0m | sqlalchemy.engine.Engine | ROLLBACK

2025-12-19 07:18:35 | [32m[1mINFO    [0m | main                 | Incoming request: POST /api/v1/upload

2025-12-19 07:18:35 | [32m[1mINFO    [0m | main                 | Incoming request: POST /api/v1/upload

2025-12-19 07:18:35 | [32m[1mINFO    [0m | main                 | Incoming request: POST /api/v1/upload

2025-12-19 07:18:35 | [32m[1mINFO    [0m | main                 | Incoming request: POST /api/v1/upload

2025-12-19 07:18:35 | [32m[1mINFO    [0m | routes.routes        | Upload request received - filename: 87c0e21efae14e298ee8c0a190322dd4_intent.csv, email: mayur.bodhare@tcs.com

2025-12-19 07:18:35 | [32m[1mINFO    [0m | routes.routes        | Upload request received - filename: 87c0e21efae14e298ee8c0a190322dd4_intent.csv, email: mayur.bodhare@tcs.com

2025-12-19 07:18:35 | [32m[1mINFO    [0m | routes.routes        | Upload request received - filename: 87c0e21efae14e298ee8c0a190322dd4_intent.csv, email: mayur.bodhare@tcs.com

2025-12-19 07:18:35 | [32m[1mINFO    [0m | routes.routes        | Upload request received - filename: 87c0e21efae14e298ee8c0a190322dd4_intent.csv, email: mayur.bodhare@tcs.com

2025-12-19 07:18:35 | [32m[1mINFO    [0m | routes.routes        | Saving file to: uploads/87c0e21efae14e298ee8c0a190322dd4_intent.csv

2025-12-19 07:18:35 | [32m[1mINFO    [0m | routes.routes        | Saving file to: uploads/87c0e21efae14e298ee8c0a190322dd4_intent.csv

2025-12-19 07:18:35 | [32m[1mINFO    [0m | routes.routes        | Saving file to: uploads/87c0e21efae14e298ee8c0a190322dd4_intent.csv

2025-12-19 07:18:35 | [32m[1mINFO    [0m | routes.routes        | Saving file to: uploads/87c0e21efae14e298ee8c0a190322dd4_intent.csv

2025-12-19 07:18:35 | [32m[1mINFO    [0m | routes.routes        | File saved successfully: uploads/87c0e21efae14e298ee8c0a190322dd4_intent.csv

2025-12-19 07:18:35 | [32m[1mINFO    [0m | routes.routes        | File saved successfully: uploads/87c0e21efae14e298ee8c0a190322dd4_intent.csv

2025-12-19 07:18:35 | [32m[1mINFO    [0m | routes.routes        | File saved successfully: uploads/87c0e21efae14e298ee8c0a190322dd4_intent.csv

2025-12-19 07:18:35 | [32m[1mINFO    [0m | routes.routes        | File saved successfully: uploads/87c0e21efae14e298ee8c0a190322dd4_intent.csv

2025-12-19 07:18:35 | [32m[1mINFO    [0m | routes.routes        | Validating columns in file: 87c0e21efae14e298ee8c0a190322dd4_intent.csv

2025-12-19 07:18:35 | [32m[1mINFO    [0m | routes.routes        | Validating columns in file: 87c0e21efae14e298ee8c0a190322dd4_intent.csv

2025-12-19 07:18:35 | [32m[1mINFO    [0m | routes.routes        | Validating columns in file: 87c0e21efae14e298ee8c0a190322dd4_intent.csv

2025-12-19 07:18:35 | [32m[1mINFO    [0m | routes.routes        | Validating columns in file: 87c0e21efae14e298ee8c0a190322dd4_intent.csv

2025-12-19 07:18:35 | [32m[1mINFO    [0m | routes.routes        | Column validation passed for file: 87c0e21efae14e298ee8c0a190322dd4_intent.csv

2025-12-19 07:18:35 | [32m[1mINFO    [0m | routes.routes        | Column validation passed for file: 87c0e21efae14e298ee8c0a190322dd4_intent.csv

2025-12-19 07:18:35 | [32m[1mINFO    [0m | routes.routes        | Column validation passed for file: 87c0e21efae14e298ee8c0a190322dd4_intent.csv

2025-12-19 07:18:35 | [32m[1mINFO    [0m | routes.routes        | Column validation passed for file: 87c0e21efae14e298ee8c0a190322dd4_intent.csv

2025-12-19 07:18:35 | [32m[1mINFO    [0m | routes.routes        | Column mapping: {'depute geography': 'depute geography', 'depute country': 'depute country', 'depute branch': 'depute branch', 'depute datacenter': 'depute datacenter', 'question': 'question', 'answer': 'answer'}

2025-12-19 07:18:35 | [32m[1mINFO    [0m | routes.routes        | Column mapping: {'depute geography': 'depute geography', 'depute country': 'depute country', 'depute branch': 'depute branch', 'depute datacenter': 'depute datacenter', 'question': 'question', 'answer': 'answer'}

2025-12-19 07:18:35 | [32m[1mINFO    [0m | routes.routes        | Column mapping: {'depute geography': 'depute geography', 'depute country': 'depute country', 'depute branch': 'depute branch', 'depute datacenter': 'depute datacenter', 'question': 'question', 'answer': 'answer'}

2025-12-19 07:18:35 | [32m[1mINFO    [0m | routes.routes        | Column mapping: {'depute geography': 'depute geography', 'depute country': 'depute country', 'depute branch': 'depute branch', 'depute datacenter': 'depute datacenter', 'question': 'question', 'answer': 'answer'}

2025-12-19 07:18:35 | [32m[1mINFO    [0m | routes.routes        | Saving file with renamed columns to: uploads/b22e6a6abcd7409fab3c60668500390b.csv

2025-12-19 07:18:35 | [32m[1mINFO    [0m | routes.routes        | Saving file with renamed columns to: uploads/b22e6a6abcd7409fab3c60668500390b.csv

2025-12-19 07:18:35 | [32m[1mINFO    [0m | routes.routes        | Saving file with renamed columns to: uploads/b22e6a6abcd7409fab3c60668500390b.csv

2025-12-19 07:18:35 | [32m[1mINFO    [0m | routes.routes        | Saving file with renamed columns to: uploads/b22e6a6abcd7409fab3c60668500390b.csv

2025-12-19 07:18:35 | [32m[1mINFO    [0m | routes.routes        | File saved with standardized columns: uploads/b22e6a6abcd7409fab3c60668500390b.csv

2025-12-19 07:18:35 | [32m[1mINFO    [0m | routes.routes        | File saved with standardized columns: uploads/b22e6a6abcd7409fab3c60668500390b.csv

2025-12-19 07:18:35 | [32m[1mINFO    [0m | routes.routes        | File saved with standardized columns: uploads/b22e6a6abcd7409fab3c60668500390b.csv

2025-12-19 07:18:35 | [32m[1mINFO    [0m | routes.routes        | File saved with standardized columns: uploads/b22e6a6abcd7409fab3c60668500390b.csv

2025-12-19 07:18:35 | [32m[1mINFO    [0m | routes.routes        | Enqueueing processing task for file: 87c0e21efae14e298ee8c0a190322dd4_intent.csv

2025-12-19 07:18:35 | [32m[1mINFO    [0m | routes.routes        | Enqueueing processing task for file: 87c0e21efae14e298ee8c0a190322dd4_intent.csv

2025-12-19 07:18:35 | [32m[1mINFO    [0m | routes.routes        | Enqueueing processing task for file: 87c0e21efae14e298ee8c0a190322dd4_intent.csv

2025-12-19 07:18:35 | [32m[1mINFO    [0m | routes.routes        | Enqueueing processing task for file: 87c0e21efae14e298ee8c0a190322dd4_intent.csv

2025-12-19 07:18:35 | [32m[1mINFO    [0m | routes.routes        | Task enqueued successfully - task_id: dc327141-8d78-4ef1-9dd1-87206b9d5d90, file: 87c0e21efae14e298ee8c0a190322dd4_intent.csv

2025-12-19 07:18:35 | [32m[1mINFO    [0m | routes.routes        | Task enqueued successfully - task_id: dc327141-8d78-4ef1-9dd1-87206b9d5d90, file: 87c0e21efae14e298ee8c0a190322dd4_intent.csv

2025-12-19 07:18:35 | [32m[1mINFO    [0m | routes.routes        | Task enqueued successfully - task_id: dc327141-8d78-4ef1-9dd1-87206b9d5d90, file: 87c0e21efae14e298ee8c0a190322dd4_intent.csv

2025-12-19 07:18:35 | [32m[1mINFO    [0m | routes.routes        | Task enqueued successfully - task_id: dc327141-8d78-4ef1-9dd1-87206b9d5d90, file: 87c0e21efae14e298ee8c0a190322dd4_intent.csv

2025-12-19 07:18:35 | [32m[1mINFO    [0m | routes.routes        | Creating database record for task_id: dc327141-8d78-4ef1-9dd1-87206b9d5d90

2025-12-19 07:18:35 | [32m[1mINFO    [0m | routes.routes        | Creating database record for task_id: dc327141-8d78-4ef1-9dd1-87206b9d5d90

2025-12-19 07:18:35 | [32m[1mINFO    [0m | routes.routes        | Creating database record for task_id: dc327141-8d78-4ef1-9dd1-87206b9d5d90

2025-12-19 07:18:35 | [32m[1mINFO    [0m | routes.routes        | Creating database record for task_id: dc327141-8d78-4ef1-9dd1-87206b9d5d90

2025-12-19 07:18:35 | [32m[1mINFO    [0m | sqlalchemy.engine.Engine | BEGIN (implicit)

2025-12-19 07:18:35 | [32m[1mINFO    [0m | sqlalchemy.engine.Engine | BEGIN (implicit)

2025-12-19 07:18:35 | [32m[1mINFO    [0m | sqlalchemy.engine.Engine | BEGIN (implicit)

2025-12-19 07:18:35 | [32m[1mINFO    [0m | sqlalchemy.engine.Engine | BEGIN (implicit)

2025-12-19 07:18:35 | [32m[1mINFO    [0m | sqlalchemy.engine.Engine | INSERT INTO tasks (job_id, file_id, file_path, email, status, stage, error_message, retry_count, distribution_chart, wordcloud, summary, completed_at) VALUES ($1::VARCHAR, $2::VARCHAR, $3::VARCHAR, $4::VARCHAR, $5::taskstatus, $6::taskstage, $7::VARCHAR, $8::INTEGER, $9::VARCHAR[], $10::VARCHAR[], $11::VARCHAR, $12::TIMESTAMP WITH TIME ZONE) RETURNING tasks.id, tasks.created_at, tasks.updated_at

2025-12-19 07:18:35 | [32m[1mINFO    [0m | sqlalchemy.engine.Engine | INSERT INTO tasks (job_id, file_id, file_path, email, status, stage, error_message, retry_count, distribution_chart, wordcloud, summary, completed_at) VALUES ($1::VARCHAR, $2::VARCHAR, $3::VARCHAR, $4::VARCHAR, $5::taskstatus, $6::taskstage, $7::VARCHAR, $8::INTEGER, $9::VARCHAR[], $10::VARCHAR[], $11::VARCHAR, $12::TIMESTAMP WITH TIME ZONE) RETURNING tasks.id, tasks.created_at, tasks.updated_at

2025-12-19 07:18:35 | [32m[1mINFO    [0m | sqlalchemy.engine.Engine | INSERT INTO tasks (job_id, file_id, file_path, email, status, stage, error_message, retry_count, distribution_chart, wordcloud, summary, completed_at) VALUES ($1::VARCHAR, $2::VARCHAR, $3::VARCHAR, $4::VARCHAR, $5::taskstatus, $6::taskstage, $7::VARCHAR, $8::INTEGER, $9::VARCHAR[], $10::VARCHAR[], $11::VARCHAR, $12::TIMESTAMP WITH TIME ZONE) RETURNING tasks.id, tasks.created_at, tasks.updated_at

2025-12-19 07:18:35 | [32m[1mINFO    [0m | sqlalchemy.engine.Engine | INSERT INTO tasks (job_id, file_id, file_path, email, status, stage, error_message, retry_count, distribution_chart, wordcloud, summary, completed_at) VALUES ($1::VARCHAR, $2::VARCHAR, $3::VARCHAR, $4::VARCHAR, $5::taskstatus, $6::taskstage, $7::VARCHAR, $8::INTEGER, $9::VARCHAR[], $10::VARCHAR[], $11::VARCHAR, $12::TIMESTAMP WITH TIME ZONE) RETURNING tasks.id, tasks.created_at, tasks.updated_at

2025-12-19 07:18:35 | [32m[1mINFO    [0m | sqlalchemy.engine.Engine | [cached since 151.5s ago] ('dc327141-8d78-4ef1-9dd1-87206b9d5d90', 'b22e6a6abcd7409fab3c60668500390b', 'uploads/b22e6a6abcd7409fab3c60668500390b.csv', 'mayur.bodhare@tcs.com', 'PENDING', 'QUEUE', None, 0, None, None, None, None)

2025-12-19 07:18:35 | [32m[1mINFO    [0m | sqlalchemy.engine.Engine | [cached since 151.5s ago] ('dc327141-8d78-4ef1-9dd1-87206b9d5d90', 'b22e6a6abcd7409fab3c60668500390b', 'uploads/b22e6a6abcd7409fab3c60668500390b.csv', 'mayur.bodhare@tcs.com', 'PENDING', 'QUEUE', None, 0, None, None, None, None)

2025-12-19 07:18:35 | [32m[1mINFO    [0m | sqlalchemy.engine.Engine | [cached since 151.5s ago] ('dc327141-8d78-4ef1-9dd1-87206b9d5d90', 'b22e6a6abcd7409fab3c60668500390b', 'uploads/b22e6a6abcd7409fab3c60668500390b.csv', 'mayur.bodhare@tcs.com', 'PENDING', 'QUEUE', None, 0, None, None, None, None)

2025-12-19 07:18:35 | [32m[1mINFO    [0m | sqlalchemy.engine.Engine | [cached since 151.5s ago] ('dc327141-8d78-4ef1-9dd1-87206b9d5d90', 'b22e6a6abcd7409fab3c60668500390b', 'uploads/b22e6a6abcd7409fab3c60668500390b.csv', 'mayur.bodhare@tcs.com', 'PENDING', 'QUEUE', None, 0, None, None, None, None)

2025-12-19 07:18:35 | [32m[1mINFO    [0m | sqlalchemy.engine.Engine | COMMIT

2025-12-19 07:18:35 | [32m[1mINFO    [0m | sqlalchemy.engine.Engine | COMMIT

2025-12-19 07:18:35 | [32m[1mINFO    [0m | sqlalchemy.engine.Engine | COMMIT

2025-12-19 07:18:35 | [32m[1mINFO    [0m | sqlalchemy.engine.Engine | COMMIT

2025-12-19 07:18:35 | [32m[1mINFO    [0m | sqlalchemy.engine.Engine | BEGIN (implicit)

2025-12-19 07:18:35 | [32m[1mINFO    [0m | sqlalchemy.engine.Engine | BEGIN (implicit)

2025-12-19 07:18:35 | [32m[1mINFO    [0m | sqlalchemy.engine.Engine | BEGIN (implicit)

2025-12-19 07:18:35 | [32m[1mINFO    [0m | sqlalchemy.engine.Engine | BEGIN (implicit)

2025-12-19 07:18:35 | [32m[1mINFO    [0m | sqlalchemy.engine.Engine | SELECT tasks.id, tasks.job_id, tasks.file_id, tasks.file_path, tasks.email, tasks.status, tasks.stage, tasks.error_message, tasks.retry_count, tasks.distribution_chart, tasks.wordcloud, tasks.wordcloud_by_questions, tasks.treemap, tasks.sunburst, tasks.summary, tasks.created_at, tasks.updated_at, tasks.completed_at 
FROM tasks 
WHERE tasks.id = $1::INTEGER

2025-12-19 07:18:35 | [32m[1mINFO    [0m | sqlalchemy.engine.Engine | SELECT tasks.id, tasks.job_id, tasks.file_id, tasks.file_path, tasks.email, tasks.status, tasks.stage, tasks.error_message, tasks.retry_count, tasks.distribution_chart, tasks.wordcloud, tasks.wordcloud_by_questions, tasks.treemap, tasks.sunburst, tasks.summary, tasks.created_at, tasks.updated_at, tasks.completed_at 
FROM tasks 
WHERE tasks.id = $1::INTEGER

2025-12-19 07:18:35 | [32m[1mINFO    [0m | sqlalchemy.engine.Engine | SELECT tasks.id, tasks.job_id, tasks.file_id, tasks.file_path, tasks.email, tasks.status, tasks.stage, tasks.error_message, tasks.retry_count, tasks.distribution_chart, tasks.wordcloud, tasks.wordcloud_by_questions, tasks.treemap, tasks.sunburst, tasks.summary, tasks.created_at, tasks.updated_at, tasks.completed_at 
FROM tasks 
WHERE tasks.id = $1::INTEGER

2025-12-19 07:18:35 | [32m[1mINFO    [0m | sqlalchemy.engine.Engine | SELECT tasks.id, tasks.job_id, tasks.file_id, tasks.file_path, tasks.email, tasks.status, tasks.stage, tasks.error_message, tasks.retry_count, tasks.distribution_chart, tasks.wordcloud, tasks.wordcloud_by_questions, tasks.treemap, tasks.sunburst, tasks.summary, tasks.created_at, tasks.updated_at, tasks.completed_at 
FROM tasks 
WHERE tasks.id = $1::INTEGER

2025-12-19 07:18:35 | [32m[1mINFO    [0m | sqlalchemy.engine.Engine | [cached since 151.4s ago] (36,)

2025-12-19 07:18:35 | [32m[1mINFO    [0m | sqlalchemy.engine.Engine | [cached since 151.4s ago] (36,)

2025-12-19 07:18:35 | [32m[1mINFO    [0m | sqlalchemy.engine.Engine | [cached since 151.4s ago] (36,)

2025-12-19 07:18:35 | [32m[1mINFO    [0m | sqlalchemy.engine.Engine | [cached since 151.4s ago] (36,)

2025-12-19 07:18:35 | [32m[1mINFO    [0m | routes.routes        | Database record created successfully for task_id: dc327141-8d78-4ef1-9dd1-87206b9d5d90

2025-12-19 07:18:35 | [32m[1mINFO    [0m | routes.routes        | Database record created successfully for task_id: dc327141-8d78-4ef1-9dd1-87206b9d5d90

2025-12-19 07:18:35 | [32m[1mINFO    [0m | routes.routes        | Database record created successfully for task_id: dc327141-8d78-4ef1-9dd1-87206b9d5d90

2025-12-19 07:18:35 | [32m[1mINFO    [0m | routes.routes        | Database record created successfully for task_id: dc327141-8d78-4ef1-9dd1-87206b9d5d90

2025-12-19 07:18:35 | [32m[1mINFO    [0m | routes.routes        | Sending confirmation email to: mayur.bodhare@tcs.com, task_id: dc327141-8d78-4ef1-9dd1-87206b9d5d90

2025-12-19 07:18:35 | [32m[1mINFO    [0m | routes.routes        | Sending confirmation email to: mayur.bodhare@tcs.com, task_id: dc327141-8d78-4ef1-9dd1-87206b9d5d90

2025-12-19 07:18:35 | [32m[1mINFO    [0m | routes.routes        | Sending confirmation email to: mayur.bodhare@tcs.com, task_id: dc327141-8d78-4ef1-9dd1-87206b9d5d90

2025-12-19 07:18:35 | [32m[1mINFO    [0m | routes.routes        | Sending confirmation email to: mayur.bodhare@tcs.com, task_id: dc327141-8d78-4ef1-9dd1-87206b9d5d90

2025-12-19 07:18:35 | [32m[1mINFO    [0m | email_sender         | Sending task email to mayur.bodhare@tcs.com for task dc327141-8d78-4ef1-9dd1-87206b9d5d90

2025-12-19 07:18:35 | [32m[1mINFO    [0m | email_sender         | Sending task email to mayur.bodhare@tcs.com for task dc327141-8d78-4ef1-9dd1-87206b9d5d90

2025-12-19 07:18:35 | [32m[1mINFO    [0m | email_sender         | Sending task email to mayur.bodhare@tcs.com for task dc327141-8d78-4ef1-9dd1-87206b9d5d90

2025-12-19 07:18:35 | [32m[1mINFO    [0m | email_sender         | Sending task email to mayur.bodhare@tcs.com for task dc327141-8d78-4ef1-9dd1-87206b9d5d90

2025-12-19 07:18:37 | [32m[1mINFO    [0m | httpx                | HTTP Request: POST https://api.brevo.com/v3/smtp/email "HTTP/1.1 201 Created"

2025-12-19 07:18:37 | [32m[1mINFO    [0m | httpx                | HTTP Request: POST https://api.brevo.com/v3/smtp/email "HTTP/1.1 201 Created"

2025-12-19 07:18:37 | [32m[1mINFO    [0m | httpx                | HTTP Request: POST https://api.brevo.com/v3/smtp/email "HTTP/1.1 201 Created"

2025-12-19 07:18:37 | [32m[1mINFO    [0m | httpx                | HTTP Request: POST https://api.brevo.com/v3/smtp/email "HTTP/1.1 201 Created"

2025-12-19 07:18:37 | [32m[1mINFO    [0m | email_sender         | Email with attachment sent successfully to mayur.bodhare@tcs.com

2025-12-19 07:18:37 | [32m[1mINFO    [0m | email_sender         | Email with attachment sent successfully to mayur.bodhare@tcs.com

2025-12-19 07:18:37 | [32m[1mINFO    [0m | email_sender         | Email with attachment sent successfully to mayur.bodhare@tcs.com

2025-12-19 07:18:37 | [32m[1mINFO    [0m | email_sender         | Email with attachment sent successfully to mayur.bodhare@tcs.com

2025-12-19 07:18:37 | [32m[1mINFO    [0m | routes.routes        | Confirmation email sent successfully to: mayur.bodhare@tcs.com

2025-12-19 07:18:37 | [32m[1mINFO    [0m | routes.routes        | Confirmation email sent successfully to: mayur.bodhare@tcs.com

2025-12-19 07:18:37 | [32m[1mINFO    [0m | routes.routes        | Confirmation email sent successfully to: mayur.bodhare@tcs.com

2025-12-19 07:18:37 | [32m[1mINFO    [0m | routes.routes        | Confirmation email sent successfully to: mayur.bodhare@tcs.com

2025-12-19 07:18:37 | [32m[1mINFO    [0m | routes.routes        | Upload process completed successfully - filename: 87c0e21efae14e298ee8c0a190322dd4_intent.csv, task_id: dc327141-8d78-4ef1-9dd1-87206b9d5d90, email: mayur.bodhare@tcs.com

2025-12-19 07:18:37 | [32m[1mINFO    [0m | routes.routes        | Upload process completed successfully - filename: 87c0e21efae14e298ee8c0a190322dd4_intent.csv, task_id: dc327141-8d78-4ef1-9dd1-87206b9d5d90, email: mayur.bodhare@tcs.com

2025-12-19 07:18:37 | [32m[1mINFO    [0m | routes.routes        | Upload process completed successfully - filename: 87c0e21efae14e298ee8c0a190322dd4_intent.csv, task_id: dc327141-8d78-4ef1-9dd1-87206b9d5d90, email: mayur.bodhare@tcs.com

2025-12-19 07:18:37 | [32m[1mINFO    [0m | routes.routes        | Upload process completed successfully - filename: 87c0e21efae14e298ee8c0a190322dd4_intent.csv, task_id: dc327141-8d78-4ef1-9dd1-87206b9d5d90, email: mayur.bodhare@tcs.com

2025-12-19 07:18:37 | [32m[1mINFO    [0m | main                 | Request completed: POST /api/v1/upload - Status: 200

2025-12-19 07:18:37 | [32m[1mINFO    [0m | main                 | Request completed: POST /api/v1/upload - Status: 200

2025-12-19 07:18:37 | [32m[1mINFO    [0m | main                 | Request completed: POST /api/v1/upload - Status: 200

2025-12-19 07:18:37 | [32m[1mINFO    [0m | main                 | Request completed: POST /api/v1/upload - Status: 200

2025-12-19 07:18:37 | [32m[1mINFO    [0m | sqlalchemy.engine.Engine | ROLLBACK

2025-12-19 07:18:37 | [32m[1mINFO    [0m | sqlalchemy.engine.Engine | ROLLBACK

2025-12-19 07:18:37 | [32m[1mINFO    [0m | sqlalchemy.engine.Engine | ROLLBACK

2025-12-19 07:18:37 | [32m[1mINFO    [0m | sqlalchemy.engine.Engine | ROLLBACK

2025-12-19 07:21:48 | [32m[1mINFO    [0m | main                 | Closing database

2025-12-19 07:21:48 | [32m[1mINFO    [0m | main                 | Closing database

2025-12-19 07:21:48 | [32m[1mINFO    [0m | main                 | Closing database

2025-12-19 07:21:48 | [32m[1mINFO    [0m | main                 | Closing database

2025-12-19 07:21:48 | [32m[1mINFO    [0m | main                 | Database closed

2025-12-19 07:21:48 | [32m[1mINFO    [0m | main                 | Database closed

2025-12-19 07:21:48 | [32m[1mINFO    [0m | main                 | Database closed

2025-12-19 07:21:48 | [32m[1mINFO    [0m | main                 | Database closed

2025-12-19 07:21:48 | [32m[1mINFO    [0m | main                 | Shutting down application

2025-12-19 07:21:48 | [32m[1mINFO    [0m | main                 | Shutting down application

2025-12-19 07:21:48 | [32m[1mINFO    [0m | main                 | Shutting down application

2025-12-19 07:21:48 | [32m[1mINFO    [0m | main                 | Shutting down application

2025-12-19 07:22:11 | [32m[1mINFO    [0m | argostranslate.utils | ('Looking for cached Spacy xx_sent_ud_sm.',)

2025-12-19 07:22:11 | [32m[1mINFO    [0m | main                 | API routes registered at /api/v1

2025-12-19 07:22:11 | [32m[1mINFO    [0m | main                 | API routes registered at /api/v1

2025-12-19 07:22:11 | [32m[1mINFO    [0m | main                 | API routes registered at /api/v1

2025-12-19 07:22:11 | [32m[1mINFO    [0m | main                 | API routes registered at /api/v1

2025-12-19 07:22:11 | [32m[1mINFO    [0m | main                 | Starting Background Jobs Feedback Analyzer FastAPI Backend

2025-12-19 07:22:11 | [32m[1mINFO    [0m | main                 | Starting Background Jobs Feedback Analyzer FastAPI Backend

2025-12-19 07:22:11 | [32m[1mINFO    [0m | main                 | Starting Background Jobs Feedback Analyzer FastAPI Backend

2025-12-19 07:22:11 | [32m[1mINFO    [0m | main                 | Starting Background Jobs Feedback Analyzer FastAPI Backend

2025-12-19 07:22:11 | [32m[1mINFO    [0m | main                 | Environment: development

2025-12-19 07:22:11 | [32m[1mINFO    [0m | main                 | Environment: development

2025-12-19 07:22:11 | [32m[1mINFO    [0m | main                 | Environment: development

2025-12-19 07:22:11 | [32m[1mINFO    [0m | main                 | Environment: development

2025-12-19 07:22:11 | [32m[1mINFO    [0m | main                 | Allowed origins: ['*']

2025-12-19 07:22:11 | [32m[1mINFO    [0m | main                 | Allowed origins: ['*']

2025-12-19 07:22:11 | [32m[1mINFO    [0m | main                 | Allowed origins: ['*']

2025-12-19 07:22:11 | [32m[1mINFO    [0m | main                 | Allowed origins: ['*']

2025-12-19 07:22:11 | [32m[1mINFO    [0m | main                 | Application started

2025-12-19 07:22:11 | [32m[1mINFO    [0m | main                 | Application started

2025-12-19 07:22:11 | [32m[1mINFO    [0m | main                 | Application started

2025-12-19 07:22:11 | [32m[1mINFO    [0m | main                 | Application started

2025-12-19 07:22:11 | [32m[1mINFO    [0m | main                 | Initializing database

2025-12-19 07:22:11 | [32m[1mINFO    [0m | main                 | Initializing database

2025-12-19 07:22:11 | [32m[1mINFO    [0m | main                 | Initializing database

2025-12-19 07:22:11 | [32m[1mINFO    [0m | main                 | Initializing database

2025-12-19 07:22:11 | [32m[1mINFO    [0m | sqlalchemy.engine.Engine | select pg_catalog.version()

2025-12-19 07:22:11 | [32m[1mINFO    [0m | sqlalchemy.engine.Engine | select pg_catalog.version()

2025-12-19 07:22:11 | [32m[1mINFO    [0m | sqlalchemy.engine.Engine | select pg_catalog.version()

2025-12-19 07:22:11 | [32m[1mINFO    [0m | sqlalchemy.engine.Engine | select pg_catalog.version()

2025-12-19 07:22:11 | [32m[1mINFO    [0m | sqlalchemy.engine.Engine | [raw sql] ()

2025-12-19 07:22:11 | [32m[1mINFO    [0m | sqlalchemy.engine.Engine | [raw sql] ()

2025-12-19 07:22:11 | [32m[1mINFO    [0m | sqlalchemy.engine.Engine | [raw sql] ()

2025-12-19 07:22:11 | [32m[1mINFO    [0m | sqlalchemy.engine.Engine | [raw sql] ()

2025-12-19 07:22:11 | [32m[1mINFO    [0m | sqlalchemy.engine.Engine | select current_schema()

2025-12-19 07:22:11 | [32m[1mINFO    [0m | sqlalchemy.engine.Engine | select current_schema()

2025-12-19 07:22:11 | [32m[1mINFO    [0m | sqlalchemy.engine.Engine | select current_schema()

2025-12-19 07:22:11 | [32m[1mINFO    [0m | sqlalchemy.engine.Engine | select current_schema()

2025-12-19 07:22:11 | [32m[1mINFO    [0m | sqlalchemy.engine.Engine | [raw sql] ()

2025-12-19 07:22:11 | [32m[1mINFO    [0m | sqlalchemy.engine.Engine | [raw sql] ()

2025-12-19 07:22:11 | [32m[1mINFO    [0m | sqlalchemy.engine.Engine | [raw sql] ()

2025-12-19 07:22:11 | [32m[1mINFO    [0m | sqlalchemy.engine.Engine | [raw sql] ()

2025-12-19 07:22:11 | [32m[1mINFO    [0m | sqlalchemy.engine.Engine | show standard_conforming_strings

2025-12-19 07:22:11 | [32m[1mINFO    [0m | sqlalchemy.engine.Engine | show standard_conforming_strings

2025-12-19 07:22:11 | [32m[1mINFO    [0m | sqlalchemy.engine.Engine | show standard_conforming_strings

2025-12-19 07:22:11 | [32m[1mINFO    [0m | sqlalchemy.engine.Engine | show standard_conforming_strings

2025-12-19 07:22:11 | [32m[1mINFO    [0m | sqlalchemy.engine.Engine | [raw sql] ()

2025-12-19 07:22:11 | [32m[1mINFO    [0m | sqlalchemy.engine.Engine | [raw sql] ()

2025-12-19 07:22:11 | [32m[1mINFO    [0m | sqlalchemy.engine.Engine | [raw sql] ()

2025-12-19 07:22:11 | [32m[1mINFO    [0m | sqlalchemy.engine.Engine | [raw sql] ()

2025-12-19 07:22:11 | [32m[1mINFO    [0m | sqlalchemy.engine.Engine | BEGIN (implicit)

2025-12-19 07:22:11 | [32m[1mINFO    [0m | sqlalchemy.engine.Engine | BEGIN (implicit)

2025-12-19 07:22:11 | [32m[1mINFO    [0m | sqlalchemy.engine.Engine | BEGIN (implicit)

2025-12-19 07:22:11 | [32m[1mINFO    [0m | sqlalchemy.engine.Engine | BEGIN (implicit)

2025-12-19 07:22:11 | [32m[1mINFO    [0m | sqlalchemy.engine.Engine | SELECT pg_catalog.pg_class.relname 
FROM pg_catalog.pg_class JOIN pg_catalog.pg_namespace ON pg_catalog.pg_namespace.oid = pg_catalog.pg_class.relnamespace 
WHERE pg_catalog.pg_class.relname = $1::VARCHAR AND pg_catalog.pg_class.relkind = ANY (ARRAY[$2::VARCHAR, $3::VARCHAR, $4::VARCHAR, $5::VARCHAR, $6::VARCHAR]) AND pg_catalog.pg_table_is_visible(pg_catalog.pg_class.oid) AND pg_catalog.pg_namespace.nspname != $7::VARCHAR

2025-12-19 07:22:11 | [32m[1mINFO    [0m | sqlalchemy.engine.Engine | SELECT pg_catalog.pg_class.relname 
FROM pg_catalog.pg_class JOIN pg_catalog.pg_namespace ON pg_catalog.pg_namespace.oid = pg_catalog.pg_class.relnamespace 
WHERE pg_catalog.pg_class.relname = $1::VARCHAR AND pg_catalog.pg_class.relkind = ANY (ARRAY[$2::VARCHAR, $3::VARCHAR, $4::VARCHAR, $5::VARCHAR, $6::VARCHAR]) AND pg_catalog.pg_table_is_visible(pg_catalog.pg_class.oid) AND pg_catalog.pg_namespace.nspname != $7::VARCHAR

2025-12-19 07:22:11 | [32m[1mINFO    [0m | sqlalchemy.engine.Engine | SELECT pg_catalog.pg_class.relname 
FROM pg_catalog.pg_class JOIN pg_catalog.pg_namespace ON pg_catalog.pg_namespace.oid = pg_catalog.pg_class.relnamespace 
WHERE pg_catalog.pg_class.relname = $1::VARCHAR AND pg_catalog.pg_class.relkind = ANY (ARRAY[$2::VARCHAR, $3::VARCHAR, $4::VARCHAR, $5::VARCHAR, $6::VARCHAR]) AND pg_catalog.pg_table_is_visible(pg_catalog.pg_class.oid) AND pg_catalog.pg_namespace.nspname != $7::VARCHAR

2025-12-19 07:22:11 | [32m[1mINFO    [0m | sqlalchemy.engine.Engine | SELECT pg_catalog.pg_class.relname 
FROM pg_catalog.pg_class JOIN pg_catalog.pg_namespace ON pg_catalog.pg_namespace.oid = pg_catalog.pg_class.relnamespace 
WHERE pg_catalog.pg_class.relname = $1::VARCHAR AND pg_catalog.pg_class.relkind = ANY (ARRAY[$2::VARCHAR, $3::VARCHAR, $4::VARCHAR, $5::VARCHAR, $6::VARCHAR]) AND pg_catalog.pg_table_is_visible(pg_catalog.pg_class.oid) AND pg_catalog.pg_namespace.nspname != $7::VARCHAR

2025-12-19 07:22:11 | [32m[1mINFO    [0m | sqlalchemy.engine.Engine | [generated in 0.03164s] ('tasks', 'r', 'p', 'f', 'v', 'm', 'pg_catalog')

2025-12-19 07:22:11 | [32m[1mINFO    [0m | sqlalchemy.engine.Engine | [generated in 0.03164s] ('tasks', 'r', 'p', 'f', 'v', 'm', 'pg_catalog')

2025-12-19 07:22:11 | [32m[1mINFO    [0m | sqlalchemy.engine.Engine | [generated in 0.03164s] ('tasks', 'r', 'p', 'f', 'v', 'm', 'pg_catalog')

2025-12-19 07:22:11 | [32m[1mINFO    [0m | sqlalchemy.engine.Engine | [generated in 0.03164s] ('tasks', 'r', 'p', 'f', 'v', 'm', 'pg_catalog')

2025-12-19 07:22:11 | [32m[1mINFO    [0m | sqlalchemy.engine.Engine | SELECT pg_catalog.pg_type.typname 
FROM pg_catalog.pg_type JOIN pg_catalog.pg_namespace ON pg_catalog.pg_namespace.oid = pg_catalog.pg_type.typnamespace 
WHERE pg_catalog.pg_type.typname = $1::VARCHAR AND pg_catalog.pg_type_is_visible(pg_catalog.pg_type.oid) AND pg_catalog.pg_namespace.nspname != $2::VARCHAR

2025-12-19 07:22:11 | [32m[1mINFO    [0m | sqlalchemy.engine.Engine | SELECT pg_catalog.pg_type.typname 
FROM pg_catalog.pg_type JOIN pg_catalog.pg_namespace ON pg_catalog.pg_namespace.oid = pg_catalog.pg_type.typnamespace 
WHERE pg_catalog.pg_type.typname = $1::VARCHAR AND pg_catalog.pg_type_is_visible(pg_catalog.pg_type.oid) AND pg_catalog.pg_namespace.nspname != $2::VARCHAR

2025-12-19 07:22:11 | [32m[1mINFO    [0m | sqlalchemy.engine.Engine | SELECT pg_catalog.pg_type.typname 
FROM pg_catalog.pg_type JOIN pg_catalog.pg_namespace ON pg_catalog.pg_namespace.oid = pg_catalog.pg_type.typnamespace 
WHERE pg_catalog.pg_type.typname = $1::VARCHAR AND pg_catalog.pg_type_is_visible(pg_catalog.pg_type.oid) AND pg_catalog.pg_namespace.nspname != $2::VARCHAR

2025-12-19 07:22:11 | [32m[1mINFO    [0m | sqlalchemy.engine.Engine | SELECT pg_catalog.pg_type.typname 
FROM pg_catalog.pg_type JOIN pg_catalog.pg_namespace ON pg_catalog.pg_namespace.oid = pg_catalog.pg_type.typnamespace 
WHERE pg_catalog.pg_type.typname = $1::VARCHAR AND pg_catalog.pg_type_is_visible(pg_catalog.pg_type.oid) AND pg_catalog.pg_namespace.nspname != $2::VARCHAR

2025-12-19 07:22:11 | [32m[1mINFO    [0m | sqlalchemy.engine.Engine | [generated in 0.00325s] ('taskstatus', 'pg_catalog')

2025-12-19 07:22:11 | [32m[1mINFO    [0m | sqlalchemy.engine.Engine | [generated in 0.00325s] ('taskstatus', 'pg_catalog')

2025-12-19 07:22:11 | [32m[1mINFO    [0m | sqlalchemy.engine.Engine | [generated in 0.00325s] ('taskstatus', 'pg_catalog')

2025-12-19 07:22:11 | [32m[1mINFO    [0m | sqlalchemy.engine.Engine | [generated in 0.00325s] ('taskstatus', 'pg_catalog')

2025-12-19 07:22:11 | [32m[1mINFO    [0m | sqlalchemy.engine.Engine | SELECT pg_catalog.pg_type.typname 
FROM pg_catalog.pg_type JOIN pg_catalog.pg_namespace ON pg_catalog.pg_namespace.oid = pg_catalog.pg_type.typnamespace 
WHERE pg_catalog.pg_type.typname = $1::VARCHAR AND pg_catalog.pg_type_is_visible(pg_catalog.pg_type.oid) AND pg_catalog.pg_namespace.nspname != $2::VARCHAR

2025-12-19 07:22:11 | [32m[1mINFO    [0m | sqlalchemy.engine.Engine | SELECT pg_catalog.pg_type.typname 
FROM pg_catalog.pg_type JOIN pg_catalog.pg_namespace ON pg_catalog.pg_namespace.oid = pg_catalog.pg_type.typnamespace 
WHERE pg_catalog.pg_type.typname = $1::VARCHAR AND pg_catalog.pg_type_is_visible(pg_catalog.pg_type.oid) AND pg_catalog.pg_namespace.nspname != $2::VARCHAR

2025-12-19 07:22:11 | [32m[1mINFO    [0m | sqlalchemy.engine.Engine | SELECT pg_catalog.pg_type.typname 
FROM pg_catalog.pg_type JOIN pg_catalog.pg_namespace ON pg_catalog.pg_namespace.oid = pg_catalog.pg_type.typnamespace 
WHERE pg_catalog.pg_type.typname = $1::VARCHAR AND pg_catalog.pg_type_is_visible(pg_catalog.pg_type.oid) AND pg_catalog.pg_namespace.nspname != $2::VARCHAR

2025-12-19 07:22:11 | [32m[1mINFO    [0m | sqlalchemy.engine.Engine | SELECT pg_catalog.pg_type.typname 
FROM pg_catalog.pg_type JOIN pg_catalog.pg_namespace ON pg_catalog.pg_namespace.oid = pg_catalog.pg_type.typnamespace 
WHERE pg_catalog.pg_type.typname = $1::VARCHAR AND pg_catalog.pg_type_is_visible(pg_catalog.pg_type.oid) AND pg_catalog.pg_namespace.nspname != $2::VARCHAR

2025-12-19 07:22:11 | [32m[1mINFO    [0m | sqlalchemy.engine.Engine | [cached since 0.01171s ago] ('taskstage', 'pg_catalog')

2025-12-19 07:22:11 | [32m[1mINFO    [0m | sqlalchemy.engine.Engine | [cached since 0.01171s ago] ('taskstage', 'pg_catalog')

2025-12-19 07:22:11 | [32m[1mINFO    [0m | sqlalchemy.engine.Engine | [cached since 0.01171s ago] ('taskstage', 'pg_catalog')

2025-12-19 07:22:11 | [32m[1mINFO    [0m | sqlalchemy.engine.Engine | [cached since 0.01171s ago] ('taskstage', 'pg_catalog')

2025-12-19 07:22:11 | [32m[1mINFO    [0m | sqlalchemy.engine.Engine | COMMIT

2025-12-19 07:22:11 | [32m[1mINFO    [0m | sqlalchemy.engine.Engine | COMMIT

2025-12-19 07:22:11 | [32m[1mINFO    [0m | sqlalchemy.engine.Engine | COMMIT

2025-12-19 07:22:11 | [32m[1mINFO    [0m | sqlalchemy.engine.Engine | COMMIT

2025-12-19 07:22:11 | [32m[1mINFO    [0m | main                 | Database initialized

2025-12-19 07:22:11 | [32m[1mINFO    [0m | main                 | Database initialized

2025-12-19 07:22:11 | [32m[1mINFO    [0m | main                 | Database initialized

2025-12-19 07:22:11 | [32m[1mINFO    [0m | main                 | Database initialized

2025-12-19 07:23:45 | [32m[1mINFO    [0m | main                 | Closing database

2025-12-19 07:23:45 | [32m[1mINFO    [0m | main                 | Closing database

2025-12-19 07:23:45 | [32m[1mINFO    [0m | main                 | Closing database

2025-12-19 07:23:45 | [32m[1mINFO    [0m | main                 | Closing database

2025-12-19 07:23:45 | [32m[1mINFO    [0m | main                 | Database closed

2025-12-19 07:23:45 | [32m[1mINFO    [0m | main                 | Database closed

2025-12-19 07:23:45 | [32m[1mINFO    [0m | main                 | Database closed

2025-12-19 07:23:45 | [32m[1mINFO    [0m | main                 | Database closed

2025-12-19 07:23:45 | [32m[1mINFO    [0m | main                 | Shutting down application

2025-12-19 07:23:45 | [32m[1mINFO    [0m | main                 | Shutting down application

2025-12-19 07:23:45 | [32m[1mINFO    [0m | main                 | Shutting down application

2025-12-19 07:23:45 | [32m[1mINFO    [0m | main                 | Shutting down application

2025-12-19 07:24:05 | [32m[1mINFO    [0m | argostranslate.utils | ('Looking for cached Spacy xx_sent_ud_sm.',)

2025-12-19 07:24:06 | [32m[1mINFO    [0m | main                 | API routes registered at /api/v1

2025-12-19 07:24:06 | [32m[1mINFO    [0m | main                 | API routes registered at /api/v1

2025-12-19 07:24:06 | [32m[1mINFO    [0m | main                 | API routes registered at /api/v1

2025-12-19 07:24:06 | [32m[1mINFO    [0m | main                 | API routes registered at /api/v1

2025-12-19 07:24:06 | [32m[1mINFO    [0m | main                 | Starting Background Jobs Feedback Analyzer FastAPI Backend

2025-12-19 07:24:06 | [32m[1mINFO    [0m | main                 | Starting Background Jobs Feedback Analyzer FastAPI Backend

2025-12-19 07:24:06 | [32m[1mINFO    [0m | main                 | Starting Background Jobs Feedback Analyzer FastAPI Backend

2025-12-19 07:24:06 | [32m[1mINFO    [0m | main                 | Starting Background Jobs Feedback Analyzer FastAPI Backend

2025-12-19 07:24:06 | [32m[1mINFO    [0m | main                 | Environment: development

2025-12-19 07:24:06 | [32m[1mINFO    [0m | main                 | Environment: development

2025-12-19 07:24:06 | [32m[1mINFO    [0m | main                 | Environment: development

2025-12-19 07:24:06 | [32m[1mINFO    [0m | main                 | Environment: development

2025-12-19 07:24:06 | [32m[1mINFO    [0m | main                 | Allowed origins: ['*']

2025-12-19 07:24:06 | [32m[1mINFO    [0m | main                 | Allowed origins: ['*']

2025-12-19 07:24:06 | [32m[1mINFO    [0m | main                 | Allowed origins: ['*']

2025-12-19 07:24:06 | [32m[1mINFO    [0m | main                 | Allowed origins: ['*']

2025-12-19 07:24:06 | [32m[1mINFO    [0m | main                 | Application started

2025-12-19 07:24:06 | [32m[1mINFO    [0m | main                 | Application started

2025-12-19 07:24:06 | [32m[1mINFO    [0m | main                 | Application started

2025-12-19 07:24:06 | [32m[1mINFO    [0m | main                 | Application started

2025-12-19 07:24:06 | [32m[1mINFO    [0m | main                 | Initializing database

2025-12-19 07:24:06 | [32m[1mINFO    [0m | main                 | Initializing database

2025-12-19 07:24:06 | [32m[1mINFO    [0m | main                 | Initializing database

2025-12-19 07:24:06 | [32m[1mINFO    [0m | main                 | Initializing database

2025-12-19 07:24:06 | [32m[1mINFO    [0m | sqlalchemy.engine.Engine | select pg_catalog.version()

2025-12-19 07:24:06 | [32m[1mINFO    [0m | sqlalchemy.engine.Engine | select pg_catalog.version()

2025-12-19 07:24:06 | [32m[1mINFO    [0m | sqlalchemy.engine.Engine | select pg_catalog.version()

2025-12-19 07:24:06 | [32m[1mINFO    [0m | sqlalchemy.engine.Engine | select pg_catalog.version()

2025-12-19 07:24:06 | [32m[1mINFO    [0m | sqlalchemy.engine.Engine | [raw sql] ()

2025-12-19 07:24:06 | [32m[1mINFO    [0m | sqlalchemy.engine.Engine | [raw sql] ()

2025-12-19 07:24:06 | [32m[1mINFO    [0m | sqlalchemy.engine.Engine | [raw sql] ()

2025-12-19 07:24:06 | [32m[1mINFO    [0m | sqlalchemy.engine.Engine | [raw sql] ()

2025-12-19 07:24:06 | [32m[1mINFO    [0m | sqlalchemy.engine.Engine | select current_schema()

2025-12-19 07:24:06 | [32m[1mINFO    [0m | sqlalchemy.engine.Engine | select current_schema()

2025-12-19 07:24:06 | [32m[1mINFO    [0m | sqlalchemy.engine.Engine | select current_schema()

2025-12-19 07:24:06 | [32m[1mINFO    [0m | sqlalchemy.engine.Engine | select current_schema()

2025-12-19 07:24:06 | [32m[1mINFO    [0m | sqlalchemy.engine.Engine | [raw sql] ()

2025-12-19 07:24:06 | [32m[1mINFO    [0m | sqlalchemy.engine.Engine | [raw sql] ()

2025-12-19 07:24:06 | [32m[1mINFO    [0m | sqlalchemy.engine.Engine | [raw sql] ()

2025-12-19 07:24:06 | [32m[1mINFO    [0m | sqlalchemy.engine.Engine | [raw sql] ()

2025-12-19 07:24:06 | [32m[1mINFO    [0m | sqlalchemy.engine.Engine | show standard_conforming_strings

2025-12-19 07:24:06 | [32m[1mINFO    [0m | sqlalchemy.engine.Engine | show standard_conforming_strings

2025-12-19 07:24:06 | [32m[1mINFO    [0m | sqlalchemy.engine.Engine | show standard_conforming_strings

2025-12-19 07:24:06 | [32m[1mINFO    [0m | sqlalchemy.engine.Engine | show standard_conforming_strings

2025-12-19 07:24:06 | [32m[1mINFO    [0m | sqlalchemy.engine.Engine | [raw sql] ()

2025-12-19 07:24:06 | [32m[1mINFO    [0m | sqlalchemy.engine.Engine | [raw sql] ()

2025-12-19 07:24:06 | [32m[1mINFO    [0m | sqlalchemy.engine.Engine | [raw sql] ()

2025-12-19 07:24:06 | [32m[1mINFO    [0m | sqlalchemy.engine.Engine | [raw sql] ()

2025-12-19 07:24:06 | [32m[1mINFO    [0m | sqlalchemy.engine.Engine | BEGIN (implicit)

2025-12-19 07:24:06 | [32m[1mINFO    [0m | sqlalchemy.engine.Engine | BEGIN (implicit)

2025-12-19 07:24:06 | [32m[1mINFO    [0m | sqlalchemy.engine.Engine | BEGIN (implicit)

2025-12-19 07:24:06 | [32m[1mINFO    [0m | sqlalchemy.engine.Engine | BEGIN (implicit)

2025-12-19 07:24:06 | [32m[1mINFO    [0m | sqlalchemy.engine.Engine | SELECT pg_catalog.pg_class.relname 
FROM pg_catalog.pg_class JOIN pg_catalog.pg_namespace ON pg_catalog.pg_namespace.oid = pg_catalog.pg_class.relnamespace 
WHERE pg_catalog.pg_class.relname = $1::VARCHAR AND pg_catalog.pg_class.relkind = ANY (ARRAY[$2::VARCHAR, $3::VARCHAR, $4::VARCHAR, $5::VARCHAR, $6::VARCHAR]) AND pg_catalog.pg_table_is_visible(pg_catalog.pg_class.oid) AND pg_catalog.pg_namespace.nspname != $7::VARCHAR

2025-12-19 07:24:06 | [32m[1mINFO    [0m | sqlalchemy.engine.Engine | SELECT pg_catalog.pg_class.relname 
FROM pg_catalog.pg_class JOIN pg_catalog.pg_namespace ON pg_catalog.pg_namespace.oid = pg_catalog.pg_class.relnamespace 
WHERE pg_catalog.pg_class.relname = $1::VARCHAR AND pg_catalog.pg_class.relkind = ANY (ARRAY[$2::VARCHAR, $3::VARCHAR, $4::VARCHAR, $5::VARCHAR, $6::VARCHAR]) AND pg_catalog.pg_table_is_visible(pg_catalog.pg_class.oid) AND pg_catalog.pg_namespace.nspname != $7::VARCHAR

2025-12-19 07:24:06 | [32m[1mINFO    [0m | sqlalchemy.engine.Engine | SELECT pg_catalog.pg_class.relname 
FROM pg_catalog.pg_class JOIN pg_catalog.pg_namespace ON pg_catalog.pg_namespace.oid = pg_catalog.pg_class.relnamespace 
WHERE pg_catalog.pg_class.relname = $1::VARCHAR AND pg_catalog.pg_class.relkind = ANY (ARRAY[$2::VARCHAR, $3::VARCHAR, $4::VARCHAR, $5::VARCHAR, $6::VARCHAR]) AND pg_catalog.pg_table_is_visible(pg_catalog.pg_class.oid) AND pg_catalog.pg_namespace.nspname != $7::VARCHAR

2025-12-19 07:24:06 | [32m[1mINFO    [0m | sqlalchemy.engine.Engine | SELECT pg_catalog.pg_class.relname 
FROM pg_catalog.pg_class JOIN pg_catalog.pg_namespace ON pg_catalog.pg_namespace.oid = pg_catalog.pg_class.relnamespace 
WHERE pg_catalog.pg_class.relname = $1::VARCHAR AND pg_catalog.pg_class.relkind = ANY (ARRAY[$2::VARCHAR, $3::VARCHAR, $4::VARCHAR, $5::VARCHAR, $6::VARCHAR]) AND pg_catalog.pg_table_is_visible(pg_catalog.pg_class.oid) AND pg_catalog.pg_namespace.nspname != $7::VARCHAR

2025-12-19 07:24:06 | [32m[1mINFO    [0m | sqlalchemy.engine.Engine | [generated in 0.00206s] ('tasks', 'r', 'p', 'f', 'v', 'm', 'pg_catalog')

2025-12-19 07:24:06 | [32m[1mINFO    [0m | sqlalchemy.engine.Engine | [generated in 0.00206s] ('tasks', 'r', 'p', 'f', 'v', 'm', 'pg_catalog')

2025-12-19 07:24:06 | [32m[1mINFO    [0m | sqlalchemy.engine.Engine | [generated in 0.00206s] ('tasks', 'r', 'p', 'f', 'v', 'm', 'pg_catalog')

2025-12-19 07:24:06 | [32m[1mINFO    [0m | sqlalchemy.engine.Engine | [generated in 0.00206s] ('tasks', 'r', 'p', 'f', 'v', 'm', 'pg_catalog')

2025-12-19 07:24:06 | [32m[1mINFO    [0m | sqlalchemy.engine.Engine | SELECT pg_catalog.pg_type.typname 
FROM pg_catalog.pg_type JOIN pg_catalog.pg_namespace ON pg_catalog.pg_namespace.oid = pg_catalog.pg_type.typnamespace 
WHERE pg_catalog.pg_type.typname = $1::VARCHAR AND pg_catalog.pg_type_is_visible(pg_catalog.pg_type.oid) AND pg_catalog.pg_namespace.nspname != $2::VARCHAR

2025-12-19 07:24:06 | [32m[1mINFO    [0m | sqlalchemy.engine.Engine | SELECT pg_catalog.pg_type.typname 
FROM pg_catalog.pg_type JOIN pg_catalog.pg_namespace ON pg_catalog.pg_namespace.oid = pg_catalog.pg_type.typnamespace 
WHERE pg_catalog.pg_type.typname = $1::VARCHAR AND pg_catalog.pg_type_is_visible(pg_catalog.pg_type.oid) AND pg_catalog.pg_namespace.nspname != $2::VARCHAR

2025-12-19 07:24:06 | [32m[1mINFO    [0m | sqlalchemy.engine.Engine | SELECT pg_catalog.pg_type.typname 
FROM pg_catalog.pg_type JOIN pg_catalog.pg_namespace ON pg_catalog.pg_namespace.oid = pg_catalog.pg_type.typnamespace 
WHERE pg_catalog.pg_type.typname = $1::VARCHAR AND pg_catalog.pg_type_is_visible(pg_catalog.pg_type.oid) AND pg_catalog.pg_namespace.nspname != $2::VARCHAR

2025-12-19 07:24:06 | [32m[1mINFO    [0m | sqlalchemy.engine.Engine | SELECT pg_catalog.pg_type.typname 
FROM pg_catalog.pg_type JOIN pg_catalog.pg_namespace ON pg_catalog.pg_namespace.oid = pg_catalog.pg_type.typnamespace 
WHERE pg_catalog.pg_type.typname = $1::VARCHAR AND pg_catalog.pg_type_is_visible(pg_catalog.pg_type.oid) AND pg_catalog.pg_namespace.nspname != $2::VARCHAR

2025-12-19 07:24:06 | [32m[1mINFO    [0m | sqlalchemy.engine.Engine | [generated in 0.00251s] ('taskstatus', 'pg_catalog')

2025-12-19 07:24:06 | [32m[1mINFO    [0m | sqlalchemy.engine.Engine | [generated in 0.00251s] ('taskstatus', 'pg_catalog')

2025-12-19 07:24:06 | [32m[1mINFO    [0m | sqlalchemy.engine.Engine | [generated in 0.00251s] ('taskstatus', 'pg_catalog')

2025-12-19 07:24:06 | [32m[1mINFO    [0m | sqlalchemy.engine.Engine | [generated in 0.00251s] ('taskstatus', 'pg_catalog')

2025-12-19 07:24:06 | [32m[1mINFO    [0m | sqlalchemy.engine.Engine | SELECT pg_catalog.pg_type.typname 
FROM pg_catalog.pg_type JOIN pg_catalog.pg_namespace ON pg_catalog.pg_namespace.oid = pg_catalog.pg_type.typnamespace 
WHERE pg_catalog.pg_type.typname = $1::VARCHAR AND pg_catalog.pg_type_is_visible(pg_catalog.pg_type.oid) AND pg_catalog.pg_namespace.nspname != $2::VARCHAR

2025-12-19 07:24:06 | [32m[1mINFO    [0m | sqlalchemy.engine.Engine | SELECT pg_catalog.pg_type.typname 
FROM pg_catalog.pg_type JOIN pg_catalog.pg_namespace ON pg_catalog.pg_namespace.oid = pg_catalog.pg_type.typnamespace 
WHERE pg_catalog.pg_type.typname = $1::VARCHAR AND pg_catalog.pg_type_is_visible(pg_catalog.pg_type.oid) AND pg_catalog.pg_namespace.nspname != $2::VARCHAR

2025-12-19 07:24:06 | [32m[1mINFO    [0m | sqlalchemy.engine.Engine | SELECT pg_catalog.pg_type.typname 
FROM pg_catalog.pg_type JOIN pg_catalog.pg_namespace ON pg_catalog.pg_namespace.oid = pg_catalog.pg_type.typnamespace 
WHERE pg_catalog.pg_type.typname = $1::VARCHAR AND pg_catalog.pg_type_is_visible(pg_catalog.pg_type.oid) AND pg_catalog.pg_namespace.nspname != $2::VARCHAR

2025-12-19 07:24:06 | [32m[1mINFO    [0m | sqlalchemy.engine.Engine | SELECT pg_catalog.pg_type.typname 
FROM pg_catalog.pg_type JOIN pg_catalog.pg_namespace ON pg_catalog.pg_namespace.oid = pg_catalog.pg_type.typnamespace 
WHERE pg_catalog.pg_type.typname = $1::VARCHAR AND pg_catalog.pg_type_is_visible(pg_catalog.pg_type.oid) AND pg_catalog.pg_namespace.nspname != $2::VARCHAR

2025-12-19 07:24:06 | [32m[1mINFO    [0m | sqlalchemy.engine.Engine | [cached since 0.01034s ago] ('taskstage', 'pg_catalog')

2025-12-19 07:24:06 | [32m[1mINFO    [0m | sqlalchemy.engine.Engine | [cached since 0.01034s ago] ('taskstage', 'pg_catalog')

2025-12-19 07:24:06 | [32m[1mINFO    [0m | sqlalchemy.engine.Engine | [cached since 0.01034s ago] ('taskstage', 'pg_catalog')

2025-12-19 07:24:06 | [32m[1mINFO    [0m | sqlalchemy.engine.Engine | [cached since 0.01034s ago] ('taskstage', 'pg_catalog')

2025-12-19 07:24:06 | [32m[1mINFO    [0m | sqlalchemy.engine.Engine | COMMIT

2025-12-19 07:24:06 | [32m[1mINFO    [0m | sqlalchemy.engine.Engine | COMMIT

2025-12-19 07:24:06 | [32m[1mINFO    [0m | sqlalchemy.engine.Engine | COMMIT

2025-12-19 07:24:06 | [32m[1mINFO    [0m | sqlalchemy.engine.Engine | COMMIT

2025-12-19 07:24:06 | [32m[1mINFO    [0m | main                 | Database initialized

2025-12-19 07:24:06 | [32m[1mINFO    [0m | main                 | Database initialized

2025-12-19 07:24:06 | [32m[1mINFO    [0m | main                 | Database initialized

2025-12-19 07:24:06 | [32m[1mINFO    [0m | main                 | Database initialized

2025-12-19 07:36:12 | [32m[1mINFO    [0m | main                 | Closing database

2025-12-19 07:36:12 | [32m[1mINFO    [0m | main                 | Closing database

2025-12-19 07:36:12 | [32m[1mINFO    [0m | main                 | Closing database

2025-12-19 07:36:12 | [32m[1mINFO    [0m | main                 | Closing database

2025-12-19 07:36:12 | [32m[1mINFO    [0m | main                 | Database closed

2025-12-19 07:36:12 | [32m[1mINFO    [0m | main                 | Database closed

2025-12-19 07:36:12 | [32m[1mINFO    [0m | main                 | Database closed

2025-12-19 07:36:12 | [32m[1mINFO    [0m | main                 | Database closed

2025-12-19 07:36:12 | [32m[1mINFO    [0m | main                 | Shutting down application

2025-12-19 07:36:12 | [32m[1mINFO    [0m | main                 | Shutting down application

2025-12-19 07:36:12 | [32m[1mINFO    [0m | main                 | Shutting down application

2025-12-19 07:36:12 | [32m[1mINFO    [0m | main                 | Shutting down application

2025-12-19 07:37:26 | [32m[1mINFO    [0m | argostranslate.utils | ('Looking for cached Spacy xx_sent_ud_sm.',)

2025-12-19 07:37:26 | [32m[1mINFO    [0m | main                 | API routes registered at /api/v1

2025-12-19 07:37:26 | [32m[1mINFO    [0m | main                 | API routes registered at /api/v1

2025-12-19 07:37:26 | [32m[1mINFO    [0m | main                 | API routes registered at /api/v1

2025-12-19 07:37:26 | [32m[1mINFO    [0m | main                 | API routes registered at /api/v1

2025-12-19 07:37:26 | [32m[1mINFO    [0m | main                 | Starting Background Jobs Feedback Analyzer FastAPI Backend

2025-12-19 07:37:26 | [32m[1mINFO    [0m | main                 | Starting Background Jobs Feedback Analyzer FastAPI Backend

2025-12-19 07:37:26 | [32m[1mINFO    [0m | main                 | Starting Background Jobs Feedback Analyzer FastAPI Backend

2025-12-19 07:37:26 | [32m[1mINFO    [0m | main                 | Starting Background Jobs Feedback Analyzer FastAPI Backend

2025-12-19 07:37:26 | [32m[1mINFO    [0m | main                 | Environment: development

2025-12-19 07:37:26 | [32m[1mINFO    [0m | main                 | Environment: development

2025-12-19 07:37:26 | [32m[1mINFO    [0m | main                 | Environment: development

2025-12-19 07:37:26 | [32m[1mINFO    [0m | main                 | Environment: development

2025-12-19 07:37:26 | [32m[1mINFO    [0m | main                 | Allowed origins: ['*']

2025-12-19 07:37:26 | [32m[1mINFO    [0m | main                 | Allowed origins: ['*']

2025-12-19 07:37:26 | [32m[1mINFO    [0m | main                 | Allowed origins: ['*']

2025-12-19 07:37:26 | [32m[1mINFO    [0m | main                 | Allowed origins: ['*']

2025-12-19 07:37:26 | [32m[1mINFO    [0m | main                 | Application started

2025-12-19 07:37:26 | [32m[1mINFO    [0m | main                 | Application started

2025-12-19 07:37:26 | [32m[1mINFO    [0m | main                 | Application started

2025-12-19 07:37:26 | [32m[1mINFO    [0m | main                 | Application started

2025-12-19 07:37:26 | [32m[1mINFO    [0m | main                 | Initializing database

2025-12-19 07:37:26 | [32m[1mINFO    [0m | main                 | Initializing database

2025-12-19 07:37:26 | [32m[1mINFO    [0m | main                 | Initializing database

2025-12-19 07:37:26 | [32m[1mINFO    [0m | main                 | Initializing database

2025-12-19 07:37:26 | [32m[1mINFO    [0m | sqlalchemy.engine.Engine | select pg_catalog.version()

2025-12-19 07:37:26 | [32m[1mINFO    [0m | sqlalchemy.engine.Engine | select pg_catalog.version()

2025-12-19 07:37:26 | [32m[1mINFO    [0m | sqlalchemy.engine.Engine | select pg_catalog.version()

2025-12-19 07:37:26 | [32m[1mINFO    [0m | sqlalchemy.engine.Engine | select pg_catalog.version()

2025-12-19 07:37:26 | [32m[1mINFO    [0m | sqlalchemy.engine.Engine | [raw sql] ()

2025-12-19 07:37:26 | [32m[1mINFO    [0m | sqlalchemy.engine.Engine | [raw sql] ()

2025-12-19 07:37:26 | [32m[1mINFO    [0m | sqlalchemy.engine.Engine | [raw sql] ()

2025-12-19 07:37:26 | [32m[1mINFO    [0m | sqlalchemy.engine.Engine | [raw sql] ()

2025-12-19 07:37:26 | [32m[1mINFO    [0m | sqlalchemy.engine.Engine | select current_schema()

2025-12-19 07:37:26 | [32m[1mINFO    [0m | sqlalchemy.engine.Engine | select current_schema()

2025-12-19 07:37:26 | [32m[1mINFO    [0m | sqlalchemy.engine.Engine | select current_schema()

2025-12-19 07:37:26 | [32m[1mINFO    [0m | sqlalchemy.engine.Engine | select current_schema()

2025-12-19 07:37:26 | [32m[1mINFO    [0m | sqlalchemy.engine.Engine | [raw sql] ()

2025-12-19 07:37:26 | [32m[1mINFO    [0m | sqlalchemy.engine.Engine | [raw sql] ()

2025-12-19 07:37:26 | [32m[1mINFO    [0m | sqlalchemy.engine.Engine | [raw sql] ()

2025-12-19 07:37:26 | [32m[1mINFO    [0m | sqlalchemy.engine.Engine | [raw sql] ()

2025-12-19 07:37:26 | [32m[1mINFO    [0m | sqlalchemy.engine.Engine | show standard_conforming_strings

2025-12-19 07:37:26 | [32m[1mINFO    [0m | sqlalchemy.engine.Engine | show standard_conforming_strings

2025-12-19 07:37:26 | [32m[1mINFO    [0m | sqlalchemy.engine.Engine | show standard_conforming_strings

2025-12-19 07:37:26 | [32m[1mINFO    [0m | sqlalchemy.engine.Engine | show standard_conforming_strings

2025-12-19 07:37:26 | [32m[1mINFO    [0m | sqlalchemy.engine.Engine | [raw sql] ()

2025-12-19 07:37:26 | [32m[1mINFO    [0m | sqlalchemy.engine.Engine | [raw sql] ()

2025-12-19 07:37:26 | [32m[1mINFO    [0m | sqlalchemy.engine.Engine | [raw sql] ()

2025-12-19 07:37:26 | [32m[1mINFO    [0m | sqlalchemy.engine.Engine | [raw sql] ()

2025-12-19 07:37:26 | [32m[1mINFO    [0m | sqlalchemy.engine.Engine | BEGIN (implicit)

2025-12-19 07:37:26 | [32m[1mINFO    [0m | sqlalchemy.engine.Engine | BEGIN (implicit)

2025-12-19 07:37:26 | [32m[1mINFO    [0m | sqlalchemy.engine.Engine | BEGIN (implicit)

2025-12-19 07:37:26 | [32m[1mINFO    [0m | sqlalchemy.engine.Engine | BEGIN (implicit)

2025-12-19 07:37:26 | [32m[1mINFO    [0m | sqlalchemy.engine.Engine | SELECT pg_catalog.pg_class.relname 
FROM pg_catalog.pg_class JOIN pg_catalog.pg_namespace ON pg_catalog.pg_namespace.oid = pg_catalog.pg_class.relnamespace 
WHERE pg_catalog.pg_class.relname = $1::VARCHAR AND pg_catalog.pg_class.relkind = ANY (ARRAY[$2::VARCHAR, $3::VARCHAR, $4::VARCHAR, $5::VARCHAR, $6::VARCHAR]) AND pg_catalog.pg_table_is_visible(pg_catalog.pg_class.oid) AND pg_catalog.pg_namespace.nspname != $7::VARCHAR

2025-12-19 07:37:26 | [32m[1mINFO    [0m | sqlalchemy.engine.Engine | SELECT pg_catalog.pg_class.relname 
FROM pg_catalog.pg_class JOIN pg_catalog.pg_namespace ON pg_catalog.pg_namespace.oid = pg_catalog.pg_class.relnamespace 
WHERE pg_catalog.pg_class.relname = $1::VARCHAR AND pg_catalog.pg_class.relkind = ANY (ARRAY[$2::VARCHAR, $3::VARCHAR, $4::VARCHAR, $5::VARCHAR, $6::VARCHAR]) AND pg_catalog.pg_table_is_visible(pg_catalog.pg_class.oid) AND pg_catalog.pg_namespace.nspname != $7::VARCHAR

2025-12-19 07:37:26 | [32m[1mINFO    [0m | sqlalchemy.engine.Engine | SELECT pg_catalog.pg_class.relname 
FROM pg_catalog.pg_class JOIN pg_catalog.pg_namespace ON pg_catalog.pg_namespace.oid = pg_catalog.pg_class.relnamespace 
WHERE pg_catalog.pg_class.relname = $1::VARCHAR AND pg_catalog.pg_class.relkind = ANY (ARRAY[$2::VARCHAR, $3::VARCHAR, $4::VARCHAR, $5::VARCHAR, $6::VARCHAR]) AND pg_catalog.pg_table_is_visible(pg_catalog.pg_class.oid) AND pg_catalog.pg_namespace.nspname != $7::VARCHAR

2025-12-19 07:37:26 | [32m[1mINFO    [0m | sqlalchemy.engine.Engine | SELECT pg_catalog.pg_class.relname 
FROM pg_catalog.pg_class JOIN pg_catalog.pg_namespace ON pg_catalog.pg_namespace.oid = pg_catalog.pg_class.relnamespace 
WHERE pg_catalog.pg_class.relname = $1::VARCHAR AND pg_catalog.pg_class.relkind = ANY (ARRAY[$2::VARCHAR, $3::VARCHAR, $4::VARCHAR, $5::VARCHAR, $6::VARCHAR]) AND pg_catalog.pg_table_is_visible(pg_catalog.pg_class.oid) AND pg_catalog.pg_namespace.nspname != $7::VARCHAR

2025-12-19 07:37:26 | [32m[1mINFO    [0m | sqlalchemy.engine.Engine | [generated in 0.00216s] ('tasks', 'r', 'p', 'f', 'v', 'm', 'pg_catalog')

2025-12-19 07:37:26 | [32m[1mINFO    [0m | sqlalchemy.engine.Engine | [generated in 0.00216s] ('tasks', 'r', 'p', 'f', 'v', 'm', 'pg_catalog')

2025-12-19 07:37:26 | [32m[1mINFO    [0m | sqlalchemy.engine.Engine | [generated in 0.00216s] ('tasks', 'r', 'p', 'f', 'v', 'm', 'pg_catalog')

2025-12-19 07:37:26 | [32m[1mINFO    [0m | sqlalchemy.engine.Engine | [generated in 0.00216s] ('tasks', 'r', 'p', 'f', 'v', 'm', 'pg_catalog')

2025-12-19 07:37:26 | [32m[1mINFO    [0m | sqlalchemy.engine.Engine | SELECT pg_catalog.pg_type.typname 
FROM pg_catalog.pg_type JOIN pg_catalog.pg_namespace ON pg_catalog.pg_namespace.oid = pg_catalog.pg_type.typnamespace 
WHERE pg_catalog.pg_type.typname = $1::VARCHAR AND pg_catalog.pg_type_is_visible(pg_catalog.pg_type.oid) AND pg_catalog.pg_namespace.nspname != $2::VARCHAR

2025-12-19 07:37:26 | [32m[1mINFO    [0m | sqlalchemy.engine.Engine | SELECT pg_catalog.pg_type.typname 
FROM pg_catalog.pg_type JOIN pg_catalog.pg_namespace ON pg_catalog.pg_namespace.oid = pg_catalog.pg_type.typnamespace 
WHERE pg_catalog.pg_type.typname = $1::VARCHAR AND pg_catalog.pg_type_is_visible(pg_catalog.pg_type.oid) AND pg_catalog.pg_namespace.nspname != $2::VARCHAR

2025-12-19 07:37:26 | [32m[1mINFO    [0m | sqlalchemy.engine.Engine | SELECT pg_catalog.pg_type.typname 
FROM pg_catalog.pg_type JOIN pg_catalog.pg_namespace ON pg_catalog.pg_namespace.oid = pg_catalog.pg_type.typnamespace 
WHERE pg_catalog.pg_type.typname = $1::VARCHAR AND pg_catalog.pg_type_is_visible(pg_catalog.pg_type.oid) AND pg_catalog.pg_namespace.nspname != $2::VARCHAR

2025-12-19 07:37:26 | [32m[1mINFO    [0m | sqlalchemy.engine.Engine | SELECT pg_catalog.pg_type.typname 
FROM pg_catalog.pg_type JOIN pg_catalog.pg_namespace ON pg_catalog.pg_namespace.oid = pg_catalog.pg_type.typnamespace 
WHERE pg_catalog.pg_type.typname = $1::VARCHAR AND pg_catalog.pg_type_is_visible(pg_catalog.pg_type.oid) AND pg_catalog.pg_namespace.nspname != $2::VARCHAR

2025-12-19 07:37:26 | [32m[1mINFO    [0m | sqlalchemy.engine.Engine | [generated in 0.00231s] ('taskstatus', 'pg_catalog')

2025-12-19 07:37:26 | [32m[1mINFO    [0m | sqlalchemy.engine.Engine | [generated in 0.00231s] ('taskstatus', 'pg_catalog')

2025-12-19 07:37:26 | [32m[1mINFO    [0m | sqlalchemy.engine.Engine | [generated in 0.00231s] ('taskstatus', 'pg_catalog')

2025-12-19 07:37:26 | [32m[1mINFO    [0m | sqlalchemy.engine.Engine | [generated in 0.00231s] ('taskstatus', 'pg_catalog')

2025-12-19 07:37:26 | [32m[1mINFO    [0m | sqlalchemy.engine.Engine | SELECT pg_catalog.pg_type.typname 
FROM pg_catalog.pg_type JOIN pg_catalog.pg_namespace ON pg_catalog.pg_namespace.oid = pg_catalog.pg_type.typnamespace 
WHERE pg_catalog.pg_type.typname = $1::VARCHAR AND pg_catalog.pg_type_is_visible(pg_catalog.pg_type.oid) AND pg_catalog.pg_namespace.nspname != $2::VARCHAR

2025-12-19 07:37:26 | [32m[1mINFO    [0m | sqlalchemy.engine.Engine | SELECT pg_catalog.pg_type.typname 
FROM pg_catalog.pg_type JOIN pg_catalog.pg_namespace ON pg_catalog.pg_namespace.oid = pg_catalog.pg_type.typnamespace 
WHERE pg_catalog.pg_type.typname = $1::VARCHAR AND pg_catalog.pg_type_is_visible(pg_catalog.pg_type.oid) AND pg_catalog.pg_namespace.nspname != $2::VARCHAR

2025-12-19 07:37:26 | [32m[1mINFO    [0m | sqlalchemy.engine.Engine | SELECT pg_catalog.pg_type.typname 
FROM pg_catalog.pg_type JOIN pg_catalog.pg_namespace ON pg_catalog.pg_namespace.oid = pg_catalog.pg_type.typnamespace 
WHERE pg_catalog.pg_type.typname = $1::VARCHAR AND pg_catalog.pg_type_is_visible(pg_catalog.pg_type.oid) AND pg_catalog.pg_namespace.nspname != $2::VARCHAR

2025-12-19 07:37:26 | [32m[1mINFO    [0m | sqlalchemy.engine.Engine | SELECT pg_catalog.pg_type.typname 
FROM pg_catalog.pg_type JOIN pg_catalog.pg_namespace ON pg_catalog.pg_namespace.oid = pg_catalog.pg_type.typnamespace 
WHERE pg_catalog.pg_type.typname = $1::VARCHAR AND pg_catalog.pg_type_is_visible(pg_catalog.pg_type.oid) AND pg_catalog.pg_namespace.nspname != $2::VARCHAR

2025-12-19 07:37:26 | [32m[1mINFO    [0m | sqlalchemy.engine.Engine | [cached since 0.01035s ago] ('taskstage', 'pg_catalog')

2025-12-19 07:37:26 | [32m[1mINFO    [0m | sqlalchemy.engine.Engine | [cached since 0.01035s ago] ('taskstage', 'pg_catalog')

2025-12-19 07:37:26 | [32m[1mINFO    [0m | sqlalchemy.engine.Engine | [cached since 0.01035s ago] ('taskstage', 'pg_catalog')

2025-12-19 07:37:26 | [32m[1mINFO    [0m | sqlalchemy.engine.Engine | [cached since 0.01035s ago] ('taskstage', 'pg_catalog')

2025-12-19 07:37:26 | [32m[1mINFO    [0m | sqlalchemy.engine.Engine | COMMIT

2025-12-19 07:37:26 | [32m[1mINFO    [0m | sqlalchemy.engine.Engine | COMMIT

2025-12-19 07:37:26 | [32m[1mINFO    [0m | sqlalchemy.engine.Engine | COMMIT

2025-12-19 07:37:26 | [32m[1mINFO    [0m | sqlalchemy.engine.Engine | COMMIT

2025-12-19 07:37:26 | [32m[1mINFO    [0m | main                 | Database initialized

2025-12-19 07:37:26 | [32m[1mINFO    [0m | main                 | Database initialized

2025-12-19 07:37:26 | [32m[1mINFO    [0m | main                 | Database initialized

2025-12-19 07:37:26 | [32m[1mINFO    [0m | main                 | Database initialized

2025-12-19 07:37:30 | [32m[1mINFO    [0m | argostranslate.utils | ('Looking for cached Spacy xx_sent_ud_sm.',)

2025-12-19 07:40:52 | [32m[1mINFO    [0m | argostranslate.utils | ('Looking for cached Spacy xx_sent_ud_sm.',)

2025-12-19 07:41:01 | [32m[1mINFO    [0m | main                 | Incoming request: GET /api/v1/upload

2025-12-19 07:41:01 | [32m[1mINFO    [0m | main                 | Incoming request: GET /api/v1/upload

2025-12-19 07:41:01 | [32m[1mINFO    [0m | main                 | Incoming request: GET /api/v1/upload

2025-12-19 07:41:01 | [32m[1mINFO    [0m | main                 | Incoming request: GET /api/v1/upload

2025-12-19 07:41:01 | [32m[1mINFO    [0m | main                 | Request completed: GET /api/v1/upload - Status: 200

2025-12-19 07:41:01 | [32m[1mINFO    [0m | main                 | Request completed: GET /api/v1/upload - Status: 200

2025-12-19 07:41:01 | [32m[1mINFO    [0m | main                 | Request completed: GET /api/v1/upload - Status: 200

2025-12-19 07:41:01 | [32m[1mINFO    [0m | main                 | Request completed: GET /api/v1/upload - Status: 200

2025-12-19 07:41:10 | [32m[1mINFO    [0m | main                 | Incoming request: POST /api/v1/upload

2025-12-19 07:41:10 | [32m[1mINFO    [0m | main                 | Incoming request: POST /api/v1/upload

2025-12-19 07:41:10 | [32m[1mINFO    [0m | main                 | Incoming request: POST /api/v1/upload

2025-12-19 07:41:10 | [32m[1mINFO    [0m | main                 | Incoming request: POST /api/v1/upload

2025-12-19 07:41:10 | [32m[1mINFO    [0m | routes.routes        | Upload request received - filename: 87c0e21efae14e298ee8c0a190322dd4_intent.csv, email: mayur.bodhare@tcs.com

2025-12-19 07:41:10 | [32m[1mINFO    [0m | routes.routes        | Upload request received - filename: 87c0e21efae14e298ee8c0a190322dd4_intent.csv, email: mayur.bodhare@tcs.com

2025-12-19 07:41:10 | [32m[1mINFO    [0m | routes.routes        | Upload request received - filename: 87c0e21efae14e298ee8c0a190322dd4_intent.csv, email: mayur.bodhare@tcs.com

2025-12-19 07:41:10 | [32m[1mINFO    [0m | routes.routes        | Upload request received - filename: 87c0e21efae14e298ee8c0a190322dd4_intent.csv, email: mayur.bodhare@tcs.com

2025-12-19 07:41:10 | [32m[1mINFO    [0m | routes.routes        | Saving file to: uploads/87c0e21efae14e298ee8c0a190322dd4_intent.csv

2025-12-19 07:41:10 | [32m[1mINFO    [0m | routes.routes        | Saving file to: uploads/87c0e21efae14e298ee8c0a190322dd4_intent.csv

2025-12-19 07:41:10 | [32m[1mINFO    [0m | routes.routes        | Saving file to: uploads/87c0e21efae14e298ee8c0a190322dd4_intent.csv

2025-12-19 07:41:10 | [32m[1mINFO    [0m | routes.routes        | Saving file to: uploads/87c0e21efae14e298ee8c0a190322dd4_intent.csv

2025-12-19 07:41:10 | [32m[1mINFO    [0m | routes.routes        | File saved successfully: uploads/87c0e21efae14e298ee8c0a190322dd4_intent.csv

2025-12-19 07:41:10 | [32m[1mINFO    [0m | routes.routes        | File saved successfully: uploads/87c0e21efae14e298ee8c0a190322dd4_intent.csv

2025-12-19 07:41:10 | [32m[1mINFO    [0m | routes.routes        | File saved successfully: uploads/87c0e21efae14e298ee8c0a190322dd4_intent.csv

2025-12-19 07:41:10 | [32m[1mINFO    [0m | routes.routes        | File saved successfully: uploads/87c0e21efae14e298ee8c0a190322dd4_intent.csv

2025-12-19 07:41:10 | [32m[1mINFO    [0m | routes.routes        | Validating columns in file: 87c0e21efae14e298ee8c0a190322dd4_intent.csv

2025-12-19 07:41:10 | [32m[1mINFO    [0m | routes.routes        | Validating columns in file: 87c0e21efae14e298ee8c0a190322dd4_intent.csv

2025-12-19 07:41:10 | [32m[1mINFO    [0m | routes.routes        | Validating columns in file: 87c0e21efae14e298ee8c0a190322dd4_intent.csv

2025-12-19 07:41:10 | [32m[1mINFO    [0m | routes.routes        | Validating columns in file: 87c0e21efae14e298ee8c0a190322dd4_intent.csv

2025-12-19 07:41:10 | [32m[1mINFO    [0m | routes.routes        | Column validation passed for file: 87c0e21efae14e298ee8c0a190322dd4_intent.csv

2025-12-19 07:41:10 | [32m[1mINFO    [0m | routes.routes        | Column validation passed for file: 87c0e21efae14e298ee8c0a190322dd4_intent.csv

2025-12-19 07:41:10 | [32m[1mINFO    [0m | routes.routes        | Column validation passed for file: 87c0e21efae14e298ee8c0a190322dd4_intent.csv

2025-12-19 07:41:10 | [32m[1mINFO    [0m | routes.routes        | Column validation passed for file: 87c0e21efae14e298ee8c0a190322dd4_intent.csv

2025-12-19 07:41:10 | [32m[1mINFO    [0m | routes.routes        | Column mapping: {'depute geography': 'depute geography', 'depute country': 'depute country', 'depute branch': 'depute branch', 'depute datacenter': 'depute datacenter', 'question': 'question', 'answer': 'answer'}

2025-12-19 07:41:10 | [32m[1mINFO    [0m | routes.routes        | Column mapping: {'depute geography': 'depute geography', 'depute country': 'depute country', 'depute branch': 'depute branch', 'depute datacenter': 'depute datacenter', 'question': 'question', 'answer': 'answer'}

2025-12-19 07:41:10 | [32m[1mINFO    [0m | routes.routes        | Column mapping: {'depute geography': 'depute geography', 'depute country': 'depute country', 'depute branch': 'depute branch', 'depute datacenter': 'depute datacenter', 'question': 'question', 'answer': 'answer'}

2025-12-19 07:41:10 | [32m[1mINFO    [0m | routes.routes        | Column mapping: {'depute geography': 'depute geography', 'depute country': 'depute country', 'depute branch': 'depute branch', 'depute datacenter': 'depute datacenter', 'question': 'question', 'answer': 'answer'}

2025-12-19 07:41:10 | [32m[1mINFO    [0m | routes.routes        | Saving file with renamed columns to: uploads/9bda7819c00d4550b39b0d997fb3c38f.csv

2025-12-19 07:41:10 | [32m[1mINFO    [0m | routes.routes        | Saving file with renamed columns to: uploads/9bda7819c00d4550b39b0d997fb3c38f.csv

2025-12-19 07:41:10 | [32m[1mINFO    [0m | routes.routes        | Saving file with renamed columns to: uploads/9bda7819c00d4550b39b0d997fb3c38f.csv

2025-12-19 07:41:10 | [32m[1mINFO    [0m | routes.routes        | Saving file with renamed columns to: uploads/9bda7819c00d4550b39b0d997fb3c38f.csv

2025-12-19 07:41:10 | [32m[1mINFO    [0m | routes.routes        | File saved with standardized columns: uploads/9bda7819c00d4550b39b0d997fb3c38f.csv

2025-12-19 07:41:10 | [32m[1mINFO    [0m | routes.routes        | File saved with standardized columns: uploads/9bda7819c00d4550b39b0d997fb3c38f.csv

2025-12-19 07:41:10 | [32m[1mINFO    [0m | routes.routes        | File saved with standardized columns: uploads/9bda7819c00d4550b39b0d997fb3c38f.csv

2025-12-19 07:41:10 | [32m[1mINFO    [0m | routes.routes        | File saved with standardized columns: uploads/9bda7819c00d4550b39b0d997fb3c38f.csv

2025-12-19 07:41:10 | [32m[1mINFO    [0m | routes.routes        | Enqueueing processing task for file: 87c0e21efae14e298ee8c0a190322dd4_intent.csv

2025-12-19 07:41:10 | [32m[1mINFO    [0m | routes.routes        | Enqueueing processing task for file: 87c0e21efae14e298ee8c0a190322dd4_intent.csv

2025-12-19 07:41:10 | [32m[1mINFO    [0m | routes.routes        | Enqueueing processing task for file: 87c0e21efae14e298ee8c0a190322dd4_intent.csv

2025-12-19 07:41:10 | [32m[1mINFO    [0m | routes.routes        | Enqueueing processing task for file: 87c0e21efae14e298ee8c0a190322dd4_intent.csv

2025-12-19 07:41:10 | [32m[1mINFO    [0m | routes.routes        | Task enqueued successfully - task_id: c3ce256c-4d1c-4679-912f-c2935bb49786, file: 87c0e21efae14e298ee8c0a190322dd4_intent.csv

2025-12-19 07:41:10 | [32m[1mINFO    [0m | routes.routes        | Task enqueued successfully - task_id: c3ce256c-4d1c-4679-912f-c2935bb49786, file: 87c0e21efae14e298ee8c0a190322dd4_intent.csv

2025-12-19 07:41:10 | [32m[1mINFO    [0m | routes.routes        | Task enqueued successfully - task_id: c3ce256c-4d1c-4679-912f-c2935bb49786, file: 87c0e21efae14e298ee8c0a190322dd4_intent.csv

2025-12-19 07:41:10 | [32m[1mINFO    [0m | routes.routes        | Task enqueued successfully - task_id: c3ce256c-4d1c-4679-912f-c2935bb49786, file: 87c0e21efae14e298ee8c0a190322dd4_intent.csv

2025-12-19 07:41:10 | [32m[1mINFO    [0m | routes.routes        | Creating database record for task_id: c3ce256c-4d1c-4679-912f-c2935bb49786

2025-12-19 07:41:10 | [32m[1mINFO    [0m | routes.routes        | Creating database record for task_id: c3ce256c-4d1c-4679-912f-c2935bb49786

2025-12-19 07:41:10 | [32m[1mINFO    [0m | routes.routes        | Creating database record for task_id: c3ce256c-4d1c-4679-912f-c2935bb49786

2025-12-19 07:41:10 | [32m[1mINFO    [0m | routes.routes        | Creating database record for task_id: c3ce256c-4d1c-4679-912f-c2935bb49786

2025-12-19 07:41:10 | [32m[1mINFO    [0m | sqlalchemy.engine.Engine | BEGIN (implicit)

2025-12-19 07:41:10 | [32m[1mINFO    [0m | sqlalchemy.engine.Engine | BEGIN (implicit)

2025-12-19 07:41:10 | [32m[1mINFO    [0m | sqlalchemy.engine.Engine | BEGIN (implicit)

2025-12-19 07:41:10 | [32m[1mINFO    [0m | sqlalchemy.engine.Engine | BEGIN (implicit)

2025-12-19 07:41:10 | [32m[1mINFO    [0m | sqlalchemy.engine.Engine | INSERT INTO tasks (job_id, file_id, file_path, email, status, stage, error_message, retry_count, distribution_chart, wordcloud, summary, completed_at) VALUES ($1::VARCHAR, $2::VARCHAR, $3::VARCHAR, $4::VARCHAR, $5::taskstatus, $6::taskstage, $7::VARCHAR, $8::INTEGER, $9::VARCHAR[], $10::VARCHAR[], $11::VARCHAR, $12::TIMESTAMP WITH TIME ZONE) RETURNING tasks.id, tasks.created_at, tasks.updated_at

2025-12-19 07:41:10 | [32m[1mINFO    [0m | sqlalchemy.engine.Engine | INSERT INTO tasks (job_id, file_id, file_path, email, status, stage, error_message, retry_count, distribution_chart, wordcloud, summary, completed_at) VALUES ($1::VARCHAR, $2::VARCHAR, $3::VARCHAR, $4::VARCHAR, $5::taskstatus, $6::taskstage, $7::VARCHAR, $8::INTEGER, $9::VARCHAR[], $10::VARCHAR[], $11::VARCHAR, $12::TIMESTAMP WITH TIME ZONE) RETURNING tasks.id, tasks.created_at, tasks.updated_at

2025-12-19 07:41:10 | [32m[1mINFO    [0m | sqlalchemy.engine.Engine | INSERT INTO tasks (job_id, file_id, file_path, email, status, stage, error_message, retry_count, distribution_chart, wordcloud, summary, completed_at) VALUES ($1::VARCHAR, $2::VARCHAR, $3::VARCHAR, $4::VARCHAR, $5::taskstatus, $6::taskstage, $7::VARCHAR, $8::INTEGER, $9::VARCHAR[], $10::VARCHAR[], $11::VARCHAR, $12::TIMESTAMP WITH TIME ZONE) RETURNING tasks.id, tasks.created_at, tasks.updated_at

2025-12-19 07:41:10 | [32m[1mINFO    [0m | sqlalchemy.engine.Engine | INSERT INTO tasks (job_id, file_id, file_path, email, status, stage, error_message, retry_count, distribution_chart, wordcloud, summary, completed_at) VALUES ($1::VARCHAR, $2::VARCHAR, $3::VARCHAR, $4::VARCHAR, $5::taskstatus, $6::taskstage, $7::VARCHAR, $8::INTEGER, $9::VARCHAR[], $10::VARCHAR[], $11::VARCHAR, $12::TIMESTAMP WITH TIME ZONE) RETURNING tasks.id, tasks.created_at, tasks.updated_at

2025-12-19 07:41:10 | [32m[1mINFO    [0m | sqlalchemy.engine.Engine | [generated in 0.01096s] ('c3ce256c-4d1c-4679-912f-c2935bb49786', '9bda7819c00d4550b39b0d997fb3c38f', 'uploads/9bda7819c00d4550b39b0d997fb3c38f.csv', 'mayur.bodhare@tcs.com', 'PENDING', 'QUEUE', None, 0, None, None, None, None)

2025-12-19 07:41:10 | [32m[1mINFO    [0m | sqlalchemy.engine.Engine | [generated in 0.01096s] ('c3ce256c-4d1c-4679-912f-c2935bb49786', '9bda7819c00d4550b39b0d997fb3c38f', 'uploads/9bda7819c00d4550b39b0d997fb3c38f.csv', 'mayur.bodhare@tcs.com', 'PENDING', 'QUEUE', None, 0, None, None, None, None)

2025-12-19 07:41:10 | [32m[1mINFO    [0m | sqlalchemy.engine.Engine | [generated in 0.01096s] ('c3ce256c-4d1c-4679-912f-c2935bb49786', '9bda7819c00d4550b39b0d997fb3c38f', 'uploads/9bda7819c00d4550b39b0d997fb3c38f.csv', 'mayur.bodhare@tcs.com', 'PENDING', 'QUEUE', None, 0, None, None, None, None)

2025-12-19 07:41:10 | [32m[1mINFO    [0m | sqlalchemy.engine.Engine | [generated in 0.01096s] ('c3ce256c-4d1c-4679-912f-c2935bb49786', '9bda7819c00d4550b39b0d997fb3c38f', 'uploads/9bda7819c00d4550b39b0d997fb3c38f.csv', 'mayur.bodhare@tcs.com', 'PENDING', 'QUEUE', None, 0, None, None, None, None)

2025-12-19 07:41:10 | [32m[1mINFO    [0m | sqlalchemy.engine.Engine | COMMIT

2025-12-19 07:41:10 | [32m[1mINFO    [0m | sqlalchemy.engine.Engine | COMMIT

2025-12-19 07:41:10 | [32m[1mINFO    [0m | sqlalchemy.engine.Engine | COMMIT

2025-12-19 07:41:10 | [32m[1mINFO    [0m | sqlalchemy.engine.Engine | COMMIT

2025-12-19 07:41:10 | [32m[1mINFO    [0m | sqlalchemy.engine.Engine | BEGIN (implicit)

2025-12-19 07:41:10 | [32m[1mINFO    [0m | sqlalchemy.engine.Engine | BEGIN (implicit)

2025-12-19 07:41:10 | [32m[1mINFO    [0m | sqlalchemy.engine.Engine | BEGIN (implicit)

2025-12-19 07:41:10 | [32m[1mINFO    [0m | sqlalchemy.engine.Engine | BEGIN (implicit)

2025-12-19 07:41:10 | [32m[1mINFO    [0m | sqlalchemy.engine.Engine | SELECT tasks.id, tasks.job_id, tasks.file_id, tasks.file_path, tasks.email, tasks.status, tasks.stage, tasks.error_message, tasks.retry_count, tasks.distribution_chart, tasks.wordcloud, tasks.wordcloud_by_questions, tasks.treemap, tasks.sunburst, tasks.summary, tasks.created_at, tasks.updated_at, tasks.completed_at 
FROM tasks 
WHERE tasks.id = $1::INTEGER

2025-12-19 07:41:10 | [32m[1mINFO    [0m | sqlalchemy.engine.Engine | SELECT tasks.id, tasks.job_id, tasks.file_id, tasks.file_path, tasks.email, tasks.status, tasks.stage, tasks.error_message, tasks.retry_count, tasks.distribution_chart, tasks.wordcloud, tasks.wordcloud_by_questions, tasks.treemap, tasks.sunburst, tasks.summary, tasks.created_at, tasks.updated_at, tasks.completed_at 
FROM tasks 
WHERE tasks.id = $1::INTEGER

2025-12-19 07:41:10 | [32m[1mINFO    [0m | sqlalchemy.engine.Engine | SELECT tasks.id, tasks.job_id, tasks.file_id, tasks.file_path, tasks.email, tasks.status, tasks.stage, tasks.error_message, tasks.retry_count, tasks.distribution_chart, tasks.wordcloud, tasks.wordcloud_by_questions, tasks.treemap, tasks.sunburst, tasks.summary, tasks.created_at, tasks.updated_at, tasks.completed_at 
FROM tasks 
WHERE tasks.id = $1::INTEGER

2025-12-19 07:41:10 | [32m[1mINFO    [0m | sqlalchemy.engine.Engine | SELECT tasks.id, tasks.job_id, tasks.file_id, tasks.file_path, tasks.email, tasks.status, tasks.stage, tasks.error_message, tasks.retry_count, tasks.distribution_chart, tasks.wordcloud, tasks.wordcloud_by_questions, tasks.treemap, tasks.sunburst, tasks.summary, tasks.created_at, tasks.updated_at, tasks.completed_at 
FROM tasks 
WHERE tasks.id = $1::INTEGER

2025-12-19 07:41:10 | [32m[1mINFO    [0m | sqlalchemy.engine.Engine | [generated in 0.00310s] (37,)

2025-12-19 07:41:10 | [32m[1mINFO    [0m | sqlalchemy.engine.Engine | [generated in 0.00310s] (37,)

2025-12-19 07:41:10 | [32m[1mINFO    [0m | sqlalchemy.engine.Engine | [generated in 0.00310s] (37,)

2025-12-19 07:41:10 | [32m[1mINFO    [0m | sqlalchemy.engine.Engine | [generated in 0.00310s] (37,)

2025-12-19 07:41:10 | [32m[1mINFO    [0m | routes.routes        | Database record created successfully for task_id: c3ce256c-4d1c-4679-912f-c2935bb49786

2025-12-19 07:41:10 | [32m[1mINFO    [0m | routes.routes        | Database record created successfully for task_id: c3ce256c-4d1c-4679-912f-c2935bb49786

2025-12-19 07:41:10 | [32m[1mINFO    [0m | routes.routes        | Database record created successfully for task_id: c3ce256c-4d1c-4679-912f-c2935bb49786

2025-12-19 07:41:10 | [32m[1mINFO    [0m | routes.routes        | Database record created successfully for task_id: c3ce256c-4d1c-4679-912f-c2935bb49786

2025-12-19 07:41:10 | [32m[1mINFO    [0m | routes.routes        | Sending confirmation email to: mayur.bodhare@tcs.com, task_id: c3ce256c-4d1c-4679-912f-c2935bb49786

2025-12-19 07:41:10 | [32m[1mINFO    [0m | routes.routes        | Sending confirmation email to: mayur.bodhare@tcs.com, task_id: c3ce256c-4d1c-4679-912f-c2935bb49786

2025-12-19 07:41:10 | [32m[1mINFO    [0m | routes.routes        | Sending confirmation email to: mayur.bodhare@tcs.com, task_id: c3ce256c-4d1c-4679-912f-c2935bb49786

2025-12-19 07:41:10 | [32m[1mINFO    [0m | routes.routes        | Sending confirmation email to: mayur.bodhare@tcs.com, task_id: c3ce256c-4d1c-4679-912f-c2935bb49786

2025-12-19 07:41:10 | [32m[1mINFO    [0m | email_sender         | Sending task email to mayur.bodhare@tcs.com for task c3ce256c-4d1c-4679-912f-c2935bb49786

2025-12-19 07:41:10 | [32m[1mINFO    [0m | email_sender         | Sending task email to mayur.bodhare@tcs.com for task c3ce256c-4d1c-4679-912f-c2935bb49786

2025-12-19 07:41:10 | [32m[1mINFO    [0m | email_sender         | Sending task email to mayur.bodhare@tcs.com for task c3ce256c-4d1c-4679-912f-c2935bb49786

2025-12-19 07:41:10 | [32m[1mINFO    [0m | email_sender         | Sending task email to mayur.bodhare@tcs.com for task c3ce256c-4d1c-4679-912f-c2935bb49786

2025-12-19 07:41:12 | [32m[1mINFO    [0m | httpx                | HTTP Request: POST https://api.brevo.com/v3/smtp/email "HTTP/1.1 201 Created"

2025-12-19 07:41:12 | [32m[1mINFO    [0m | httpx                | HTTP Request: POST https://api.brevo.com/v3/smtp/email "HTTP/1.1 201 Created"

2025-12-19 07:41:12 | [32m[1mINFO    [0m | httpx                | HTTP Request: POST https://api.brevo.com/v3/smtp/email "HTTP/1.1 201 Created"

2025-12-19 07:41:12 | [32m[1mINFO    [0m | httpx                | HTTP Request: POST https://api.brevo.com/v3/smtp/email "HTTP/1.1 201 Created"

2025-12-19 07:41:12 | [32m[1mINFO    [0m | email_sender         | Email with attachment sent successfully to mayur.bodhare@tcs.com

2025-12-19 07:41:12 | [32m[1mINFO    [0m | email_sender         | Email with attachment sent successfully to mayur.bodhare@tcs.com

2025-12-19 07:41:12 | [32m[1mINFO    [0m | email_sender         | Email with attachment sent successfully to mayur.bodhare@tcs.com

2025-12-19 07:41:12 | [32m[1mINFO    [0m | email_sender         | Email with attachment sent successfully to mayur.bodhare@tcs.com

2025-12-19 07:41:12 | [32m[1mINFO    [0m | routes.routes        | Confirmation email sent successfully to: mayur.bodhare@tcs.com

2025-12-19 07:41:12 | [32m[1mINFO    [0m | routes.routes        | Confirmation email sent successfully to: mayur.bodhare@tcs.com

2025-12-19 07:41:12 | [32m[1mINFO    [0m | routes.routes        | Confirmation email sent successfully to: mayur.bodhare@tcs.com

2025-12-19 07:41:12 | [32m[1mINFO    [0m | routes.routes        | Confirmation email sent successfully to: mayur.bodhare@tcs.com

2025-12-19 07:41:12 | [32m[1mINFO    [0m | routes.routes        | Upload process completed successfully - filename: 87c0e21efae14e298ee8c0a190322dd4_intent.csv, task_id: c3ce256c-4d1c-4679-912f-c2935bb49786, email: mayur.bodhare@tcs.com

2025-12-19 07:41:12 | [32m[1mINFO    [0m | routes.routes        | Upload process completed successfully - filename: 87c0e21efae14e298ee8c0a190322dd4_intent.csv, task_id: c3ce256c-4d1c-4679-912f-c2935bb49786, email: mayur.bodhare@tcs.com

2025-12-19 07:41:12 | [32m[1mINFO    [0m | routes.routes        | Upload process completed successfully - filename: 87c0e21efae14e298ee8c0a190322dd4_intent.csv, task_id: c3ce256c-4d1c-4679-912f-c2935bb49786, email: mayur.bodhare@tcs.com

2025-12-19 07:41:12 | [32m[1mINFO    [0m | routes.routes        | Upload process completed successfully - filename: 87c0e21efae14e298ee8c0a190322dd4_intent.csv, task_id: c3ce256c-4d1c-4679-912f-c2935bb49786, email: mayur.bodhare@tcs.com

2025-12-19 07:41:12 | [32m[1mINFO    [0m | main                 | Request completed: POST /api/v1/upload - Status: 200

2025-12-19 07:41:12 | [32m[1mINFO    [0m | main                 | Request completed: POST /api/v1/upload - Status: 200

2025-12-19 07:41:12 | [32m[1mINFO    [0m | main                 | Request completed: POST /api/v1/upload - Status: 200

2025-12-19 07:41:12 | [32m[1mINFO    [0m | main                 | Request completed: POST /api/v1/upload - Status: 200

2025-12-19 07:41:12 | [32m[1mINFO    [0m | sqlalchemy.engine.Engine | ROLLBACK

2025-12-19 07:41:12 | [32m[1mINFO    [0m | sqlalchemy.engine.Engine | ROLLBACK

2025-12-19 07:41:12 | [32m[1mINFO    [0m | sqlalchemy.engine.Engine | ROLLBACK

2025-12-19 07:41:12 | [32m[1mINFO    [0m | sqlalchemy.engine.Engine | ROLLBACK

2025-12-19 07:44:12 | [32m[1mINFO    [0m | argostranslate.utils | ('Looking for cached Spacy xx_sent_ud_sm.',)

2025-12-19 07:44:20 | [32m[1mINFO    [0m | main                 | Incoming request: POST /api/v1/upload

2025-12-19 07:44:20 | [32m[1mINFO    [0m | main                 | Incoming request: POST /api/v1/upload

2025-12-19 07:44:20 | [32m[1mINFO    [0m | main                 | Incoming request: POST /api/v1/upload

2025-12-19 07:44:20 | [32m[1mINFO    [0m | main                 | Incoming request: POST /api/v1/upload

2025-12-19 07:44:21 | [32m[1mINFO    [0m | routes.routes        | Upload request received - filename: 87c0e21efae14e298ee8c0a190322dd4_intent.csv, email: mayur.bodhare@tcs.com

2025-12-19 07:44:21 | [32m[1mINFO    [0m | routes.routes        | Upload request received - filename: 87c0e21efae14e298ee8c0a190322dd4_intent.csv, email: mayur.bodhare@tcs.com

2025-12-19 07:44:21 | [32m[1mINFO    [0m | routes.routes        | Upload request received - filename: 87c0e21efae14e298ee8c0a190322dd4_intent.csv, email: mayur.bodhare@tcs.com

2025-12-19 07:44:21 | [32m[1mINFO    [0m | routes.routes        | Upload request received - filename: 87c0e21efae14e298ee8c0a190322dd4_intent.csv, email: mayur.bodhare@tcs.com

2025-12-19 07:44:21 | [32m[1mINFO    [0m | routes.routes        | Saving file to: uploads/87c0e21efae14e298ee8c0a190322dd4_intent.csv

2025-12-19 07:44:21 | [32m[1mINFO    [0m | routes.routes        | Saving file to: uploads/87c0e21efae14e298ee8c0a190322dd4_intent.csv

2025-12-19 07:44:21 | [32m[1mINFO    [0m | routes.routes        | Saving file to: uploads/87c0e21efae14e298ee8c0a190322dd4_intent.csv

2025-12-19 07:44:21 | [32m[1mINFO    [0m | routes.routes        | Saving file to: uploads/87c0e21efae14e298ee8c0a190322dd4_intent.csv

2025-12-19 07:44:21 | [32m[1mINFO    [0m | routes.routes        | File saved successfully: uploads/87c0e21efae14e298ee8c0a190322dd4_intent.csv

2025-12-19 07:44:21 | [32m[1mINFO    [0m | routes.routes        | File saved successfully: uploads/87c0e21efae14e298ee8c0a190322dd4_intent.csv

2025-12-19 07:44:21 | [32m[1mINFO    [0m | routes.routes        | File saved successfully: uploads/87c0e21efae14e298ee8c0a190322dd4_intent.csv

2025-12-19 07:44:21 | [32m[1mINFO    [0m | routes.routes        | File saved successfully: uploads/87c0e21efae14e298ee8c0a190322dd4_intent.csv

2025-12-19 07:44:21 | [32m[1mINFO    [0m | routes.routes        | Validating columns in file: 87c0e21efae14e298ee8c0a190322dd4_intent.csv

2025-12-19 07:44:21 | [32m[1mINFO    [0m | routes.routes        | Validating columns in file: 87c0e21efae14e298ee8c0a190322dd4_intent.csv

2025-12-19 07:44:21 | [32m[1mINFO    [0m | routes.routes        | Validating columns in file: 87c0e21efae14e298ee8c0a190322dd4_intent.csv

2025-12-19 07:44:21 | [32m[1mINFO    [0m | routes.routes        | Validating columns in file: 87c0e21efae14e298ee8c0a190322dd4_intent.csv

2025-12-19 07:44:21 | [32m[1mINFO    [0m | routes.routes        | Column validation passed for file: 87c0e21efae14e298ee8c0a190322dd4_intent.csv

2025-12-19 07:44:21 | [32m[1mINFO    [0m | routes.routes        | Column validation passed for file: 87c0e21efae14e298ee8c0a190322dd4_intent.csv

2025-12-19 07:44:21 | [32m[1mINFO    [0m | routes.routes        | Column validation passed for file: 87c0e21efae14e298ee8c0a190322dd4_intent.csv

2025-12-19 07:44:21 | [32m[1mINFO    [0m | routes.routes        | Column validation passed for file: 87c0e21efae14e298ee8c0a190322dd4_intent.csv

2025-12-19 07:44:21 | [32m[1mINFO    [0m | routes.routes        | Column mapping: {'depute geography': 'depute geography', 'depute country': 'depute country', 'depute branch': 'depute branch', 'depute datacenter': 'depute datacenter', 'question': 'question', 'answer': 'answer'}

2025-12-19 07:44:21 | [32m[1mINFO    [0m | routes.routes        | Column mapping: {'depute geography': 'depute geography', 'depute country': 'depute country', 'depute branch': 'depute branch', 'depute datacenter': 'depute datacenter', 'question': 'question', 'answer': 'answer'}

2025-12-19 07:44:21 | [32m[1mINFO    [0m | routes.routes        | Column mapping: {'depute geography': 'depute geography', 'depute country': 'depute country', 'depute branch': 'depute branch', 'depute datacenter': 'depute datacenter', 'question': 'question', 'answer': 'answer'}

2025-12-19 07:44:21 | [32m[1mINFO    [0m | routes.routes        | Column mapping: {'depute geography': 'depute geography', 'depute country': 'depute country', 'depute branch': 'depute branch', 'depute datacenter': 'depute datacenter', 'question': 'question', 'answer': 'answer'}

2025-12-19 07:44:21 | [32m[1mINFO    [0m | routes.routes        | Saving file with renamed columns to: uploads/c176f8a7556e44698936171808a684cc.csv

2025-12-19 07:44:21 | [32m[1mINFO    [0m | routes.routes        | Saving file with renamed columns to: uploads/c176f8a7556e44698936171808a684cc.csv

2025-12-19 07:44:21 | [32m[1mINFO    [0m | routes.routes        | Saving file with renamed columns to: uploads/c176f8a7556e44698936171808a684cc.csv

2025-12-19 07:44:21 | [32m[1mINFO    [0m | routes.routes        | Saving file with renamed columns to: uploads/c176f8a7556e44698936171808a684cc.csv

2025-12-19 07:44:21 | [32m[1mINFO    [0m | routes.routes        | File saved with standardized columns: uploads/c176f8a7556e44698936171808a684cc.csv

2025-12-19 07:44:21 | [32m[1mINFO    [0m | routes.routes        | File saved with standardized columns: uploads/c176f8a7556e44698936171808a684cc.csv

2025-12-19 07:44:21 | [32m[1mINFO    [0m | routes.routes        | File saved with standardized columns: uploads/c176f8a7556e44698936171808a684cc.csv

2025-12-19 07:44:21 | [32m[1mINFO    [0m | routes.routes        | File saved with standardized columns: uploads/c176f8a7556e44698936171808a684cc.csv

2025-12-19 07:44:21 | [32m[1mINFO    [0m | routes.routes        | Enqueueing processing task for file: 87c0e21efae14e298ee8c0a190322dd4_intent.csv

2025-12-19 07:44:21 | [32m[1mINFO    [0m | routes.routes        | Enqueueing processing task for file: 87c0e21efae14e298ee8c0a190322dd4_intent.csv

2025-12-19 07:44:21 | [32m[1mINFO    [0m | routes.routes        | Enqueueing processing task for file: 87c0e21efae14e298ee8c0a190322dd4_intent.csv

2025-12-19 07:44:21 | [32m[1mINFO    [0m | routes.routes        | Enqueueing processing task for file: 87c0e21efae14e298ee8c0a190322dd4_intent.csv

2025-12-19 07:44:21 | [32m[1mINFO    [0m | routes.routes        | Task enqueued successfully - task_id: 37315ed5-e0bc-4e99-a5b1-7db2edcf8b17, file: 87c0e21efae14e298ee8c0a190322dd4_intent.csv

2025-12-19 07:44:21 | [32m[1mINFO    [0m | routes.routes        | Task enqueued successfully - task_id: 37315ed5-e0bc-4e99-a5b1-7db2edcf8b17, file: 87c0e21efae14e298ee8c0a190322dd4_intent.csv

2025-12-19 07:44:21 | [32m[1mINFO    [0m | routes.routes        | Task enqueued successfully - task_id: 37315ed5-e0bc-4e99-a5b1-7db2edcf8b17, file: 87c0e21efae14e298ee8c0a190322dd4_intent.csv

2025-12-19 07:44:21 | [32m[1mINFO    [0m | routes.routes        | Task enqueued successfully - task_id: 37315ed5-e0bc-4e99-a5b1-7db2edcf8b17, file: 87c0e21efae14e298ee8c0a190322dd4_intent.csv

2025-12-19 07:44:21 | [32m[1mINFO    [0m | routes.routes        | Creating database record for task_id: 37315ed5-e0bc-4e99-a5b1-7db2edcf8b17

2025-12-19 07:44:21 | [32m[1mINFO    [0m | routes.routes        | Creating database record for task_id: 37315ed5-e0bc-4e99-a5b1-7db2edcf8b17

2025-12-19 07:44:21 | [32m[1mINFO    [0m | routes.routes        | Creating database record for task_id: 37315ed5-e0bc-4e99-a5b1-7db2edcf8b17

2025-12-19 07:44:21 | [32m[1mINFO    [0m | routes.routes        | Creating database record for task_id: 37315ed5-e0bc-4e99-a5b1-7db2edcf8b17

2025-12-19 07:44:21 | [32m[1mINFO    [0m | sqlalchemy.engine.Engine | BEGIN (implicit)

2025-12-19 07:44:21 | [32m[1mINFO    [0m | sqlalchemy.engine.Engine | BEGIN (implicit)

2025-12-19 07:44:21 | [32m[1mINFO    [0m | sqlalchemy.engine.Engine | BEGIN (implicit)

2025-12-19 07:44:21 | [32m[1mINFO    [0m | sqlalchemy.engine.Engine | BEGIN (implicit)

2025-12-19 07:44:21 | [32m[1mINFO    [0m | sqlalchemy.engine.Engine | INSERT INTO tasks (job_id, file_id, file_path, email, status, stage, error_message, retry_count, distribution_chart, wordcloud, summary, completed_at) VALUES ($1::VARCHAR, $2::VARCHAR, $3::VARCHAR, $4::VARCHAR, $5::taskstatus, $6::taskstage, $7::VARCHAR, $8::INTEGER, $9::VARCHAR[], $10::VARCHAR[], $11::VARCHAR, $12::TIMESTAMP WITH TIME ZONE) RETURNING tasks.id, tasks.created_at, tasks.updated_at

2025-12-19 07:44:21 | [32m[1mINFO    [0m | sqlalchemy.engine.Engine | INSERT INTO tasks (job_id, file_id, file_path, email, status, stage, error_message, retry_count, distribution_chart, wordcloud, summary, completed_at) VALUES ($1::VARCHAR, $2::VARCHAR, $3::VARCHAR, $4::VARCHAR, $5::taskstatus, $6::taskstage, $7::VARCHAR, $8::INTEGER, $9::VARCHAR[], $10::VARCHAR[], $11::VARCHAR, $12::TIMESTAMP WITH TIME ZONE) RETURNING tasks.id, tasks.created_at, tasks.updated_at

2025-12-19 07:44:21 | [32m[1mINFO    [0m | sqlalchemy.engine.Engine | INSERT INTO tasks (job_id, file_id, file_path, email, status, stage, error_message, retry_count, distribution_chart, wordcloud, summary, completed_at) VALUES ($1::VARCHAR, $2::VARCHAR, $3::VARCHAR, $4::VARCHAR, $5::taskstatus, $6::taskstage, $7::VARCHAR, $8::INTEGER, $9::VARCHAR[], $10::VARCHAR[], $11::VARCHAR, $12::TIMESTAMP WITH TIME ZONE) RETURNING tasks.id, tasks.created_at, tasks.updated_at

2025-12-19 07:44:21 | [32m[1mINFO    [0m | sqlalchemy.engine.Engine | INSERT INTO tasks (job_id, file_id, file_path, email, status, stage, error_message, retry_count, distribution_chart, wordcloud, summary, completed_at) VALUES ($1::VARCHAR, $2::VARCHAR, $3::VARCHAR, $4::VARCHAR, $5::taskstatus, $6::taskstage, $7::VARCHAR, $8::INTEGER, $9::VARCHAR[], $10::VARCHAR[], $11::VARCHAR, $12::TIMESTAMP WITH TIME ZONE) RETURNING tasks.id, tasks.created_at, tasks.updated_at

2025-12-19 07:44:21 | [32m[1mINFO    [0m | sqlalchemy.engine.Engine | [cached since 190.7s ago] ('37315ed5-e0bc-4e99-a5b1-7db2edcf8b17', 'c176f8a7556e44698936171808a684cc', 'uploads/c176f8a7556e44698936171808a684cc.csv', 'mayur.bodhare@tcs.com', 'PENDING', 'QUEUE', None, 0, None, None, None, None)

2025-12-19 07:44:21 | [32m[1mINFO    [0m | sqlalchemy.engine.Engine | [cached since 190.7s ago] ('37315ed5-e0bc-4e99-a5b1-7db2edcf8b17', 'c176f8a7556e44698936171808a684cc', 'uploads/c176f8a7556e44698936171808a684cc.csv', 'mayur.bodhare@tcs.com', 'PENDING', 'QUEUE', None, 0, None, None, None, None)

2025-12-19 07:44:21 | [32m[1mINFO    [0m | sqlalchemy.engine.Engine | [cached since 190.7s ago] ('37315ed5-e0bc-4e99-a5b1-7db2edcf8b17', 'c176f8a7556e44698936171808a684cc', 'uploads/c176f8a7556e44698936171808a684cc.csv', 'mayur.bodhare@tcs.com', 'PENDING', 'QUEUE', None, 0, None, None, None, None)

2025-12-19 07:44:21 | [32m[1mINFO    [0m | sqlalchemy.engine.Engine | [cached since 190.7s ago] ('37315ed5-e0bc-4e99-a5b1-7db2edcf8b17', 'c176f8a7556e44698936171808a684cc', 'uploads/c176f8a7556e44698936171808a684cc.csv', 'mayur.bodhare@tcs.com', 'PENDING', 'QUEUE', None, 0, None, None, None, None)

2025-12-19 07:44:21 | [32m[1mINFO    [0m | sqlalchemy.engine.Engine | COMMIT

2025-12-19 07:44:21 | [32m[1mINFO    [0m | sqlalchemy.engine.Engine | COMMIT

2025-12-19 07:44:21 | [32m[1mINFO    [0m | sqlalchemy.engine.Engine | COMMIT

2025-12-19 07:44:21 | [32m[1mINFO    [0m | sqlalchemy.engine.Engine | COMMIT

2025-12-19 07:44:21 | [32m[1mINFO    [0m | sqlalchemy.engine.Engine | BEGIN (implicit)

2025-12-19 07:44:21 | [32m[1mINFO    [0m | sqlalchemy.engine.Engine | BEGIN (implicit)

2025-12-19 07:44:21 | [32m[1mINFO    [0m | sqlalchemy.engine.Engine | BEGIN (implicit)

2025-12-19 07:44:21 | [32m[1mINFO    [0m | sqlalchemy.engine.Engine | BEGIN (implicit)

2025-12-19 07:44:21 | [32m[1mINFO    [0m | sqlalchemy.engine.Engine | SELECT tasks.id, tasks.job_id, tasks.file_id, tasks.file_path, tasks.email, tasks.status, tasks.stage, tasks.error_message, tasks.retry_count, tasks.distribution_chart, tasks.wordcloud, tasks.wordcloud_by_questions, tasks.treemap, tasks.sunburst, tasks.summary, tasks.created_at, tasks.updated_at, tasks.completed_at 
FROM tasks 
WHERE tasks.id = $1::INTEGER

2025-12-19 07:44:21 | [32m[1mINFO    [0m | sqlalchemy.engine.Engine | SELECT tasks.id, tasks.job_id, tasks.file_id, tasks.file_path, tasks.email, tasks.status, tasks.stage, tasks.error_message, tasks.retry_count, tasks.distribution_chart, tasks.wordcloud, tasks.wordcloud_by_questions, tasks.treemap, tasks.sunburst, tasks.summary, tasks.created_at, tasks.updated_at, tasks.completed_at 
FROM tasks 
WHERE tasks.id = $1::INTEGER

2025-12-19 07:44:21 | [32m[1mINFO    [0m | sqlalchemy.engine.Engine | SELECT tasks.id, tasks.job_id, tasks.file_id, tasks.file_path, tasks.email, tasks.status, tasks.stage, tasks.error_message, tasks.retry_count, tasks.distribution_chart, tasks.wordcloud, tasks.wordcloud_by_questions, tasks.treemap, tasks.sunburst, tasks.summary, tasks.created_at, tasks.updated_at, tasks.completed_at 
FROM tasks 
WHERE tasks.id = $1::INTEGER

2025-12-19 07:44:21 | [32m[1mINFO    [0m | sqlalchemy.engine.Engine | SELECT tasks.id, tasks.job_id, tasks.file_id, tasks.file_path, tasks.email, tasks.status, tasks.stage, tasks.error_message, tasks.retry_count, tasks.distribution_chart, tasks.wordcloud, tasks.wordcloud_by_questions, tasks.treemap, tasks.sunburst, tasks.summary, tasks.created_at, tasks.updated_at, tasks.completed_at 
FROM tasks 
WHERE tasks.id = $1::INTEGER

2025-12-19 07:44:21 | [32m[1mINFO    [0m | sqlalchemy.engine.Engine | [cached since 190.6s ago] (38,)

2025-12-19 07:44:21 | [32m[1mINFO    [0m | sqlalchemy.engine.Engine | [cached since 190.6s ago] (38,)

2025-12-19 07:44:21 | [32m[1mINFO    [0m | sqlalchemy.engine.Engine | [cached since 190.6s ago] (38,)

2025-12-19 07:44:21 | [32m[1mINFO    [0m | sqlalchemy.engine.Engine | [cached since 190.6s ago] (38,)

2025-12-19 07:44:21 | [32m[1mINFO    [0m | routes.routes        | Database record created successfully for task_id: 37315ed5-e0bc-4e99-a5b1-7db2edcf8b17

2025-12-19 07:44:21 | [32m[1mINFO    [0m | routes.routes        | Database record created successfully for task_id: 37315ed5-e0bc-4e99-a5b1-7db2edcf8b17

2025-12-19 07:44:21 | [32m[1mINFO    [0m | routes.routes        | Database record created successfully for task_id: 37315ed5-e0bc-4e99-a5b1-7db2edcf8b17

2025-12-19 07:44:21 | [32m[1mINFO    [0m | routes.routes        | Database record created successfully for task_id: 37315ed5-e0bc-4e99-a5b1-7db2edcf8b17

2025-12-19 07:44:21 | [32m[1mINFO    [0m | routes.routes        | Sending confirmation email to: mayur.bodhare@tcs.com, task_id: 37315ed5-e0bc-4e99-a5b1-7db2edcf8b17

2025-12-19 07:44:21 | [32m[1mINFO    [0m | routes.routes        | Sending confirmation email to: mayur.bodhare@tcs.com, task_id: 37315ed5-e0bc-4e99-a5b1-7db2edcf8b17

2025-12-19 07:44:21 | [32m[1mINFO    [0m | routes.routes        | Sending confirmation email to: mayur.bodhare@tcs.com, task_id: 37315ed5-e0bc-4e99-a5b1-7db2edcf8b17

2025-12-19 07:44:21 | [32m[1mINFO    [0m | routes.routes        | Sending confirmation email to: mayur.bodhare@tcs.com, task_id: 37315ed5-e0bc-4e99-a5b1-7db2edcf8b17

2025-12-19 07:44:21 | [32m[1mINFO    [0m | email_sender         | Sending task email to mayur.bodhare@tcs.com for task 37315ed5-e0bc-4e99-a5b1-7db2edcf8b17

2025-12-19 07:44:21 | [32m[1mINFO    [0m | email_sender         | Sending task email to mayur.bodhare@tcs.com for task 37315ed5-e0bc-4e99-a5b1-7db2edcf8b17

2025-12-19 07:44:21 | [32m[1mINFO    [0m | email_sender         | Sending task email to mayur.bodhare@tcs.com for task 37315ed5-e0bc-4e99-a5b1-7db2edcf8b17

2025-12-19 07:44:21 | [32m[1mINFO    [0m | email_sender         | Sending task email to mayur.bodhare@tcs.com for task 37315ed5-e0bc-4e99-a5b1-7db2edcf8b17

2025-12-19 07:44:22 | [32m[1mINFO    [0m | httpx                | HTTP Request: POST https://api.brevo.com/v3/smtp/email "HTTP/1.1 201 Created"

2025-12-19 07:44:22 | [32m[1mINFO    [0m | httpx                | HTTP Request: POST https://api.brevo.com/v3/smtp/email "HTTP/1.1 201 Created"

2025-12-19 07:44:22 | [32m[1mINFO    [0m | httpx                | HTTP Request: POST https://api.brevo.com/v3/smtp/email "HTTP/1.1 201 Created"

2025-12-19 07:44:22 | [32m[1mINFO    [0m | httpx                | HTTP Request: POST https://api.brevo.com/v3/smtp/email "HTTP/1.1 201 Created"

2025-12-19 07:44:22 | [32m[1mINFO    [0m | email_sender         | Email with attachment sent successfully to mayur.bodhare@tcs.com

2025-12-19 07:44:22 | [32m[1mINFO    [0m | email_sender         | Email with attachment sent successfully to mayur.bodhare@tcs.com

2025-12-19 07:44:22 | [32m[1mINFO    [0m | email_sender         | Email with attachment sent successfully to mayur.bodhare@tcs.com

2025-12-19 07:44:22 | [32m[1mINFO    [0m | email_sender         | Email with attachment sent successfully to mayur.bodhare@tcs.com

2025-12-19 07:44:22 | [32m[1mINFO    [0m | routes.routes        | Confirmation email sent successfully to: mayur.bodhare@tcs.com

2025-12-19 07:44:22 | [32m[1mINFO    [0m | routes.routes        | Confirmation email sent successfully to: mayur.bodhare@tcs.com

2025-12-19 07:44:22 | [32m[1mINFO    [0m | routes.routes        | Confirmation email sent successfully to: mayur.bodhare@tcs.com

2025-12-19 07:44:22 | [32m[1mINFO    [0m | routes.routes        | Confirmation email sent successfully to: mayur.bodhare@tcs.com

2025-12-19 07:44:22 | [32m[1mINFO    [0m | routes.routes        | Upload process completed successfully - filename: 87c0e21efae14e298ee8c0a190322dd4_intent.csv, task_id: 37315ed5-e0bc-4e99-a5b1-7db2edcf8b17, email: mayur.bodhare@tcs.com

2025-12-19 07:44:22 | [32m[1mINFO    [0m | routes.routes        | Upload process completed successfully - filename: 87c0e21efae14e298ee8c0a190322dd4_intent.csv, task_id: 37315ed5-e0bc-4e99-a5b1-7db2edcf8b17, email: mayur.bodhare@tcs.com

2025-12-19 07:44:22 | [32m[1mINFO    [0m | routes.routes        | Upload process completed successfully - filename: 87c0e21efae14e298ee8c0a190322dd4_intent.csv, task_id: 37315ed5-e0bc-4e99-a5b1-7db2edcf8b17, email: mayur.bodhare@tcs.com

2025-12-19 07:44:22 | [32m[1mINFO    [0m | routes.routes        | Upload process completed successfully - filename: 87c0e21efae14e298ee8c0a190322dd4_intent.csv, task_id: 37315ed5-e0bc-4e99-a5b1-7db2edcf8b17, email: mayur.bodhare@tcs.com

2025-12-19 07:44:22 | [32m[1mINFO    [0m | main                 | Request completed: POST /api/v1/upload - Status: 200

2025-12-19 07:44:22 | [32m[1mINFO    [0m | main                 | Request completed: POST /api/v1/upload - Status: 200

2025-12-19 07:44:22 | [32m[1mINFO    [0m | main                 | Request completed: POST /api/v1/upload - Status: 200

2025-12-19 07:44:22 | [32m[1mINFO    [0m | main                 | Request completed: POST /api/v1/upload - Status: 200

2025-12-19 07:44:22 | [32m[1mINFO    [0m | sqlalchemy.engine.Engine | ROLLBACK

2025-12-19 07:44:22 | [32m[1mINFO    [0m | sqlalchemy.engine.Engine | ROLLBACK

2025-12-19 07:44:22 | [32m[1mINFO    [0m | sqlalchemy.engine.Engine | ROLLBACK

2025-12-19 07:44:22 | [32m[1mINFO    [0m | sqlalchemy.engine.Engine | ROLLBACK

2025-12-19 07:48:02 | [32m[1mINFO    [0m | main                 | Closing database

2025-12-19 07:48:02 | [32m[1mINFO    [0m | main                 | Closing database

2025-12-19 07:48:02 | [32m[1mINFO    [0m | main                 | Closing database

2025-12-19 07:48:02 | [32m[1mINFO    [0m | main                 | Closing database

2025-12-19 07:48:02 | [32m[1mINFO    [0m | main                 | Database closed

2025-12-19 07:48:02 | [32m[1mINFO    [0m | main                 | Database closed

2025-12-19 07:48:02 | [32m[1mINFO    [0m | main                 | Database closed

2025-12-19 07:48:02 | [32m[1mINFO    [0m | main                 | Database closed

2025-12-19 07:48:02 | [32m[1mINFO    [0m | main                 | Shutting down application

2025-12-19 07:48:02 | [32m[1mINFO    [0m | main                 | Shutting down application

2025-12-19 07:48:02 | [32m[1mINFO    [0m | main                 | Shutting down application

2025-12-19 07:48:02 | [32m[1mINFO    [0m | main                 | Shutting down application

2025-12-19 07:48:19 | [32m[1mINFO    [0m | argostranslate.utils | ('Looking for cached Spacy xx_sent_ud_sm.',)

2025-12-19 07:48:19 | [32m[1mINFO    [0m | main                 | API routes registered at /api/v1

2025-12-19 07:48:19 | [32m[1mINFO    [0m | main                 | API routes registered at /api/v1

2025-12-19 07:48:19 | [32m[1mINFO    [0m | main                 | API routes registered at /api/v1

2025-12-19 07:48:19 | [32m[1mINFO    [0m | main                 | API routes registered at /api/v1

2025-12-19 07:48:19 | [32m[1mINFO    [0m | main                 | Starting Background Jobs Feedback Analyzer FastAPI Backend

2025-12-19 07:48:19 | [32m[1mINFO    [0m | main                 | Starting Background Jobs Feedback Analyzer FastAPI Backend

2025-12-19 07:48:19 | [32m[1mINFO    [0m | main                 | Starting Background Jobs Feedback Analyzer FastAPI Backend

2025-12-19 07:48:19 | [32m[1mINFO    [0m | main                 | Starting Background Jobs Feedback Analyzer FastAPI Backend

2025-12-19 07:48:19 | [32m[1mINFO    [0m | main                 | Environment: development

2025-12-19 07:48:19 | [32m[1mINFO    [0m | main                 | Environment: development

2025-12-19 07:48:19 | [32m[1mINFO    [0m | main                 | Environment: development

2025-12-19 07:48:19 | [32m[1mINFO    [0m | main                 | Environment: development

2025-12-19 07:48:19 | [32m[1mINFO    [0m | main                 | Allowed origins: ['*']

2025-12-19 07:48:19 | [32m[1mINFO    [0m | main                 | Allowed origins: ['*']

2025-12-19 07:48:19 | [32m[1mINFO    [0m | main                 | Allowed origins: ['*']

2025-12-19 07:48:19 | [32m[1mINFO    [0m | main                 | Allowed origins: ['*']

2025-12-19 07:48:19 | [32m[1mINFO    [0m | main                 | Application started

2025-12-19 07:48:19 | [32m[1mINFO    [0m | main                 | Application started

2025-12-19 07:48:19 | [32m[1mINFO    [0m | main                 | Application started

2025-12-19 07:48:19 | [32m[1mINFO    [0m | main                 | Application started

2025-12-19 07:48:19 | [32m[1mINFO    [0m | main                 | Initializing database

2025-12-19 07:48:19 | [32m[1mINFO    [0m | main                 | Initializing database

2025-12-19 07:48:19 | [32m[1mINFO    [0m | main                 | Initializing database

2025-12-19 07:48:19 | [32m[1mINFO    [0m | main                 | Initializing database

2025-12-19 07:48:19 | [32m[1mINFO    [0m | sqlalchemy.engine.Engine | select pg_catalog.version()

2025-12-19 07:48:19 | [32m[1mINFO    [0m | sqlalchemy.engine.Engine | select pg_catalog.version()

2025-12-19 07:48:19 | [32m[1mINFO    [0m | sqlalchemy.engine.Engine | select pg_catalog.version()

2025-12-19 07:48:19 | [32m[1mINFO    [0m | sqlalchemy.engine.Engine | select pg_catalog.version()

2025-12-19 07:48:19 | [32m[1mINFO    [0m | sqlalchemy.engine.Engine | [raw sql] ()

2025-12-19 07:48:19 | [32m[1mINFO    [0m | sqlalchemy.engine.Engine | [raw sql] ()

2025-12-19 07:48:19 | [32m[1mINFO    [0m | sqlalchemy.engine.Engine | [raw sql] ()

2025-12-19 07:48:19 | [32m[1mINFO    [0m | sqlalchemy.engine.Engine | [raw sql] ()

2025-12-19 07:48:19 | [32m[1mINFO    [0m | sqlalchemy.engine.Engine | select current_schema()

2025-12-19 07:48:19 | [32m[1mINFO    [0m | sqlalchemy.engine.Engine | select current_schema()

2025-12-19 07:48:19 | [32m[1mINFO    [0m | sqlalchemy.engine.Engine | select current_schema()

2025-12-19 07:48:19 | [32m[1mINFO    [0m | sqlalchemy.engine.Engine | select current_schema()

2025-12-19 07:48:19 | [32m[1mINFO    [0m | sqlalchemy.engine.Engine | [raw sql] ()

2025-12-19 07:48:19 | [32m[1mINFO    [0m | sqlalchemy.engine.Engine | [raw sql] ()

2025-12-19 07:48:19 | [32m[1mINFO    [0m | sqlalchemy.engine.Engine | [raw sql] ()

2025-12-19 07:48:19 | [32m[1mINFO    [0m | sqlalchemy.engine.Engine | [raw sql] ()

2025-12-19 07:48:19 | [32m[1mINFO    [0m | sqlalchemy.engine.Engine | show standard_conforming_strings

2025-12-19 07:48:19 | [32m[1mINFO    [0m | sqlalchemy.engine.Engine | show standard_conforming_strings

2025-12-19 07:48:19 | [32m[1mINFO    [0m | sqlalchemy.engine.Engine | show standard_conforming_strings

2025-12-19 07:48:19 | [32m[1mINFO    [0m | sqlalchemy.engine.Engine | show standard_conforming_strings

2025-12-19 07:48:19 | [32m[1mINFO    [0m | sqlalchemy.engine.Engine | [raw sql] ()

2025-12-19 07:48:19 | [32m[1mINFO    [0m | sqlalchemy.engine.Engine | [raw sql] ()

2025-12-19 07:48:19 | [32m[1mINFO    [0m | sqlalchemy.engine.Engine | [raw sql] ()

2025-12-19 07:48:19 | [32m[1mINFO    [0m | sqlalchemy.engine.Engine | [raw sql] ()

2025-12-19 07:48:19 | [32m[1mINFO    [0m | sqlalchemy.engine.Engine | BEGIN (implicit)

2025-12-19 07:48:19 | [32m[1mINFO    [0m | sqlalchemy.engine.Engine | BEGIN (implicit)

2025-12-19 07:48:19 | [32m[1mINFO    [0m | sqlalchemy.engine.Engine | BEGIN (implicit)

2025-12-19 07:48:19 | [32m[1mINFO    [0m | sqlalchemy.engine.Engine | BEGIN (implicit)

2025-12-19 07:48:19 | [32m[1mINFO    [0m | sqlalchemy.engine.Engine | SELECT pg_catalog.pg_class.relname 
FROM pg_catalog.pg_class JOIN pg_catalog.pg_namespace ON pg_catalog.pg_namespace.oid = pg_catalog.pg_class.relnamespace 
WHERE pg_catalog.pg_class.relname = $1::VARCHAR AND pg_catalog.pg_class.relkind = ANY (ARRAY[$2::VARCHAR, $3::VARCHAR, $4::VARCHAR, $5::VARCHAR, $6::VARCHAR]) AND pg_catalog.pg_table_is_visible(pg_catalog.pg_class.oid) AND pg_catalog.pg_namespace.nspname != $7::VARCHAR

2025-12-19 07:48:19 | [32m[1mINFO    [0m | sqlalchemy.engine.Engine | SELECT pg_catalog.pg_class.relname 
FROM pg_catalog.pg_class JOIN pg_catalog.pg_namespace ON pg_catalog.pg_namespace.oid = pg_catalog.pg_class.relnamespace 
WHERE pg_catalog.pg_class.relname = $1::VARCHAR AND pg_catalog.pg_class.relkind = ANY (ARRAY[$2::VARCHAR, $3::VARCHAR, $4::VARCHAR, $5::VARCHAR, $6::VARCHAR]) AND pg_catalog.pg_table_is_visible(pg_catalog.pg_class.oid) AND pg_catalog.pg_namespace.nspname != $7::VARCHAR

2025-12-19 07:48:19 | [32m[1mINFO    [0m | sqlalchemy.engine.Engine | SELECT pg_catalog.pg_class.relname 
FROM pg_catalog.pg_class JOIN pg_catalog.pg_namespace ON pg_catalog.pg_namespace.oid = pg_catalog.pg_class.relnamespace 
WHERE pg_catalog.pg_class.relname = $1::VARCHAR AND pg_catalog.pg_class.relkind = ANY (ARRAY[$2::VARCHAR, $3::VARCHAR, $4::VARCHAR, $5::VARCHAR, $6::VARCHAR]) AND pg_catalog.pg_table_is_visible(pg_catalog.pg_class.oid) AND pg_catalog.pg_namespace.nspname != $7::VARCHAR

2025-12-19 07:48:19 | [32m[1mINFO    [0m | sqlalchemy.engine.Engine | SELECT pg_catalog.pg_class.relname 
FROM pg_catalog.pg_class JOIN pg_catalog.pg_namespace ON pg_catalog.pg_namespace.oid = pg_catalog.pg_class.relnamespace 
WHERE pg_catalog.pg_class.relname = $1::VARCHAR AND pg_catalog.pg_class.relkind = ANY (ARRAY[$2::VARCHAR, $3::VARCHAR, $4::VARCHAR, $5::VARCHAR, $6::VARCHAR]) AND pg_catalog.pg_table_is_visible(pg_catalog.pg_class.oid) AND pg_catalog.pg_namespace.nspname != $7::VARCHAR

2025-12-19 07:48:19 | [32m[1mINFO    [0m | sqlalchemy.engine.Engine | [generated in 0.00347s] ('tasks', 'r', 'p', 'f', 'v', 'm', 'pg_catalog')

2025-12-19 07:48:19 | [32m[1mINFO    [0m | sqlalchemy.engine.Engine | [generated in 0.00347s] ('tasks', 'r', 'p', 'f', 'v', 'm', 'pg_catalog')

2025-12-19 07:48:19 | [32m[1mINFO    [0m | sqlalchemy.engine.Engine | [generated in 0.00347s] ('tasks', 'r', 'p', 'f', 'v', 'm', 'pg_catalog')

2025-12-19 07:48:19 | [32m[1mINFO    [0m | sqlalchemy.engine.Engine | [generated in 0.00347s] ('tasks', 'r', 'p', 'f', 'v', 'm', 'pg_catalog')

2025-12-19 07:48:19 | [32m[1mINFO    [0m | sqlalchemy.engine.Engine | SELECT pg_catalog.pg_type.typname 
FROM pg_catalog.pg_type JOIN pg_catalog.pg_namespace ON pg_catalog.pg_namespace.oid = pg_catalog.pg_type.typnamespace 
WHERE pg_catalog.pg_type.typname = $1::VARCHAR AND pg_catalog.pg_type_is_visible(pg_catalog.pg_type.oid) AND pg_catalog.pg_namespace.nspname != $2::VARCHAR

2025-12-19 07:48:19 | [32m[1mINFO    [0m | sqlalchemy.engine.Engine | SELECT pg_catalog.pg_type.typname 
FROM pg_catalog.pg_type JOIN pg_catalog.pg_namespace ON pg_catalog.pg_namespace.oid = pg_catalog.pg_type.typnamespace 
WHERE pg_catalog.pg_type.typname = $1::VARCHAR AND pg_catalog.pg_type_is_visible(pg_catalog.pg_type.oid) AND pg_catalog.pg_namespace.nspname != $2::VARCHAR

2025-12-19 07:48:19 | [32m[1mINFO    [0m | sqlalchemy.engine.Engine | SELECT pg_catalog.pg_type.typname 
FROM pg_catalog.pg_type JOIN pg_catalog.pg_namespace ON pg_catalog.pg_namespace.oid = pg_catalog.pg_type.typnamespace 
WHERE pg_catalog.pg_type.typname = $1::VARCHAR AND pg_catalog.pg_type_is_visible(pg_catalog.pg_type.oid) AND pg_catalog.pg_namespace.nspname != $2::VARCHAR

2025-12-19 07:48:19 | [32m[1mINFO    [0m | sqlalchemy.engine.Engine | SELECT pg_catalog.pg_type.typname 
FROM pg_catalog.pg_type JOIN pg_catalog.pg_namespace ON pg_catalog.pg_namespace.oid = pg_catalog.pg_type.typnamespace 
WHERE pg_catalog.pg_type.typname = $1::VARCHAR AND pg_catalog.pg_type_is_visible(pg_catalog.pg_type.oid) AND pg_catalog.pg_namespace.nspname != $2::VARCHAR

2025-12-19 07:48:19 | [32m[1mINFO    [0m | sqlalchemy.engine.Engine | [generated in 0.00261s] ('taskstatus', 'pg_catalog')

2025-12-19 07:48:19 | [32m[1mINFO    [0m | sqlalchemy.engine.Engine | [generated in 0.00261s] ('taskstatus', 'pg_catalog')

2025-12-19 07:48:19 | [32m[1mINFO    [0m | sqlalchemy.engine.Engine | [generated in 0.00261s] ('taskstatus', 'pg_catalog')

2025-12-19 07:48:19 | [32m[1mINFO    [0m | sqlalchemy.engine.Engine | [generated in 0.00261s] ('taskstatus', 'pg_catalog')

2025-12-19 07:48:19 | [32m[1mINFO    [0m | sqlalchemy.engine.Engine | SELECT pg_catalog.pg_type.typname 
FROM pg_catalog.pg_type JOIN pg_catalog.pg_namespace ON pg_catalog.pg_namespace.oid = pg_catalog.pg_type.typnamespace 
WHERE pg_catalog.pg_type.typname = $1::VARCHAR AND pg_catalog.pg_type_is_visible(pg_catalog.pg_type.oid) AND pg_catalog.pg_namespace.nspname != $2::VARCHAR

2025-12-19 07:48:19 | [32m[1mINFO    [0m | sqlalchemy.engine.Engine | SELECT pg_catalog.pg_type.typname 
FROM pg_catalog.pg_type JOIN pg_catalog.pg_namespace ON pg_catalog.pg_namespace.oid = pg_catalog.pg_type.typnamespace 
WHERE pg_catalog.pg_type.typname = $1::VARCHAR AND pg_catalog.pg_type_is_visible(pg_catalog.pg_type.oid) AND pg_catalog.pg_namespace.nspname != $2::VARCHAR

2025-12-19 07:48:19 | [32m[1mINFO    [0m | sqlalchemy.engine.Engine | SELECT pg_catalog.pg_type.typname 
FROM pg_catalog.pg_type JOIN pg_catalog.pg_namespace ON pg_catalog.pg_namespace.oid = pg_catalog.pg_type.typnamespace 
WHERE pg_catalog.pg_type.typname = $1::VARCHAR AND pg_catalog.pg_type_is_visible(pg_catalog.pg_type.oid) AND pg_catalog.pg_namespace.nspname != $2::VARCHAR

2025-12-19 07:48:19 | [32m[1mINFO    [0m | sqlalchemy.engine.Engine | SELECT pg_catalog.pg_type.typname 
FROM pg_catalog.pg_type JOIN pg_catalog.pg_namespace ON pg_catalog.pg_namespace.oid = pg_catalog.pg_type.typnamespace 
WHERE pg_catalog.pg_type.typname = $1::VARCHAR AND pg_catalog.pg_type_is_visible(pg_catalog.pg_type.oid) AND pg_catalog.pg_namespace.nspname != $2::VARCHAR

2025-12-19 07:48:19 | [32m[1mINFO    [0m | sqlalchemy.engine.Engine | [cached since 0.009168s ago] ('taskstage', 'pg_catalog')

2025-12-19 07:48:19 | [32m[1mINFO    [0m | sqlalchemy.engine.Engine | [cached since 0.009168s ago] ('taskstage', 'pg_catalog')

2025-12-19 07:48:19 | [32m[1mINFO    [0m | sqlalchemy.engine.Engine | [cached since 0.009168s ago] ('taskstage', 'pg_catalog')

2025-12-19 07:48:19 | [32m[1mINFO    [0m | sqlalchemy.engine.Engine | [cached since 0.009168s ago] ('taskstage', 'pg_catalog')

2025-12-19 07:48:19 | [32m[1mINFO    [0m | sqlalchemy.engine.Engine | COMMIT

2025-12-19 07:48:19 | [32m[1mINFO    [0m | sqlalchemy.engine.Engine | COMMIT

2025-12-19 07:48:19 | [32m[1mINFO    [0m | sqlalchemy.engine.Engine | COMMIT

2025-12-19 07:48:19 | [32m[1mINFO    [0m | sqlalchemy.engine.Engine | COMMIT

2025-12-19 07:48:19 | [32m[1mINFO    [0m | main                 | Database initialized

2025-12-19 07:48:19 | [32m[1mINFO    [0m | main                 | Database initialized

2025-12-19 07:48:19 | [32m[1mINFO    [0m | main                 | Database initialized

2025-12-19 07:48:19 | [32m[1mINFO    [0m | main                 | Database initialized

2025-12-19 07:49:13 | [32m[1mINFO    [0m | main                 | Closing database

2025-12-19 07:49:13 | [32m[1mINFO    [0m | main                 | Closing database

2025-12-19 07:49:13 | [32m[1mINFO    [0m | main                 | Closing database

2025-12-19 07:49:13 | [32m[1mINFO    [0m | main                 | Closing database

2025-12-19 07:49:13 | [32m[1mINFO    [0m | main                 | Database closed

2025-12-19 07:49:13 | [32m[1mINFO    [0m | main                 | Database closed

2025-12-19 07:49:13 | [32m[1mINFO    [0m | main                 | Database closed

2025-12-19 07:49:13 | [32m[1mINFO    [0m | main                 | Database closed

2025-12-19 07:49:13 | [32m[1mINFO    [0m | main                 | Shutting down application

2025-12-19 07:49:13 | [32m[1mINFO    [0m | main                 | Shutting down application

2025-12-19 07:49:13 | [32m[1mINFO    [0m | main                 | Shutting down application

2025-12-19 07:49:13 | [32m[1mINFO    [0m | main                 | Shutting down application

2025-12-19 07:49:33 | [32m[1mINFO    [0m | argostranslate.utils | ('Looking for cached Spacy xx_sent_ud_sm.',)

2025-12-19 07:49:33 | [32m[1mINFO    [0m | main                 | API routes registered at /api/v1

2025-12-19 07:49:33 | [32m[1mINFO    [0m | main                 | API routes registered at /api/v1

2025-12-19 07:49:33 | [32m[1mINFO    [0m | main                 | API routes registered at /api/v1

2025-12-19 07:49:33 | [32m[1mINFO    [0m | main                 | API routes registered at /api/v1

2025-12-19 07:49:33 | [32m[1mINFO    [0m | main                 | Starting Background Jobs Feedback Analyzer FastAPI Backend

2025-12-19 07:49:33 | [32m[1mINFO    [0m | main                 | Starting Background Jobs Feedback Analyzer FastAPI Backend

2025-12-19 07:49:33 | [32m[1mINFO    [0m | main                 | Starting Background Jobs Feedback Analyzer FastAPI Backend

2025-12-19 07:49:33 | [32m[1mINFO    [0m | main                 | Starting Background Jobs Feedback Analyzer FastAPI Backend

2025-12-19 07:49:33 | [32m[1mINFO    [0m | main                 | Environment: development

2025-12-19 07:49:33 | [32m[1mINFO    [0m | main                 | Environment: development

2025-12-19 07:49:33 | [32m[1mINFO    [0m | main                 | Environment: development

2025-12-19 07:49:33 | [32m[1mINFO    [0m | main                 | Environment: development

2025-12-19 07:49:33 | [32m[1mINFO    [0m | main                 | Allowed origins: ['*']

2025-12-19 07:49:33 | [32m[1mINFO    [0m | main                 | Allowed origins: ['*']

2025-12-19 07:49:33 | [32m[1mINFO    [0m | main                 | Allowed origins: ['*']

2025-12-19 07:49:33 | [32m[1mINFO    [0m | main                 | Allowed origins: ['*']

2025-12-19 07:49:33 | [32m[1mINFO    [0m | main                 | Application started

2025-12-19 07:49:33 | [32m[1mINFO    [0m | main                 | Application started

2025-12-19 07:49:33 | [32m[1mINFO    [0m | main                 | Application started

2025-12-19 07:49:33 | [32m[1mINFO    [0m | main                 | Application started

2025-12-19 07:49:33 | [32m[1mINFO    [0m | main                 | Initializing database

2025-12-19 07:49:33 | [32m[1mINFO    [0m | main                 | Initializing database

2025-12-19 07:49:33 | [32m[1mINFO    [0m | main                 | Initializing database

2025-12-19 07:49:33 | [32m[1mINFO    [0m | main                 | Initializing database

2025-12-19 07:49:33 | [32m[1mINFO    [0m | sqlalchemy.engine.Engine | select pg_catalog.version()

2025-12-19 07:49:33 | [32m[1mINFO    [0m | sqlalchemy.engine.Engine | select pg_catalog.version()

2025-12-19 07:49:33 | [32m[1mINFO    [0m | sqlalchemy.engine.Engine | select pg_catalog.version()

2025-12-19 07:49:33 | [32m[1mINFO    [0m | sqlalchemy.engine.Engine | select pg_catalog.version()

2025-12-19 07:49:33 | [32m[1mINFO    [0m | sqlalchemy.engine.Engine | [raw sql] ()

2025-12-19 07:49:33 | [32m[1mINFO    [0m | sqlalchemy.engine.Engine | [raw sql] ()

2025-12-19 07:49:33 | [32m[1mINFO    [0m | sqlalchemy.engine.Engine | [raw sql] ()

2025-12-19 07:49:33 | [32m[1mINFO    [0m | sqlalchemy.engine.Engine | [raw sql] ()

2025-12-19 07:49:33 | [32m[1mINFO    [0m | sqlalchemy.engine.Engine | select current_schema()

2025-12-19 07:49:33 | [32m[1mINFO    [0m | sqlalchemy.engine.Engine | select current_schema()

2025-12-19 07:49:33 | [32m[1mINFO    [0m | sqlalchemy.engine.Engine | select current_schema()

2025-12-19 07:49:33 | [32m[1mINFO    [0m | sqlalchemy.engine.Engine | select current_schema()

2025-12-19 07:49:33 | [32m[1mINFO    [0m | sqlalchemy.engine.Engine | [raw sql] ()

2025-12-19 07:49:33 | [32m[1mINFO    [0m | sqlalchemy.engine.Engine | [raw sql] ()

2025-12-19 07:49:33 | [32m[1mINFO    [0m | sqlalchemy.engine.Engine | [raw sql] ()

2025-12-19 07:49:33 | [32m[1mINFO    [0m | sqlalchemy.engine.Engine | [raw sql] ()

2025-12-19 07:49:33 | [32m[1mINFO    [0m | sqlalchemy.engine.Engine | show standard_conforming_strings

2025-12-19 07:49:33 | [32m[1mINFO    [0m | sqlalchemy.engine.Engine | show standard_conforming_strings

2025-12-19 07:49:33 | [32m[1mINFO    [0m | sqlalchemy.engine.Engine | show standard_conforming_strings

2025-12-19 07:49:33 | [32m[1mINFO    [0m | sqlalchemy.engine.Engine | show standard_conforming_strings

2025-12-19 07:49:33 | [32m[1mINFO    [0m | sqlalchemy.engine.Engine | [raw sql] ()

2025-12-19 07:49:33 | [32m[1mINFO    [0m | sqlalchemy.engine.Engine | [raw sql] ()

2025-12-19 07:49:33 | [32m[1mINFO    [0m | sqlalchemy.engine.Engine | [raw sql] ()

2025-12-19 07:49:33 | [32m[1mINFO    [0m | sqlalchemy.engine.Engine | [raw sql] ()

2025-12-19 07:49:33 | [32m[1mINFO    [0m | sqlalchemy.engine.Engine | BEGIN (implicit)

2025-12-19 07:49:33 | [32m[1mINFO    [0m | sqlalchemy.engine.Engine | BEGIN (implicit)

2025-12-19 07:49:33 | [32m[1mINFO    [0m | sqlalchemy.engine.Engine | BEGIN (implicit)

2025-12-19 07:49:33 | [32m[1mINFO    [0m | sqlalchemy.engine.Engine | BEGIN (implicit)

2025-12-19 07:49:33 | [32m[1mINFO    [0m | sqlalchemy.engine.Engine | SELECT pg_catalog.pg_class.relname 
FROM pg_catalog.pg_class JOIN pg_catalog.pg_namespace ON pg_catalog.pg_namespace.oid = pg_catalog.pg_class.relnamespace 
WHERE pg_catalog.pg_class.relname = $1::VARCHAR AND pg_catalog.pg_class.relkind = ANY (ARRAY[$2::VARCHAR, $3::VARCHAR, $4::VARCHAR, $5::VARCHAR, $6::VARCHAR]) AND pg_catalog.pg_table_is_visible(pg_catalog.pg_class.oid) AND pg_catalog.pg_namespace.nspname != $7::VARCHAR

2025-12-19 07:49:33 | [32m[1mINFO    [0m | sqlalchemy.engine.Engine | SELECT pg_catalog.pg_class.relname 
FROM pg_catalog.pg_class JOIN pg_catalog.pg_namespace ON pg_catalog.pg_namespace.oid = pg_catalog.pg_class.relnamespace 
WHERE pg_catalog.pg_class.relname = $1::VARCHAR AND pg_catalog.pg_class.relkind = ANY (ARRAY[$2::VARCHAR, $3::VARCHAR, $4::VARCHAR, $5::VARCHAR, $6::VARCHAR]) AND pg_catalog.pg_table_is_visible(pg_catalog.pg_class.oid) AND pg_catalog.pg_namespace.nspname != $7::VARCHAR

2025-12-19 07:49:33 | [32m[1mINFO    [0m | sqlalchemy.engine.Engine | SELECT pg_catalog.pg_class.relname 
FROM pg_catalog.pg_class JOIN pg_catalog.pg_namespace ON pg_catalog.pg_namespace.oid = pg_catalog.pg_class.relnamespace 
WHERE pg_catalog.pg_class.relname = $1::VARCHAR AND pg_catalog.pg_class.relkind = ANY (ARRAY[$2::VARCHAR, $3::VARCHAR, $4::VARCHAR, $5::VARCHAR, $6::VARCHAR]) AND pg_catalog.pg_table_is_visible(pg_catalog.pg_class.oid) AND pg_catalog.pg_namespace.nspname != $7::VARCHAR

2025-12-19 07:49:33 | [32m[1mINFO    [0m | sqlalchemy.engine.Engine | SELECT pg_catalog.pg_class.relname 
FROM pg_catalog.pg_class JOIN pg_catalog.pg_namespace ON pg_catalog.pg_namespace.oid = pg_catalog.pg_class.relnamespace 
WHERE pg_catalog.pg_class.relname = $1::VARCHAR AND pg_catalog.pg_class.relkind = ANY (ARRAY[$2::VARCHAR, $3::VARCHAR, $4::VARCHAR, $5::VARCHAR, $6::VARCHAR]) AND pg_catalog.pg_table_is_visible(pg_catalog.pg_class.oid) AND pg_catalog.pg_namespace.nspname != $7::VARCHAR

2025-12-19 07:49:33 | [32m[1mINFO    [0m | sqlalchemy.engine.Engine | [generated in 0.00813s] ('tasks', 'r', 'p', 'f', 'v', 'm', 'pg_catalog')

2025-12-19 07:49:33 | [32m[1mINFO    [0m | sqlalchemy.engine.Engine | [generated in 0.00813s] ('tasks', 'r', 'p', 'f', 'v', 'm', 'pg_catalog')

2025-12-19 07:49:33 | [32m[1mINFO    [0m | sqlalchemy.engine.Engine | [generated in 0.00813s] ('tasks', 'r', 'p', 'f', 'v', 'm', 'pg_catalog')

2025-12-19 07:49:33 | [32m[1mINFO    [0m | sqlalchemy.engine.Engine | [generated in 0.00813s] ('tasks', 'r', 'p', 'f', 'v', 'm', 'pg_catalog')

2025-12-19 07:49:33 | [32m[1mINFO    [0m | sqlalchemy.engine.Engine | SELECT pg_catalog.pg_type.typname 
FROM pg_catalog.pg_type JOIN pg_catalog.pg_namespace ON pg_catalog.pg_namespace.oid = pg_catalog.pg_type.typnamespace 
WHERE pg_catalog.pg_type.typname = $1::VARCHAR AND pg_catalog.pg_type_is_visible(pg_catalog.pg_type.oid) AND pg_catalog.pg_namespace.nspname != $2::VARCHAR

2025-12-19 07:49:33 | [32m[1mINFO    [0m | sqlalchemy.engine.Engine | SELECT pg_catalog.pg_type.typname 
FROM pg_catalog.pg_type JOIN pg_catalog.pg_namespace ON pg_catalog.pg_namespace.oid = pg_catalog.pg_type.typnamespace 
WHERE pg_catalog.pg_type.typname = $1::VARCHAR AND pg_catalog.pg_type_is_visible(pg_catalog.pg_type.oid) AND pg_catalog.pg_namespace.nspname != $2::VARCHAR

2025-12-19 07:49:33 | [32m[1mINFO    [0m | sqlalchemy.engine.Engine | SELECT pg_catalog.pg_type.typname 
FROM pg_catalog.pg_type JOIN pg_catalog.pg_namespace ON pg_catalog.pg_namespace.oid = pg_catalog.pg_type.typnamespace 
WHERE pg_catalog.pg_type.typname = $1::VARCHAR AND pg_catalog.pg_type_is_visible(pg_catalog.pg_type.oid) AND pg_catalog.pg_namespace.nspname != $2::VARCHAR

2025-12-19 07:49:33 | [32m[1mINFO    [0m | sqlalchemy.engine.Engine | SELECT pg_catalog.pg_type.typname 
FROM pg_catalog.pg_type JOIN pg_catalog.pg_namespace ON pg_catalog.pg_namespace.oid = pg_catalog.pg_type.typnamespace 
WHERE pg_catalog.pg_type.typname = $1::VARCHAR AND pg_catalog.pg_type_is_visible(pg_catalog.pg_type.oid) AND pg_catalog.pg_namespace.nspname != $2::VARCHAR

2025-12-19 07:49:33 | [32m[1mINFO    [0m | sqlalchemy.engine.Engine | [generated in 0.00443s] ('taskstatus', 'pg_catalog')

2025-12-19 07:49:33 | [32m[1mINFO    [0m | sqlalchemy.engine.Engine | [generated in 0.00443s] ('taskstatus', 'pg_catalog')

2025-12-19 07:49:33 | [32m[1mINFO    [0m | sqlalchemy.engine.Engine | [generated in 0.00443s] ('taskstatus', 'pg_catalog')

2025-12-19 07:49:33 | [32m[1mINFO    [0m | sqlalchemy.engine.Engine | [generated in 0.00443s] ('taskstatus', 'pg_catalog')

2025-12-19 07:49:33 | [32m[1mINFO    [0m | sqlalchemy.engine.Engine | SELECT pg_catalog.pg_type.typname 
FROM pg_catalog.pg_type JOIN pg_catalog.pg_namespace ON pg_catalog.pg_namespace.oid = pg_catalog.pg_type.typnamespace 
WHERE pg_catalog.pg_type.typname = $1::VARCHAR AND pg_catalog.pg_type_is_visible(pg_catalog.pg_type.oid) AND pg_catalog.pg_namespace.nspname != $2::VARCHAR

2025-12-19 07:49:33 | [32m[1mINFO    [0m | sqlalchemy.engine.Engine | SELECT pg_catalog.pg_type.typname 
FROM pg_catalog.pg_type JOIN pg_catalog.pg_namespace ON pg_catalog.pg_namespace.oid = pg_catalog.pg_type.typnamespace 
WHERE pg_catalog.pg_type.typname = $1::VARCHAR AND pg_catalog.pg_type_is_visible(pg_catalog.pg_type.oid) AND pg_catalog.pg_namespace.nspname != $2::VARCHAR

2025-12-19 07:49:33 | [32m[1mINFO    [0m | sqlalchemy.engine.Engine | SELECT pg_catalog.pg_type.typname 
FROM pg_catalog.pg_type JOIN pg_catalog.pg_namespace ON pg_catalog.pg_namespace.oid = pg_catalog.pg_type.typnamespace 
WHERE pg_catalog.pg_type.typname = $1::VARCHAR AND pg_catalog.pg_type_is_visible(pg_catalog.pg_type.oid) AND pg_catalog.pg_namespace.nspname != $2::VARCHAR

2025-12-19 07:49:33 | [32m[1mINFO    [0m | sqlalchemy.engine.Engine | SELECT pg_catalog.pg_type.typname 
FROM pg_catalog.pg_type JOIN pg_catalog.pg_namespace ON pg_catalog.pg_namespace.oid = pg_catalog.pg_type.typnamespace 
WHERE pg_catalog.pg_type.typname = $1::VARCHAR AND pg_catalog.pg_type_is_visible(pg_catalog.pg_type.oid) AND pg_catalog.pg_namespace.nspname != $2::VARCHAR

2025-12-19 07:49:33 | [32m[1mINFO    [0m | sqlalchemy.engine.Engine | [cached since 0.03242s ago] ('taskstage', 'pg_catalog')

2025-12-19 07:49:33 | [32m[1mINFO    [0m | sqlalchemy.engine.Engine | [cached since 0.03242s ago] ('taskstage', 'pg_catalog')

2025-12-19 07:49:33 | [32m[1mINFO    [0m | sqlalchemy.engine.Engine | [cached since 0.03242s ago] ('taskstage', 'pg_catalog')

2025-12-19 07:49:33 | [32m[1mINFO    [0m | sqlalchemy.engine.Engine | [cached since 0.03242s ago] ('taskstage', 'pg_catalog')

2025-12-19 07:49:33 | [32m[1mINFO    [0m | sqlalchemy.engine.Engine | COMMIT

2025-12-19 07:49:33 | [32m[1mINFO    [0m | sqlalchemy.engine.Engine | COMMIT

2025-12-19 07:49:33 | [32m[1mINFO    [0m | sqlalchemy.engine.Engine | COMMIT

2025-12-19 07:49:33 | [32m[1mINFO    [0m | sqlalchemy.engine.Engine | COMMIT

2025-12-19 07:49:33 | [32m[1mINFO    [0m | main                 | Database initialized

2025-12-19 07:49:33 | [32m[1mINFO    [0m | main                 | Database initialized

2025-12-19 07:49:33 | [32m[1mINFO    [0m | main                 | Database initialized

2025-12-19 07:49:33 | [32m[1mINFO    [0m | main                 | Database initialized

2025-12-19 07:49:47 | [32m[1mINFO    [0m | argostranslate.utils | ('Looking for cached Spacy xx_sent_ud_sm.',)

2025-12-19 07:49:48 | [32m[1mINFO    [0m | argostranslate.utils | ('Looking for cached Spacy xx_sent_ud_sm.',)

2025-12-19 07:49:48 | [32m[1mINFO    [0m | main                 | API routes registered at /api/v1

2025-12-19 07:49:48 | [32m[1mINFO    [0m | main                 | API routes registered at /api/v1

2025-12-19 07:49:48 | [32m[1mINFO    [0m | main                 | API routes registered at /api/v1

2025-12-19 07:49:48 | [32m[1mINFO    [0m | main                 | API routes registered at /api/v1

2025-12-19 07:49:48 | [32m[1mINFO    [0m | main                 | Starting Background Jobs Feedback Analyzer FastAPI Backend

2025-12-19 07:49:48 | [32m[1mINFO    [0m | main                 | Starting Background Jobs Feedback Analyzer FastAPI Backend

2025-12-19 07:49:48 | [32m[1mINFO    [0m | main                 | Starting Background Jobs Feedback Analyzer FastAPI Backend

2025-12-19 07:49:48 | [32m[1mINFO    [0m | main                 | Starting Background Jobs Feedback Analyzer FastAPI Backend

2025-12-19 07:49:48 | [32m[1mINFO    [0m | main                 | Environment: development

2025-12-19 07:49:48 | [32m[1mINFO    [0m | main                 | Environment: development

2025-12-19 07:49:48 | [32m[1mINFO    [0m | main                 | Environment: development

2025-12-19 07:49:48 | [32m[1mINFO    [0m | main                 | Environment: development

2025-12-19 07:49:48 | [32m[1mINFO    [0m | main                 | Allowed origins: ['*']

2025-12-19 07:49:48 | [32m[1mINFO    [0m | main                 | Allowed origins: ['*']

2025-12-19 07:49:48 | [32m[1mINFO    [0m | main                 | Allowed origins: ['*']

2025-12-19 07:49:48 | [32m[1mINFO    [0m | main                 | Allowed origins: ['*']

2025-12-19 07:49:48 | [32m[1mINFO    [0m | main                 | Application started

2025-12-19 07:49:48 | [32m[1mINFO    [0m | main                 | Application started

2025-12-19 07:49:48 | [32m[1mINFO    [0m | main                 | Application started

2025-12-19 07:49:48 | [32m[1mINFO    [0m | main                 | Application started

2025-12-19 07:49:48 | [32m[1mINFO    [0m | main                 | Initializing database

2025-12-19 07:49:48 | [32m[1mINFO    [0m | main                 | Initializing database

2025-12-19 07:49:48 | [32m[1mINFO    [0m | main                 | Initializing database

2025-12-19 07:49:48 | [32m[1mINFO    [0m | main                 | Initializing database

2025-12-19 07:49:48 | [32m[1mINFO    [0m | sqlalchemy.engine.Engine | select pg_catalog.version()

2025-12-19 07:49:48 | [32m[1mINFO    [0m | sqlalchemy.engine.Engine | select pg_catalog.version()

2025-12-19 07:49:48 | [32m[1mINFO    [0m | sqlalchemy.engine.Engine | select pg_catalog.version()

2025-12-19 07:49:48 | [32m[1mINFO    [0m | sqlalchemy.engine.Engine | select pg_catalog.version()

2025-12-19 07:49:48 | [32m[1mINFO    [0m | sqlalchemy.engine.Engine | [raw sql] ()

2025-12-19 07:49:48 | [32m[1mINFO    [0m | sqlalchemy.engine.Engine | [raw sql] ()

2025-12-19 07:49:48 | [32m[1mINFO    [0m | sqlalchemy.engine.Engine | [raw sql] ()

2025-12-19 07:49:48 | [32m[1mINFO    [0m | sqlalchemy.engine.Engine | [raw sql] ()

2025-12-19 07:49:48 | [32m[1mINFO    [0m | sqlalchemy.engine.Engine | select current_schema()

2025-12-19 07:49:48 | [32m[1mINFO    [0m | sqlalchemy.engine.Engine | select current_schema()

2025-12-19 07:49:48 | [32m[1mINFO    [0m | sqlalchemy.engine.Engine | select current_schema()

2025-12-19 07:49:48 | [32m[1mINFO    [0m | sqlalchemy.engine.Engine | select current_schema()

2025-12-19 07:49:48 | [32m[1mINFO    [0m | sqlalchemy.engine.Engine | [raw sql] ()

2025-12-19 07:49:48 | [32m[1mINFO    [0m | sqlalchemy.engine.Engine | [raw sql] ()

2025-12-19 07:49:48 | [32m[1mINFO    [0m | sqlalchemy.engine.Engine | [raw sql] ()

2025-12-19 07:49:48 | [32m[1mINFO    [0m | sqlalchemy.engine.Engine | [raw sql] ()

2025-12-19 07:49:48 | [32m[1mINFO    [0m | sqlalchemy.engine.Engine | show standard_conforming_strings

2025-12-19 07:49:48 | [32m[1mINFO    [0m | sqlalchemy.engine.Engine | show standard_conforming_strings

2025-12-19 07:49:48 | [32m[1mINFO    [0m | sqlalchemy.engine.Engine | show standard_conforming_strings

2025-12-19 07:49:48 | [32m[1mINFO    [0m | sqlalchemy.engine.Engine | show standard_conforming_strings

2025-12-19 07:49:48 | [32m[1mINFO    [0m | sqlalchemy.engine.Engine | [raw sql] ()

2025-12-19 07:49:48 | [32m[1mINFO    [0m | sqlalchemy.engine.Engine | [raw sql] ()

2025-12-19 07:49:48 | [32m[1mINFO    [0m | sqlalchemy.engine.Engine | [raw sql] ()

2025-12-19 07:49:48 | [32m[1mINFO    [0m | sqlalchemy.engine.Engine | [raw sql] ()

2025-12-19 07:49:48 | [32m[1mINFO    [0m | sqlalchemy.engine.Engine | BEGIN (implicit)

2025-12-19 07:49:48 | [32m[1mINFO    [0m | sqlalchemy.engine.Engine | BEGIN (implicit)

2025-12-19 07:49:48 | [32m[1mINFO    [0m | sqlalchemy.engine.Engine | BEGIN (implicit)

2025-12-19 07:49:48 | [32m[1mINFO    [0m | sqlalchemy.engine.Engine | BEGIN (implicit)

2025-12-19 07:49:48 | [32m[1mINFO    [0m | sqlalchemy.engine.Engine | SELECT pg_catalog.pg_class.relname 
FROM pg_catalog.pg_class JOIN pg_catalog.pg_namespace ON pg_catalog.pg_namespace.oid = pg_catalog.pg_class.relnamespace 
WHERE pg_catalog.pg_class.relname = $1::VARCHAR AND pg_catalog.pg_class.relkind = ANY (ARRAY[$2::VARCHAR, $3::VARCHAR, $4::VARCHAR, $5::VARCHAR, $6::VARCHAR]) AND pg_catalog.pg_table_is_visible(pg_catalog.pg_class.oid) AND pg_catalog.pg_namespace.nspname != $7::VARCHAR

2025-12-19 07:49:48 | [32m[1mINFO    [0m | sqlalchemy.engine.Engine | SELECT pg_catalog.pg_class.relname 
FROM pg_catalog.pg_class JOIN pg_catalog.pg_namespace ON pg_catalog.pg_namespace.oid = pg_catalog.pg_class.relnamespace 
WHERE pg_catalog.pg_class.relname = $1::VARCHAR AND pg_catalog.pg_class.relkind = ANY (ARRAY[$2::VARCHAR, $3::VARCHAR, $4::VARCHAR, $5::VARCHAR, $6::VARCHAR]) AND pg_catalog.pg_table_is_visible(pg_catalog.pg_class.oid) AND pg_catalog.pg_namespace.nspname != $7::VARCHAR

2025-12-19 07:49:48 | [32m[1mINFO    [0m | sqlalchemy.engine.Engine | SELECT pg_catalog.pg_class.relname 
FROM pg_catalog.pg_class JOIN pg_catalog.pg_namespace ON pg_catalog.pg_namespace.oid = pg_catalog.pg_class.relnamespace 
WHERE pg_catalog.pg_class.relname = $1::VARCHAR AND pg_catalog.pg_class.relkind = ANY (ARRAY[$2::VARCHAR, $3::VARCHAR, $4::VARCHAR, $5::VARCHAR, $6::VARCHAR]) AND pg_catalog.pg_table_is_visible(pg_catalog.pg_class.oid) AND pg_catalog.pg_namespace.nspname != $7::VARCHAR

2025-12-19 07:49:48 | [32m[1mINFO    [0m | sqlalchemy.engine.Engine | SELECT pg_catalog.pg_class.relname 
FROM pg_catalog.pg_class JOIN pg_catalog.pg_namespace ON pg_catalog.pg_namespace.oid = pg_catalog.pg_class.relnamespace 
WHERE pg_catalog.pg_class.relname = $1::VARCHAR AND pg_catalog.pg_class.relkind = ANY (ARRAY[$2::VARCHAR, $3::VARCHAR, $4::VARCHAR, $5::VARCHAR, $6::VARCHAR]) AND pg_catalog.pg_table_is_visible(pg_catalog.pg_class.oid) AND pg_catalog.pg_namespace.nspname != $7::VARCHAR

2025-12-19 07:49:48 | [32m[1mINFO    [0m | sqlalchemy.engine.Engine | [generated in 0.00217s] ('tasks', 'r', 'p', 'f', 'v', 'm', 'pg_catalog')

2025-12-19 07:49:48 | [32m[1mINFO    [0m | sqlalchemy.engine.Engine | [generated in 0.00217s] ('tasks', 'r', 'p', 'f', 'v', 'm', 'pg_catalog')

2025-12-19 07:49:48 | [32m[1mINFO    [0m | sqlalchemy.engine.Engine | [generated in 0.00217s] ('tasks', 'r', 'p', 'f', 'v', 'm', 'pg_catalog')

2025-12-19 07:49:48 | [32m[1mINFO    [0m | sqlalchemy.engine.Engine | [generated in 0.00217s] ('tasks', 'r', 'p', 'f', 'v', 'm', 'pg_catalog')

2025-12-19 07:49:48 | [32m[1mINFO    [0m | sqlalchemy.engine.Engine | SELECT pg_catalog.pg_type.typname 
FROM pg_catalog.pg_type JOIN pg_catalog.pg_namespace ON pg_catalog.pg_namespace.oid = pg_catalog.pg_type.typnamespace 
WHERE pg_catalog.pg_type.typname = $1::VARCHAR AND pg_catalog.pg_type_is_visible(pg_catalog.pg_type.oid) AND pg_catalog.pg_namespace.nspname != $2::VARCHAR

2025-12-19 07:49:48 | [32m[1mINFO    [0m | sqlalchemy.engine.Engine | SELECT pg_catalog.pg_type.typname 
FROM pg_catalog.pg_type JOIN pg_catalog.pg_namespace ON pg_catalog.pg_namespace.oid = pg_catalog.pg_type.typnamespace 
WHERE pg_catalog.pg_type.typname = $1::VARCHAR AND pg_catalog.pg_type_is_visible(pg_catalog.pg_type.oid) AND pg_catalog.pg_namespace.nspname != $2::VARCHAR

2025-12-19 07:49:48 | [32m[1mINFO    [0m | sqlalchemy.engine.Engine | SELECT pg_catalog.pg_type.typname 
FROM pg_catalog.pg_type JOIN pg_catalog.pg_namespace ON pg_catalog.pg_namespace.oid = pg_catalog.pg_type.typnamespace 
WHERE pg_catalog.pg_type.typname = $1::VARCHAR AND pg_catalog.pg_type_is_visible(pg_catalog.pg_type.oid) AND pg_catalog.pg_namespace.nspname != $2::VARCHAR

2025-12-19 07:49:48 | [32m[1mINFO    [0m | sqlalchemy.engine.Engine | SELECT pg_catalog.pg_type.typname 
FROM pg_catalog.pg_type JOIN pg_catalog.pg_namespace ON pg_catalog.pg_namespace.oid = pg_catalog.pg_type.typnamespace 
WHERE pg_catalog.pg_type.typname = $1::VARCHAR AND pg_catalog.pg_type_is_visible(pg_catalog.pg_type.oid) AND pg_catalog.pg_namespace.nspname != $2::VARCHAR

2025-12-19 07:49:48 | [32m[1mINFO    [0m | sqlalchemy.engine.Engine | [generated in 0.00158s] ('taskstatus', 'pg_catalog')

2025-12-19 07:49:48 | [32m[1mINFO    [0m | sqlalchemy.engine.Engine | [generated in 0.00158s] ('taskstatus', 'pg_catalog')

2025-12-19 07:49:48 | [32m[1mINFO    [0m | sqlalchemy.engine.Engine | [generated in 0.00158s] ('taskstatus', 'pg_catalog')

2025-12-19 07:49:48 | [32m[1mINFO    [0m | sqlalchemy.engine.Engine | [generated in 0.00158s] ('taskstatus', 'pg_catalog')

2025-12-19 07:49:48 | [32m[1mINFO    [0m | sqlalchemy.engine.Engine | SELECT pg_catalog.pg_type.typname 
FROM pg_catalog.pg_type JOIN pg_catalog.pg_namespace ON pg_catalog.pg_namespace.oid = pg_catalog.pg_type.typnamespace 
WHERE pg_catalog.pg_type.typname = $1::VARCHAR AND pg_catalog.pg_type_is_visible(pg_catalog.pg_type.oid) AND pg_catalog.pg_namespace.nspname != $2::VARCHAR

2025-12-19 07:49:48 | [32m[1mINFO    [0m | sqlalchemy.engine.Engine | SELECT pg_catalog.pg_type.typname 
FROM pg_catalog.pg_type JOIN pg_catalog.pg_namespace ON pg_catalog.pg_namespace.oid = pg_catalog.pg_type.typnamespace 
WHERE pg_catalog.pg_type.typname = $1::VARCHAR AND pg_catalog.pg_type_is_visible(pg_catalog.pg_type.oid) AND pg_catalog.pg_namespace.nspname != $2::VARCHAR

2025-12-19 07:49:48 | [32m[1mINFO    [0m | sqlalchemy.engine.Engine | SELECT pg_catalog.pg_type.typname 
FROM pg_catalog.pg_type JOIN pg_catalog.pg_namespace ON pg_catalog.pg_namespace.oid = pg_catalog.pg_type.typnamespace 
WHERE pg_catalog.pg_type.typname = $1::VARCHAR AND pg_catalog.pg_type_is_visible(pg_catalog.pg_type.oid) AND pg_catalog.pg_namespace.nspname != $2::VARCHAR

2025-12-19 07:49:48 | [32m[1mINFO    [0m | sqlalchemy.engine.Engine | SELECT pg_catalog.pg_type.typname 
FROM pg_catalog.pg_type JOIN pg_catalog.pg_namespace ON pg_catalog.pg_namespace.oid = pg_catalog.pg_type.typnamespace 
WHERE pg_catalog.pg_type.typname = $1::VARCHAR AND pg_catalog.pg_type_is_visible(pg_catalog.pg_type.oid) AND pg_catalog.pg_namespace.nspname != $2::VARCHAR

2025-12-19 07:49:48 | [32m[1mINFO    [0m | sqlalchemy.engine.Engine | [cached since 0.007315s ago] ('taskstage', 'pg_catalog')

2025-12-19 07:49:48 | [32m[1mINFO    [0m | sqlalchemy.engine.Engine | [cached since 0.007315s ago] ('taskstage', 'pg_catalog')

2025-12-19 07:49:48 | [32m[1mINFO    [0m | sqlalchemy.engine.Engine | [cached since 0.007315s ago] ('taskstage', 'pg_catalog')

2025-12-19 07:49:48 | [32m[1mINFO    [0m | sqlalchemy.engine.Engine | [cached since 0.007315s ago] ('taskstage', 'pg_catalog')

2025-12-19 07:49:48 | [32m[1mINFO    [0m | sqlalchemy.engine.Engine | COMMIT

2025-12-19 07:49:48 | [32m[1mINFO    [0m | sqlalchemy.engine.Engine | COMMIT

2025-12-19 07:49:48 | [32m[1mINFO    [0m | sqlalchemy.engine.Engine | COMMIT

2025-12-19 07:49:48 | [32m[1mINFO    [0m | sqlalchemy.engine.Engine | COMMIT

2025-12-19 07:49:48 | [32m[1mINFO    [0m | main                 | Database initialized

2025-12-19 07:49:48 | [32m[1mINFO    [0m | main                 | Database initialized

2025-12-19 07:49:48 | [32m[1mINFO    [0m | main                 | Database initialized

2025-12-19 07:49:48 | [32m[1mINFO    [0m | main                 | Database initialized

2025-12-19 07:50:51 | [32m[1mINFO    [0m | main                 | Incoming request: POST /api/v1/upload

2025-12-19 07:50:51 | [32m[1mINFO    [0m | main                 | Incoming request: POST /api/v1/upload

2025-12-19 07:50:51 | [32m[1mINFO    [0m | main                 | Incoming request: POST /api/v1/upload

2025-12-19 07:50:51 | [32m[1mINFO    [0m | main                 | Incoming request: POST /api/v1/upload

2025-12-19 07:50:51 | [32m[1mINFO    [0m | routes.routes        | Upload request received - filename: 87c0e21efae14e298ee8c0a190322dd4_intent.csv, email: mayur.bodhare@tcs.com

2025-12-19 07:50:51 | [32m[1mINFO    [0m | routes.routes        | Upload request received - filename: 87c0e21efae14e298ee8c0a190322dd4_intent.csv, email: mayur.bodhare@tcs.com

2025-12-19 07:50:51 | [32m[1mINFO    [0m | routes.routes        | Upload request received - filename: 87c0e21efae14e298ee8c0a190322dd4_intent.csv, email: mayur.bodhare@tcs.com

2025-12-19 07:50:51 | [32m[1mINFO    [0m | routes.routes        | Upload request received - filename: 87c0e21efae14e298ee8c0a190322dd4_intent.csv, email: mayur.bodhare@tcs.com

2025-12-19 07:50:51 | [32m[1mINFO    [0m | routes.routes        | Saving file to: uploads/87c0e21efae14e298ee8c0a190322dd4_intent.csv

2025-12-19 07:50:51 | [32m[1mINFO    [0m | routes.routes        | Saving file to: uploads/87c0e21efae14e298ee8c0a190322dd4_intent.csv

2025-12-19 07:50:51 | [32m[1mINFO    [0m | routes.routes        | Saving file to: uploads/87c0e21efae14e298ee8c0a190322dd4_intent.csv

2025-12-19 07:50:51 | [32m[1mINFO    [0m | routes.routes        | Saving file to: uploads/87c0e21efae14e298ee8c0a190322dd4_intent.csv

2025-12-19 07:50:51 | [32m[1mINFO    [0m | routes.routes        | File saved successfully: uploads/87c0e21efae14e298ee8c0a190322dd4_intent.csv

2025-12-19 07:50:51 | [32m[1mINFO    [0m | routes.routes        | File saved successfully: uploads/87c0e21efae14e298ee8c0a190322dd4_intent.csv

2025-12-19 07:50:51 | [32m[1mINFO    [0m | routes.routes        | File saved successfully: uploads/87c0e21efae14e298ee8c0a190322dd4_intent.csv

2025-12-19 07:50:51 | [32m[1mINFO    [0m | routes.routes        | File saved successfully: uploads/87c0e21efae14e298ee8c0a190322dd4_intent.csv

2025-12-19 07:50:51 | [32m[1mINFO    [0m | routes.routes        | Validating columns in file: 87c0e21efae14e298ee8c0a190322dd4_intent.csv

2025-12-19 07:50:51 | [32m[1mINFO    [0m | routes.routes        | Validating columns in file: 87c0e21efae14e298ee8c0a190322dd4_intent.csv

2025-12-19 07:50:51 | [32m[1mINFO    [0m | routes.routes        | Validating columns in file: 87c0e21efae14e298ee8c0a190322dd4_intent.csv

2025-12-19 07:50:51 | [32m[1mINFO    [0m | routes.routes        | Validating columns in file: 87c0e21efae14e298ee8c0a190322dd4_intent.csv

2025-12-19 07:50:51 | [32m[1mINFO    [0m | routes.routes        | Column validation passed for file: 87c0e21efae14e298ee8c0a190322dd4_intent.csv

2025-12-19 07:50:51 | [32m[1mINFO    [0m | routes.routes        | Column validation passed for file: 87c0e21efae14e298ee8c0a190322dd4_intent.csv

2025-12-19 07:50:51 | [32m[1mINFO    [0m | routes.routes        | Column validation passed for file: 87c0e21efae14e298ee8c0a190322dd4_intent.csv

2025-12-19 07:50:51 | [32m[1mINFO    [0m | routes.routes        | Column validation passed for file: 87c0e21efae14e298ee8c0a190322dd4_intent.csv

2025-12-19 07:50:51 | [32m[1mINFO    [0m | routes.routes        | Column mapping: {'depute geography': 'depute geography', 'depute country': 'depute country', 'depute branch': 'depute branch', 'depute datacenter': 'depute datacenter', 'question': 'question', 'answer': 'answer'}

2025-12-19 07:50:51 | [32m[1mINFO    [0m | routes.routes        | Column mapping: {'depute geography': 'depute geography', 'depute country': 'depute country', 'depute branch': 'depute branch', 'depute datacenter': 'depute datacenter', 'question': 'question', 'answer': 'answer'}

2025-12-19 07:50:51 | [32m[1mINFO    [0m | routes.routes        | Column mapping: {'depute geography': 'depute geography', 'depute country': 'depute country', 'depute branch': 'depute branch', 'depute datacenter': 'depute datacenter', 'question': 'question', 'answer': 'answer'}

2025-12-19 07:50:51 | [32m[1mINFO    [0m | routes.routes        | Column mapping: {'depute geography': 'depute geography', 'depute country': 'depute country', 'depute branch': 'depute branch', 'depute datacenter': 'depute datacenter', 'question': 'question', 'answer': 'answer'}

2025-12-19 07:50:51 | [32m[1mINFO    [0m | routes.routes        | Saving file with renamed columns to: uploads/39e83f5f48af425ebbd5549666641e06.csv

2025-12-19 07:50:51 | [32m[1mINFO    [0m | routes.routes        | Saving file with renamed columns to: uploads/39e83f5f48af425ebbd5549666641e06.csv

2025-12-19 07:50:51 | [32m[1mINFO    [0m | routes.routes        | Saving file with renamed columns to: uploads/39e83f5f48af425ebbd5549666641e06.csv

2025-12-19 07:50:51 | [32m[1mINFO    [0m | routes.routes        | Saving file with renamed columns to: uploads/39e83f5f48af425ebbd5549666641e06.csv

2025-12-19 07:50:51 | [32m[1mINFO    [0m | routes.routes        | File saved with standardized columns: uploads/39e83f5f48af425ebbd5549666641e06.csv

2025-12-19 07:50:51 | [32m[1mINFO    [0m | routes.routes        | File saved with standardized columns: uploads/39e83f5f48af425ebbd5549666641e06.csv

2025-12-19 07:50:51 | [32m[1mINFO    [0m | routes.routes        | File saved with standardized columns: uploads/39e83f5f48af425ebbd5549666641e06.csv

2025-12-19 07:50:51 | [32m[1mINFO    [0m | routes.routes        | File saved with standardized columns: uploads/39e83f5f48af425ebbd5549666641e06.csv

2025-12-19 07:50:51 | [32m[1mINFO    [0m | routes.routes        | Enqueueing processing task for file: 87c0e21efae14e298ee8c0a190322dd4_intent.csv

2025-12-19 07:50:51 | [32m[1mINFO    [0m | routes.routes        | Enqueueing processing task for file: 87c0e21efae14e298ee8c0a190322dd4_intent.csv

2025-12-19 07:50:51 | [32m[1mINFO    [0m | routes.routes        | Enqueueing processing task for file: 87c0e21efae14e298ee8c0a190322dd4_intent.csv

2025-12-19 07:50:51 | [32m[1mINFO    [0m | routes.routes        | Enqueueing processing task for file: 87c0e21efae14e298ee8c0a190322dd4_intent.csv

2025-12-19 07:50:52 | [32m[1mINFO    [0m | routes.routes        | Task enqueued successfully - task_id: 4bb638ab-38f5-4e0d-a53b-a3844d42596c, file: 87c0e21efae14e298ee8c0a190322dd4_intent.csv

2025-12-19 07:50:52 | [32m[1mINFO    [0m | routes.routes        | Task enqueued successfully - task_id: 4bb638ab-38f5-4e0d-a53b-a3844d42596c, file: 87c0e21efae14e298ee8c0a190322dd4_intent.csv

2025-12-19 07:50:52 | [32m[1mINFO    [0m | routes.routes        | Task enqueued successfully - task_id: 4bb638ab-38f5-4e0d-a53b-a3844d42596c, file: 87c0e21efae14e298ee8c0a190322dd4_intent.csv

2025-12-19 07:50:52 | [32m[1mINFO    [0m | routes.routes        | Task enqueued successfully - task_id: 4bb638ab-38f5-4e0d-a53b-a3844d42596c, file: 87c0e21efae14e298ee8c0a190322dd4_intent.csv

2025-12-19 07:50:52 | [32m[1mINFO    [0m | routes.routes        | Creating database record for task_id: 4bb638ab-38f5-4e0d-a53b-a3844d42596c

2025-12-19 07:50:52 | [32m[1mINFO    [0m | routes.routes        | Creating database record for task_id: 4bb638ab-38f5-4e0d-a53b-a3844d42596c

2025-12-19 07:50:52 | [32m[1mINFO    [0m | routes.routes        | Creating database record for task_id: 4bb638ab-38f5-4e0d-a53b-a3844d42596c

2025-12-19 07:50:52 | [32m[1mINFO    [0m | routes.routes        | Creating database record for task_id: 4bb638ab-38f5-4e0d-a53b-a3844d42596c

2025-12-19 07:50:52 | [32m[1mINFO    [0m | sqlalchemy.engine.Engine | BEGIN (implicit)

2025-12-19 07:50:52 | [32m[1mINFO    [0m | sqlalchemy.engine.Engine | BEGIN (implicit)

2025-12-19 07:50:52 | [32m[1mINFO    [0m | sqlalchemy.engine.Engine | BEGIN (implicit)

2025-12-19 07:50:52 | [32m[1mINFO    [0m | sqlalchemy.engine.Engine | BEGIN (implicit)

2025-12-19 07:50:52 | [32m[1mINFO    [0m | sqlalchemy.engine.Engine | INSERT INTO tasks (job_id, file_id, file_path, email, status, stage, error_message, retry_count, distribution_chart, wordcloud, summary, completed_at) VALUES ($1::VARCHAR, $2::VARCHAR, $3::VARCHAR, $4::VARCHAR, $5::taskstatus, $6::taskstage, $7::VARCHAR, $8::INTEGER, $9::VARCHAR[], $10::VARCHAR[], $11::VARCHAR, $12::TIMESTAMP WITH TIME ZONE) RETURNING tasks.id, tasks.created_at, tasks.updated_at

2025-12-19 07:50:52 | [32m[1mINFO    [0m | sqlalchemy.engine.Engine | INSERT INTO tasks (job_id, file_id, file_path, email, status, stage, error_message, retry_count, distribution_chart, wordcloud, summary, completed_at) VALUES ($1::VARCHAR, $2::VARCHAR, $3::VARCHAR, $4::VARCHAR, $5::taskstatus, $6::taskstage, $7::VARCHAR, $8::INTEGER, $9::VARCHAR[], $10::VARCHAR[], $11::VARCHAR, $12::TIMESTAMP WITH TIME ZONE) RETURNING tasks.id, tasks.created_at, tasks.updated_at

2025-12-19 07:50:52 | [32m[1mINFO    [0m | sqlalchemy.engine.Engine | INSERT INTO tasks (job_id, file_id, file_path, email, status, stage, error_message, retry_count, distribution_chart, wordcloud, summary, completed_at) VALUES ($1::VARCHAR, $2::VARCHAR, $3::VARCHAR, $4::VARCHAR, $5::taskstatus, $6::taskstage, $7::VARCHAR, $8::INTEGER, $9::VARCHAR[], $10::VARCHAR[], $11::VARCHAR, $12::TIMESTAMP WITH TIME ZONE) RETURNING tasks.id, tasks.created_at, tasks.updated_at

2025-12-19 07:50:52 | [32m[1mINFO    [0m | sqlalchemy.engine.Engine | INSERT INTO tasks (job_id, file_id, file_path, email, status, stage, error_message, retry_count, distribution_chart, wordcloud, summary, completed_at) VALUES ($1::VARCHAR, $2::VARCHAR, $3::VARCHAR, $4::VARCHAR, $5::taskstatus, $6::taskstage, $7::VARCHAR, $8::INTEGER, $9::VARCHAR[], $10::VARCHAR[], $11::VARCHAR, $12::TIMESTAMP WITH TIME ZONE) RETURNING tasks.id, tasks.created_at, tasks.updated_at

2025-12-19 07:50:52 | [32m[1mINFO    [0m | sqlalchemy.engine.Engine | [generated in 0.01407s] ('4bb638ab-38f5-4e0d-a53b-a3844d42596c', '39e83f5f48af425ebbd5549666641e06', 'uploads/39e83f5f48af425ebbd5549666641e06.csv', 'mayur.bodhare@tcs.com', 'PENDING', 'QUEUE', None, 0, None, None, None, None)

2025-12-19 07:50:52 | [32m[1mINFO    [0m | sqlalchemy.engine.Engine | [generated in 0.01407s] ('4bb638ab-38f5-4e0d-a53b-a3844d42596c', '39e83f5f48af425ebbd5549666641e06', 'uploads/39e83f5f48af425ebbd5549666641e06.csv', 'mayur.bodhare@tcs.com', 'PENDING', 'QUEUE', None, 0, None, None, None, None)

2025-12-19 07:50:52 | [32m[1mINFO    [0m | sqlalchemy.engine.Engine | [generated in 0.01407s] ('4bb638ab-38f5-4e0d-a53b-a3844d42596c', '39e83f5f48af425ebbd5549666641e06', 'uploads/39e83f5f48af425ebbd5549666641e06.csv', 'mayur.bodhare@tcs.com', 'PENDING', 'QUEUE', None, 0, None, None, None, None)

2025-12-19 07:50:52 | [32m[1mINFO    [0m | sqlalchemy.engine.Engine | [generated in 0.01407s] ('4bb638ab-38f5-4e0d-a53b-a3844d42596c', '39e83f5f48af425ebbd5549666641e06', 'uploads/39e83f5f48af425ebbd5549666641e06.csv', 'mayur.bodhare@tcs.com', 'PENDING', 'QUEUE', None, 0, None, None, None, None)

2025-12-19 07:50:52 | [32m[1mINFO    [0m | sqlalchemy.engine.Engine | ROLLBACK

2025-12-19 07:50:52 | [32m[1mINFO    [0m | sqlalchemy.engine.Engine | ROLLBACK

2025-12-19 07:50:52 | [32m[1mINFO    [0m | sqlalchemy.engine.Engine | ROLLBACK

2025-12-19 07:50:52 | [32m[1mINFO    [0m | sqlalchemy.engine.Engine | ROLLBACK

2025-12-19 07:50:52 | [31m[1mERROR   [0m | routes.routes        | Failed to create database record for task 4bb638ab-38f5-4e0d-a53b-a3844d42596c: (sqlalchemy.dialects.postgresql.asyncpg.ProgrammingError) <class 'asyncpg.exceptions.UndefinedTableError'>: relation "tasks" does not exist
[SQL: INSERT INTO tasks (job_id, file_id, file_path, email, status, stage, error_message, retry_count, distribution_chart, wordcloud, summary, completed_at) VALUES ($1::VARCHAR, $2::VARCHAR, $3::VARCHAR, $4::VARCHAR, $5::taskstatus, $6::taskstage, $7::VARCHAR, $8::INTEGER, $9::VARCHAR[], $10::VARCHAR[], $11::VARCHAR, $12::TIMESTAMP WITH TIME ZONE) RETURNING tasks.id, tasks.created_at, tasks.updated_at]
[parameters: ('4bb638ab-38f5-4e0d-a53b-a3844d42596c', '39e83f5f48af425ebbd5549666641e06', 'uploads/39e83f5f48af425ebbd5549666641e06.csv', 'mayur.bodhare@tcs.com', 'PENDING', 'QUEUE', None, 0, None, None, None, None)]
(Background on this error at: https://sqlalche.me/e/20/f405)

2025-12-19 07:50:52 | [31m[1mERROR   [0m | routes.routes        | Failed to create database record for task 4bb638ab-38f5-4e0d-a53b-a3844d42596c: (sqlalchemy.dialects.postgresql.asyncpg.ProgrammingError) <class 'asyncpg.exceptions.UndefinedTableError'>: relation "tasks" does not exist
[SQL: INSERT INTO tasks (job_id, file_id, file_path, email, status, stage, error_message, retry_count, distribution_chart, wordcloud, summary, completed_at) VALUES ($1::VARCHAR, $2::VARCHAR, $3::VARCHAR, $4::VARCHAR, $5::taskstatus, $6::taskstage, $7::VARCHAR, $8::INTEGER, $9::VARCHAR[], $10::VARCHAR[], $11::VARCHAR, $12::TIMESTAMP WITH TIME ZONE) RETURNING tasks.id, tasks.created_at, tasks.updated_at]
[parameters: ('4bb638ab-38f5-4e0d-a53b-a3844d42596c', '39e83f5f48af425ebbd5549666641e06', 'uploads/39e83f5f48af425ebbd5549666641e06.csv', 'mayur.bodhare@tcs.com', 'PENDING', 'QUEUE', None, 0, None, None, None, None)]
(Background on this error at: https://sqlalche.me/e/20/f405)

2025-12-19 07:50:52 | [31m[1mERROR   [0m | routes.routes        | Failed to create database record for task 4bb638ab-38f5-4e0d-a53b-a3844d42596c: (sqlalchemy.dialects.postgresql.asyncpg.ProgrammingError) <class 'asyncpg.exceptions.UndefinedTableError'>: relation "tasks" does not exist
[SQL: INSERT INTO tasks (job_id, file_id, file_path, email, status, stage, error_message, retry_count, distribution_chart, wordcloud, summary, completed_at) VALUES ($1::VARCHAR, $2::VARCHAR, $3::VARCHAR, $4::VARCHAR, $5::taskstatus, $6::taskstage, $7::VARCHAR, $8::INTEGER, $9::VARCHAR[], $10::VARCHAR[], $11::VARCHAR, $12::TIMESTAMP WITH TIME ZONE) RETURNING tasks.id, tasks.created_at, tasks.updated_at]
[parameters: ('4bb638ab-38f5-4e0d-a53b-a3844d42596c', '39e83f5f48af425ebbd5549666641e06', 'uploads/39e83f5f48af425ebbd5549666641e06.csv', 'mayur.bodhare@tcs.com', 'PENDING', 'QUEUE', None, 0, None, None, None, None)]
(Background on this error at: https://sqlalche.me/e/20/f405)

2025-12-19 07:50:52 | [31m[1mERROR   [0m | routes.routes        | Failed to create database record for task 4bb638ab-38f5-4e0d-a53b-a3844d42596c: (sqlalchemy.dialects.postgresql.asyncpg.ProgrammingError) <class 'asyncpg.exceptions.UndefinedTableError'>: relation "tasks" does not exist
[SQL: INSERT INTO tasks (job_id, file_id, file_path, email, status, stage, error_message, retry_count, distribution_chart, wordcloud, summary, completed_at) VALUES ($1::VARCHAR, $2::VARCHAR, $3::VARCHAR, $4::VARCHAR, $5::taskstatus, $6::taskstage, $7::VARCHAR, $8::INTEGER, $9::VARCHAR[], $10::VARCHAR[], $11::VARCHAR, $12::TIMESTAMP WITH TIME ZONE) RETURNING tasks.id, tasks.created_at, tasks.updated_at]
[parameters: ('4bb638ab-38f5-4e0d-a53b-a3844d42596c', '39e83f5f48af425ebbd5549666641e06', 'uploads/39e83f5f48af425ebbd5549666641e06.csv', 'mayur.bodhare@tcs.com', 'PENDING', 'QUEUE', None, 0, None, None, None, None)]
(Background on this error at: https://sqlalche.me/e/20/f405)

2025-12-19 07:50:52 | [33m[1mWARNING [0m | routes.routes        | Continuing despite database error - task is already queued

2025-12-19 07:50:52 | [33m[1mWARNING [0m | routes.routes        | Continuing despite database error - task is already queued

2025-12-19 07:50:52 | [33m[1mWARNING [0m | routes.routes        | Continuing despite database error - task is already queued

2025-12-19 07:50:52 | [33m[1mWARNING [0m | routes.routes        | Continuing despite database error - task is already queued

2025-12-19 07:50:52 | [32m[1mINFO    [0m | routes.routes        | Sending confirmation email to: mayur.bodhare@tcs.com, task_id: 4bb638ab-38f5-4e0d-a53b-a3844d42596c

2025-12-19 07:50:52 | [32m[1mINFO    [0m | routes.routes        | Sending confirmation email to: mayur.bodhare@tcs.com, task_id: 4bb638ab-38f5-4e0d-a53b-a3844d42596c

2025-12-19 07:50:52 | [32m[1mINFO    [0m | routes.routes        | Sending confirmation email to: mayur.bodhare@tcs.com, task_id: 4bb638ab-38f5-4e0d-a53b-a3844d42596c

2025-12-19 07:50:52 | [32m[1mINFO    [0m | routes.routes        | Sending confirmation email to: mayur.bodhare@tcs.com, task_id: 4bb638ab-38f5-4e0d-a53b-a3844d42596c

2025-12-19 07:50:52 | [32m[1mINFO    [0m | email_sender         | Sending task email to mayur.bodhare@tcs.com for task 4bb638ab-38f5-4e0d-a53b-a3844d42596c

2025-12-19 07:50:52 | [32m[1mINFO    [0m | email_sender         | Sending task email to mayur.bodhare@tcs.com for task 4bb638ab-38f5-4e0d-a53b-a3844d42596c

2025-12-19 07:50:52 | [32m[1mINFO    [0m | email_sender         | Sending task email to mayur.bodhare@tcs.com for task 4bb638ab-38f5-4e0d-a53b-a3844d42596c

2025-12-19 07:50:52 | [32m[1mINFO    [0m | email_sender         | Sending task email to mayur.bodhare@tcs.com for task 4bb638ab-38f5-4e0d-a53b-a3844d42596c

2025-12-19 07:50:54 | [32m[1mINFO    [0m | httpx                | HTTP Request: POST https://api.brevo.com/v3/smtp/email "HTTP/1.1 201 Created"

2025-12-19 07:50:54 | [32m[1mINFO    [0m | httpx                | HTTP Request: POST https://api.brevo.com/v3/smtp/email "HTTP/1.1 201 Created"

2025-12-19 07:50:54 | [32m[1mINFO    [0m | httpx                | HTTP Request: POST https://api.brevo.com/v3/smtp/email "HTTP/1.1 201 Created"

2025-12-19 07:50:54 | [32m[1mINFO    [0m | httpx                | HTTP Request: POST https://api.brevo.com/v3/smtp/email "HTTP/1.1 201 Created"

2025-12-19 07:50:54 | [32m[1mINFO    [0m | email_sender         | Email with attachment sent successfully to mayur.bodhare@tcs.com

2025-12-19 07:50:54 | [32m[1mINFO    [0m | email_sender         | Email with attachment sent successfully to mayur.bodhare@tcs.com

2025-12-19 07:50:54 | [32m[1mINFO    [0m | email_sender         | Email with attachment sent successfully to mayur.bodhare@tcs.com

2025-12-19 07:50:54 | [32m[1mINFO    [0m | email_sender         | Email with attachment sent successfully to mayur.bodhare@tcs.com

2025-12-19 07:50:54 | [32m[1mINFO    [0m | routes.routes        | Confirmation email sent successfully to: mayur.bodhare@tcs.com

2025-12-19 07:50:54 | [32m[1mINFO    [0m | routes.routes        | Confirmation email sent successfully to: mayur.bodhare@tcs.com

2025-12-19 07:50:54 | [32m[1mINFO    [0m | routes.routes        | Confirmation email sent successfully to: mayur.bodhare@tcs.com

2025-12-19 07:50:54 | [32m[1mINFO    [0m | routes.routes        | Confirmation email sent successfully to: mayur.bodhare@tcs.com

2025-12-19 07:50:54 | [32m[1mINFO    [0m | routes.routes        | Upload process completed successfully - filename: 87c0e21efae14e298ee8c0a190322dd4_intent.csv, task_id: 4bb638ab-38f5-4e0d-a53b-a3844d42596c, email: mayur.bodhare@tcs.com

2025-12-19 07:50:54 | [32m[1mINFO    [0m | routes.routes        | Upload process completed successfully - filename: 87c0e21efae14e298ee8c0a190322dd4_intent.csv, task_id: 4bb638ab-38f5-4e0d-a53b-a3844d42596c, email: mayur.bodhare@tcs.com

2025-12-19 07:50:54 | [32m[1mINFO    [0m | routes.routes        | Upload process completed successfully - filename: 87c0e21efae14e298ee8c0a190322dd4_intent.csv, task_id: 4bb638ab-38f5-4e0d-a53b-a3844d42596c, email: mayur.bodhare@tcs.com

2025-12-19 07:50:54 | [32m[1mINFO    [0m | routes.routes        | Upload process completed successfully - filename: 87c0e21efae14e298ee8c0a190322dd4_intent.csv, task_id: 4bb638ab-38f5-4e0d-a53b-a3844d42596c, email: mayur.bodhare@tcs.com

2025-12-19 07:50:54 | [32m[1mINFO    [0m | main                 | Request completed: POST /api/v1/upload - Status: 200

2025-12-19 07:50:54 | [32m[1mINFO    [0m | main                 | Request completed: POST /api/v1/upload - Status: 200

2025-12-19 07:50:54 | [32m[1mINFO    [0m | main                 | Request completed: POST /api/v1/upload - Status: 200

2025-12-19 07:50:54 | [32m[1mINFO    [0m | main                 | Request completed: POST /api/v1/upload - Status: 200

2025-12-19 07:52:44 | [32m[1mINFO    [0m | argostranslate.utils | ('Looking for cached Spacy xx_sent_ud_sm.',)

2025-12-19 07:52:51 | [32m[1mINFO    [0m | main                 | Incoming request: POST /api/v1/upload

2025-12-19 07:52:51 | [32m[1mINFO    [0m | main                 | Incoming request: POST /api/v1/upload

2025-12-19 07:52:51 | [32m[1mINFO    [0m | main                 | Incoming request: POST /api/v1/upload

2025-12-19 07:52:51 | [32m[1mINFO    [0m | main                 | Incoming request: POST /api/v1/upload

2025-12-19 07:52:51 | [32m[1mINFO    [0m | routes.routes        | Upload request received - filename: 87c0e21efae14e298ee8c0a190322dd4_intent.csv, email: user@example.com

2025-12-19 07:52:51 | [32m[1mINFO    [0m | routes.routes        | Upload request received - filename: 87c0e21efae14e298ee8c0a190322dd4_intent.csv, email: user@example.com

2025-12-19 07:52:51 | [32m[1mINFO    [0m | routes.routes        | Upload request received - filename: 87c0e21efae14e298ee8c0a190322dd4_intent.csv, email: user@example.com

2025-12-19 07:52:51 | [32m[1mINFO    [0m | routes.routes        | Upload request received - filename: 87c0e21efae14e298ee8c0a190322dd4_intent.csv, email: user@example.com

2025-12-19 07:52:51 | [32m[1mINFO    [0m | routes.routes        | Saving file to: uploads/87c0e21efae14e298ee8c0a190322dd4_intent.csv

2025-12-19 07:52:51 | [32m[1mINFO    [0m | routes.routes        | Saving file to: uploads/87c0e21efae14e298ee8c0a190322dd4_intent.csv

2025-12-19 07:52:51 | [32m[1mINFO    [0m | routes.routes        | Saving file to: uploads/87c0e21efae14e298ee8c0a190322dd4_intent.csv

2025-12-19 07:52:51 | [32m[1mINFO    [0m | routes.routes        | Saving file to: uploads/87c0e21efae14e298ee8c0a190322dd4_intent.csv

2025-12-19 07:52:51 | [32m[1mINFO    [0m | routes.routes        | File saved successfully: uploads/87c0e21efae14e298ee8c0a190322dd4_intent.csv

2025-12-19 07:52:51 | [32m[1mINFO    [0m | routes.routes        | File saved successfully: uploads/87c0e21efae14e298ee8c0a190322dd4_intent.csv

2025-12-19 07:52:51 | [32m[1mINFO    [0m | routes.routes        | File saved successfully: uploads/87c0e21efae14e298ee8c0a190322dd4_intent.csv

2025-12-19 07:52:51 | [32m[1mINFO    [0m | routes.routes        | File saved successfully: uploads/87c0e21efae14e298ee8c0a190322dd4_intent.csv

2025-12-19 07:52:51 | [32m[1mINFO    [0m | routes.routes        | Validating columns in file: 87c0e21efae14e298ee8c0a190322dd4_intent.csv

2025-12-19 07:52:51 | [32m[1mINFO    [0m | routes.routes        | Validating columns in file: 87c0e21efae14e298ee8c0a190322dd4_intent.csv

2025-12-19 07:52:51 | [32m[1mINFO    [0m | routes.routes        | Validating columns in file: 87c0e21efae14e298ee8c0a190322dd4_intent.csv

2025-12-19 07:52:51 | [32m[1mINFO    [0m | routes.routes        | Validating columns in file: 87c0e21efae14e298ee8c0a190322dd4_intent.csv

2025-12-19 07:52:51 | [32m[1mINFO    [0m | routes.routes        | Column validation passed for file: 87c0e21efae14e298ee8c0a190322dd4_intent.csv

2025-12-19 07:52:51 | [32m[1mINFO    [0m | routes.routes        | Column validation passed for file: 87c0e21efae14e298ee8c0a190322dd4_intent.csv

2025-12-19 07:52:51 | [32m[1mINFO    [0m | routes.routes        | Column validation passed for file: 87c0e21efae14e298ee8c0a190322dd4_intent.csv

2025-12-19 07:52:51 | [32m[1mINFO    [0m | routes.routes        | Column validation passed for file: 87c0e21efae14e298ee8c0a190322dd4_intent.csv

2025-12-19 07:52:51 | [32m[1mINFO    [0m | routes.routes        | Column mapping: {'depute geography': 'depute geography', 'depute country': 'depute country', 'depute branch': 'depute branch', 'depute datacenter': 'depute datacenter', 'question': 'question', 'answer': 'answer'}

2025-12-19 07:52:51 | [32m[1mINFO    [0m | routes.routes        | Column mapping: {'depute geography': 'depute geography', 'depute country': 'depute country', 'depute branch': 'depute branch', 'depute datacenter': 'depute datacenter', 'question': 'question', 'answer': 'answer'}

2025-12-19 07:52:51 | [32m[1mINFO    [0m | routes.routes        | Column mapping: {'depute geography': 'depute geography', 'depute country': 'depute country', 'depute branch': 'depute branch', 'depute datacenter': 'depute datacenter', 'question': 'question', 'answer': 'answer'}

2025-12-19 07:52:51 | [32m[1mINFO    [0m | routes.routes        | Column mapping: {'depute geography': 'depute geography', 'depute country': 'depute country', 'depute branch': 'depute branch', 'depute datacenter': 'depute datacenter', 'question': 'question', 'answer': 'answer'}

2025-12-19 07:52:51 | [32m[1mINFO    [0m | routes.routes        | Saving file with renamed columns to: uploads/a4fc627c228c4bdf8daa4d8920698c7d.csv

2025-12-19 07:52:51 | [32m[1mINFO    [0m | routes.routes        | Saving file with renamed columns to: uploads/a4fc627c228c4bdf8daa4d8920698c7d.csv

2025-12-19 07:52:51 | [32m[1mINFO    [0m | routes.routes        | Saving file with renamed columns to: uploads/a4fc627c228c4bdf8daa4d8920698c7d.csv

2025-12-19 07:52:51 | [32m[1mINFO    [0m | routes.routes        | Saving file with renamed columns to: uploads/a4fc627c228c4bdf8daa4d8920698c7d.csv

2025-12-19 07:52:51 | [32m[1mINFO    [0m | routes.routes        | File saved with standardized columns: uploads/a4fc627c228c4bdf8daa4d8920698c7d.csv

2025-12-19 07:52:51 | [32m[1mINFO    [0m | routes.routes        | File saved with standardized columns: uploads/a4fc627c228c4bdf8daa4d8920698c7d.csv

2025-12-19 07:52:51 | [32m[1mINFO    [0m | routes.routes        | File saved with standardized columns: uploads/a4fc627c228c4bdf8daa4d8920698c7d.csv

2025-12-19 07:52:51 | [32m[1mINFO    [0m | routes.routes        | File saved with standardized columns: uploads/a4fc627c228c4bdf8daa4d8920698c7d.csv

2025-12-19 07:52:51 | [32m[1mINFO    [0m | routes.routes        | Enqueueing processing task for file: 87c0e21efae14e298ee8c0a190322dd4_intent.csv

2025-12-19 07:52:51 | [32m[1mINFO    [0m | routes.routes        | Enqueueing processing task for file: 87c0e21efae14e298ee8c0a190322dd4_intent.csv

2025-12-19 07:52:51 | [32m[1mINFO    [0m | routes.routes        | Enqueueing processing task for file: 87c0e21efae14e298ee8c0a190322dd4_intent.csv

2025-12-19 07:52:51 | [32m[1mINFO    [0m | routes.routes        | Enqueueing processing task for file: 87c0e21efae14e298ee8c0a190322dd4_intent.csv

2025-12-19 07:52:51 | [32m[1mINFO    [0m | routes.routes        | Task enqueued successfully - task_id: 2f6e02f0-06d8-434c-bb2d-5a38ea7d80f9, file: 87c0e21efae14e298ee8c0a190322dd4_intent.csv

2025-12-19 07:52:51 | [32m[1mINFO    [0m | routes.routes        | Task enqueued successfully - task_id: 2f6e02f0-06d8-434c-bb2d-5a38ea7d80f9, file: 87c0e21efae14e298ee8c0a190322dd4_intent.csv

2025-12-19 07:52:51 | [32m[1mINFO    [0m | routes.routes        | Task enqueued successfully - task_id: 2f6e02f0-06d8-434c-bb2d-5a38ea7d80f9, file: 87c0e21efae14e298ee8c0a190322dd4_intent.csv

2025-12-19 07:52:51 | [32m[1mINFO    [0m | routes.routes        | Task enqueued successfully - task_id: 2f6e02f0-06d8-434c-bb2d-5a38ea7d80f9, file: 87c0e21efae14e298ee8c0a190322dd4_intent.csv

2025-12-19 07:52:51 | [32m[1mINFO    [0m | routes.routes        | Creating database record for task_id: 2f6e02f0-06d8-434c-bb2d-5a38ea7d80f9

2025-12-19 07:52:51 | [32m[1mINFO    [0m | routes.routes        | Creating database record for task_id: 2f6e02f0-06d8-434c-bb2d-5a38ea7d80f9

2025-12-19 07:52:51 | [32m[1mINFO    [0m | routes.routes        | Creating database record for task_id: 2f6e02f0-06d8-434c-bb2d-5a38ea7d80f9

2025-12-19 07:52:51 | [32m[1mINFO    [0m | routes.routes        | Creating database record for task_id: 2f6e02f0-06d8-434c-bb2d-5a38ea7d80f9

2025-12-19 07:52:51 | [32m[1mINFO    [0m | sqlalchemy.engine.Engine | BEGIN (implicit)

2025-12-19 07:52:51 | [32m[1mINFO    [0m | sqlalchemy.engine.Engine | BEGIN (implicit)

2025-12-19 07:52:51 | [32m[1mINFO    [0m | sqlalchemy.engine.Engine | BEGIN (implicit)

2025-12-19 07:52:51 | [32m[1mINFO    [0m | sqlalchemy.engine.Engine | BEGIN (implicit)

2025-12-19 07:52:51 | [32m[1mINFO    [0m | sqlalchemy.engine.Engine | INSERT INTO tasks (job_id, file_id, file_path, email, status, stage, error_message, retry_count, distribution_chart, wordcloud, summary, completed_at) VALUES ($1::VARCHAR, $2::VARCHAR, $3::VARCHAR, $4::VARCHAR, $5::taskstatus, $6::taskstage, $7::VARCHAR, $8::INTEGER, $9::VARCHAR[], $10::VARCHAR[], $11::VARCHAR, $12::TIMESTAMP WITH TIME ZONE) RETURNING tasks.id, tasks.created_at, tasks.updated_at

2025-12-19 07:52:51 | [32m[1mINFO    [0m | sqlalchemy.engine.Engine | INSERT INTO tasks (job_id, file_id, file_path, email, status, stage, error_message, retry_count, distribution_chart, wordcloud, summary, completed_at) VALUES ($1::VARCHAR, $2::VARCHAR, $3::VARCHAR, $4::VARCHAR, $5::taskstatus, $6::taskstage, $7::VARCHAR, $8::INTEGER, $9::VARCHAR[], $10::VARCHAR[], $11::VARCHAR, $12::TIMESTAMP WITH TIME ZONE) RETURNING tasks.id, tasks.created_at, tasks.updated_at

2025-12-19 07:52:51 | [32m[1mINFO    [0m | sqlalchemy.engine.Engine | INSERT INTO tasks (job_id, file_id, file_path, email, status, stage, error_message, retry_count, distribution_chart, wordcloud, summary, completed_at) VALUES ($1::VARCHAR, $2::VARCHAR, $3::VARCHAR, $4::VARCHAR, $5::taskstatus, $6::taskstage, $7::VARCHAR, $8::INTEGER, $9::VARCHAR[], $10::VARCHAR[], $11::VARCHAR, $12::TIMESTAMP WITH TIME ZONE) RETURNING tasks.id, tasks.created_at, tasks.updated_at

2025-12-19 07:52:51 | [32m[1mINFO    [0m | sqlalchemy.engine.Engine | INSERT INTO tasks (job_id, file_id, file_path, email, status, stage, error_message, retry_count, distribution_chart, wordcloud, summary, completed_at) VALUES ($1::VARCHAR, $2::VARCHAR, $3::VARCHAR, $4::VARCHAR, $5::taskstatus, $6::taskstage, $7::VARCHAR, $8::INTEGER, $9::VARCHAR[], $10::VARCHAR[], $11::VARCHAR, $12::TIMESTAMP WITH TIME ZONE) RETURNING tasks.id, tasks.created_at, tasks.updated_at

2025-12-19 07:52:51 | [32m[1mINFO    [0m | sqlalchemy.engine.Engine | [cached since 119.8s ago] ('2f6e02f0-06d8-434c-bb2d-5a38ea7d80f9', 'a4fc627c228c4bdf8daa4d8920698c7d', 'uploads/a4fc627c228c4bdf8daa4d8920698c7d.csv', 'user@example.com', 'PENDING', 'QUEUE', None, 0, None, None, None, None)

2025-12-19 07:52:51 | [32m[1mINFO    [0m | sqlalchemy.engine.Engine | [cached since 119.8s ago] ('2f6e02f0-06d8-434c-bb2d-5a38ea7d80f9', 'a4fc627c228c4bdf8daa4d8920698c7d', 'uploads/a4fc627c228c4bdf8daa4d8920698c7d.csv', 'user@example.com', 'PENDING', 'QUEUE', None, 0, None, None, None, None)

2025-12-19 07:52:51 | [32m[1mINFO    [0m | sqlalchemy.engine.Engine | [cached since 119.8s ago] ('2f6e02f0-06d8-434c-bb2d-5a38ea7d80f9', 'a4fc627c228c4bdf8daa4d8920698c7d', 'uploads/a4fc627c228c4bdf8daa4d8920698c7d.csv', 'user@example.com', 'PENDING', 'QUEUE', None, 0, None, None, None, None)

2025-12-19 07:52:51 | [32m[1mINFO    [0m | sqlalchemy.engine.Engine | [cached since 119.8s ago] ('2f6e02f0-06d8-434c-bb2d-5a38ea7d80f9', 'a4fc627c228c4bdf8daa4d8920698c7d', 'uploads/a4fc627c228c4bdf8daa4d8920698c7d.csv', 'user@example.com', 'PENDING', 'QUEUE', None, 0, None, None, None, None)

2025-12-19 07:52:51 | [32m[1mINFO    [0m | sqlalchemy.engine.Engine | COMMIT

2025-12-19 07:52:51 | [32m[1mINFO    [0m | sqlalchemy.engine.Engine | COMMIT

2025-12-19 07:52:51 | [32m[1mINFO    [0m | sqlalchemy.engine.Engine | COMMIT

2025-12-19 07:52:51 | [32m[1mINFO    [0m | sqlalchemy.engine.Engine | COMMIT

2025-12-19 07:52:51 | [32m[1mINFO    [0m | sqlalchemy.engine.Engine | BEGIN (implicit)

2025-12-19 07:52:51 | [32m[1mINFO    [0m | sqlalchemy.engine.Engine | BEGIN (implicit)

2025-12-19 07:52:51 | [32m[1mINFO    [0m | sqlalchemy.engine.Engine | BEGIN (implicit)

2025-12-19 07:52:51 | [32m[1mINFO    [0m | sqlalchemy.engine.Engine | BEGIN (implicit)

2025-12-19 07:52:51 | [32m[1mINFO    [0m | sqlalchemy.engine.Engine | SELECT tasks.id, tasks.job_id, tasks.file_id, tasks.file_path, tasks.email, tasks.status, tasks.stage, tasks.error_message, tasks.retry_count, tasks.distribution_chart, tasks.wordcloud, tasks.wordcloud_by_questions, tasks.treemap, tasks.sunburst, tasks.summary, tasks.created_at, tasks.updated_at, tasks.completed_at 
FROM tasks 
WHERE tasks.id = $1::INTEGER

2025-12-19 07:52:51 | [32m[1mINFO    [0m | sqlalchemy.engine.Engine | SELECT tasks.id, tasks.job_id, tasks.file_id, tasks.file_path, tasks.email, tasks.status, tasks.stage, tasks.error_message, tasks.retry_count, tasks.distribution_chart, tasks.wordcloud, tasks.wordcloud_by_questions, tasks.treemap, tasks.sunburst, tasks.summary, tasks.created_at, tasks.updated_at, tasks.completed_at 
FROM tasks 
WHERE tasks.id = $1::INTEGER

2025-12-19 07:52:51 | [32m[1mINFO    [0m | sqlalchemy.engine.Engine | SELECT tasks.id, tasks.job_id, tasks.file_id, tasks.file_path, tasks.email, tasks.status, tasks.stage, tasks.error_message, tasks.retry_count, tasks.distribution_chart, tasks.wordcloud, tasks.wordcloud_by_questions, tasks.treemap, tasks.sunburst, tasks.summary, tasks.created_at, tasks.updated_at, tasks.completed_at 
FROM tasks 
WHERE tasks.id = $1::INTEGER

2025-12-19 07:52:51 | [32m[1mINFO    [0m | sqlalchemy.engine.Engine | SELECT tasks.id, tasks.job_id, tasks.file_id, tasks.file_path, tasks.email, tasks.status, tasks.stage, tasks.error_message, tasks.retry_count, tasks.distribution_chart, tasks.wordcloud, tasks.wordcloud_by_questions, tasks.treemap, tasks.sunburst, tasks.summary, tasks.created_at, tasks.updated_at, tasks.completed_at 
FROM tasks 
WHERE tasks.id = $1::INTEGER

2025-12-19 07:52:51 | [32m[1mINFO    [0m | sqlalchemy.engine.Engine | [generated in 0.00329s] (1,)

2025-12-19 07:52:51 | [32m[1mINFO    [0m | sqlalchemy.engine.Engine | [generated in 0.00329s] (1,)

2025-12-19 07:52:51 | [32m[1mINFO    [0m | sqlalchemy.engine.Engine | [generated in 0.00329s] (1,)

2025-12-19 07:52:51 | [32m[1mINFO    [0m | sqlalchemy.engine.Engine | [generated in 0.00329s] (1,)

2025-12-19 07:52:51 | [32m[1mINFO    [0m | routes.routes        | Database record created successfully for task_id: 2f6e02f0-06d8-434c-bb2d-5a38ea7d80f9

2025-12-19 07:52:51 | [32m[1mINFO    [0m | routes.routes        | Database record created successfully for task_id: 2f6e02f0-06d8-434c-bb2d-5a38ea7d80f9

2025-12-19 07:52:51 | [32m[1mINFO    [0m | routes.routes        | Database record created successfully for task_id: 2f6e02f0-06d8-434c-bb2d-5a38ea7d80f9

2025-12-19 07:52:51 | [32m[1mINFO    [0m | routes.routes        | Database record created successfully for task_id: 2f6e02f0-06d8-434c-bb2d-5a38ea7d80f9

2025-12-19 07:52:51 | [32m[1mINFO    [0m | routes.routes        | Sending confirmation email to: user@example.com, task_id: 2f6e02f0-06d8-434c-bb2d-5a38ea7d80f9

2025-12-19 07:52:51 | [32m[1mINFO    [0m | routes.routes        | Sending confirmation email to: user@example.com, task_id: 2f6e02f0-06d8-434c-bb2d-5a38ea7d80f9

2025-12-19 07:52:51 | [32m[1mINFO    [0m | routes.routes        | Sending confirmation email to: user@example.com, task_id: 2f6e02f0-06d8-434c-bb2d-5a38ea7d80f9

2025-12-19 07:52:51 | [32m[1mINFO    [0m | routes.routes        | Sending confirmation email to: user@example.com, task_id: 2f6e02f0-06d8-434c-bb2d-5a38ea7d80f9

2025-12-19 07:52:51 | [32m[1mINFO    [0m | email_sender         | Sending task email to user@example.com for task 2f6e02f0-06d8-434c-bb2d-5a38ea7d80f9

2025-12-19 07:52:51 | [32m[1mINFO    [0m | email_sender         | Sending task email to user@example.com for task 2f6e02f0-06d8-434c-bb2d-5a38ea7d80f9

2025-12-19 07:52:51 | [32m[1mINFO    [0m | email_sender         | Sending task email to user@example.com for task 2f6e02f0-06d8-434c-bb2d-5a38ea7d80f9

2025-12-19 07:52:51 | [32m[1mINFO    [0m | email_sender         | Sending task email to user@example.com for task 2f6e02f0-06d8-434c-bb2d-5a38ea7d80f9

2025-12-19 07:52:53 | [32m[1mINFO    [0m | httpx                | HTTP Request: POST https://api.brevo.com/v3/smtp/email "HTTP/1.1 201 Created"

2025-12-19 07:52:53 | [32m[1mINFO    [0m | httpx                | HTTP Request: POST https://api.brevo.com/v3/smtp/email "HTTP/1.1 201 Created"

2025-12-19 07:52:53 | [32m[1mINFO    [0m | httpx                | HTTP Request: POST https://api.brevo.com/v3/smtp/email "HTTP/1.1 201 Created"

2025-12-19 07:52:53 | [32m[1mINFO    [0m | httpx                | HTTP Request: POST https://api.brevo.com/v3/smtp/email "HTTP/1.1 201 Created"

2025-12-19 07:52:53 | [32m[1mINFO    [0m | email_sender         | Email with attachment sent successfully to user@example.com

2025-12-19 07:52:53 | [32m[1mINFO    [0m | email_sender         | Email with attachment sent successfully to user@example.com

2025-12-19 07:52:53 | [32m[1mINFO    [0m | email_sender         | Email with attachment sent successfully to user@example.com

2025-12-19 07:52:53 | [32m[1mINFO    [0m | email_sender         | Email with attachment sent successfully to user@example.com

2025-12-19 07:52:53 | [32m[1mINFO    [0m | routes.routes        | Confirmation email sent successfully to: user@example.com

2025-12-19 07:52:53 | [32m[1mINFO    [0m | routes.routes        | Confirmation email sent successfully to: user@example.com

2025-12-19 07:52:53 | [32m[1mINFO    [0m | routes.routes        | Confirmation email sent successfully to: user@example.com

2025-12-19 07:52:53 | [32m[1mINFO    [0m | routes.routes        | Confirmation email sent successfully to: user@example.com

2025-12-19 07:52:53 | [32m[1mINFO    [0m | routes.routes        | Upload process completed successfully - filename: 87c0e21efae14e298ee8c0a190322dd4_intent.csv, task_id: 2f6e02f0-06d8-434c-bb2d-5a38ea7d80f9, email: user@example.com

2025-12-19 07:52:53 | [32m[1mINFO    [0m | routes.routes        | Upload process completed successfully - filename: 87c0e21efae14e298ee8c0a190322dd4_intent.csv, task_id: 2f6e02f0-06d8-434c-bb2d-5a38ea7d80f9, email: user@example.com

2025-12-19 07:52:53 | [32m[1mINFO    [0m | routes.routes        | Upload process completed successfully - filename: 87c0e21efae14e298ee8c0a190322dd4_intent.csv, task_id: 2f6e02f0-06d8-434c-bb2d-5a38ea7d80f9, email: user@example.com

2025-12-19 07:52:53 | [32m[1mINFO    [0m | routes.routes        | Upload process completed successfully - filename: 87c0e21efae14e298ee8c0a190322dd4_intent.csv, task_id: 2f6e02f0-06d8-434c-bb2d-5a38ea7d80f9, email: user@example.com

2025-12-19 07:52:53 | [32m[1mINFO    [0m | main                 | Request completed: POST /api/v1/upload - Status: 200

2025-12-19 07:52:53 | [32m[1mINFO    [0m | main                 | Request completed: POST /api/v1/upload - Status: 200

2025-12-19 07:52:53 | [32m[1mINFO    [0m | main                 | Request completed: POST /api/v1/upload - Status: 200

2025-12-19 07:52:53 | [32m[1mINFO    [0m | main                 | Request completed: POST /api/v1/upload - Status: 200

2025-12-19 07:52:53 | [32m[1mINFO    [0m | sqlalchemy.engine.Engine | ROLLBACK

2025-12-19 07:52:53 | [32m[1mINFO    [0m | sqlalchemy.engine.Engine | ROLLBACK

2025-12-19 07:52:53 | [32m[1mINFO    [0m | sqlalchemy.engine.Engine | ROLLBACK

2025-12-19 07:52:53 | [32m[1mINFO    [0m | sqlalchemy.engine.Engine | ROLLBACK

2025-12-19 08:13:49 | [32m[1mINFO    [0m | main                 | Closing database

2025-12-19 08:13:49 | [32m[1mINFO    [0m | main                 | Closing database

2025-12-19 08:13:49 | [32m[1mINFO    [0m | main                 | Closing database

2025-12-19 08:13:49 | [32m[1mINFO    [0m | main                 | Closing database

2025-12-19 08:13:49 | [32m[1mINFO    [0m | main                 | Database closed

2025-12-19 08:13:49 | [32m[1mINFO    [0m | main                 | Database closed

2025-12-19 08:13:49 | [32m[1mINFO    [0m | main                 | Database closed

2025-12-19 08:13:49 | [32m[1mINFO    [0m | main                 | Database closed

2025-12-19 08:13:49 | [32m[1mINFO    [0m | main                 | Shutting down application

2025-12-19 08:13:49 | [32m[1mINFO    [0m | main                 | Shutting down application

2025-12-19 08:13:49 | [32m[1mINFO    [0m | main                 | Shutting down application

2025-12-19 08:13:49 | [32m[1mINFO    [0m | main                 | Shutting down application

2025-12-19 08:14:05 | [32m[1mINFO    [0m | argostranslate.utils | ('Looking for cached Spacy xx_sent_ud_sm.',)

2025-12-19 08:14:06 | [32m[1mINFO    [0m | main                 | API routes registered at /api/v1

2025-12-19 08:14:06 | [32m[1mINFO    [0m | main                 | API routes registered at /api/v1

2025-12-19 08:14:06 | [32m[1mINFO    [0m | main                 | API routes registered at /api/v1

2025-12-19 08:14:06 | [32m[1mINFO    [0m | main                 | API routes registered at /api/v1

2025-12-19 08:14:06 | [32m[1mINFO    [0m | main                 | Starting Background Jobs Feedback Analyzer FastAPI Backend

2025-12-19 08:14:06 | [32m[1mINFO    [0m | main                 | Starting Background Jobs Feedback Analyzer FastAPI Backend

2025-12-19 08:14:06 | [32m[1mINFO    [0m | main                 | Starting Background Jobs Feedback Analyzer FastAPI Backend

2025-12-19 08:14:06 | [32m[1mINFO    [0m | main                 | Starting Background Jobs Feedback Analyzer FastAPI Backend

2025-12-19 08:14:06 | [32m[1mINFO    [0m | main                 | Environment: development

2025-12-19 08:14:06 | [32m[1mINFO    [0m | main                 | Environment: development

2025-12-19 08:14:06 | [32m[1mINFO    [0m | main                 | Environment: development

2025-12-19 08:14:06 | [32m[1mINFO    [0m | main                 | Environment: development

2025-12-19 08:14:06 | [32m[1mINFO    [0m | main                 | Allowed origins: ['*']

2025-12-19 08:14:06 | [32m[1mINFO    [0m | main                 | Allowed origins: ['*']

2025-12-19 08:14:06 | [32m[1mINFO    [0m | main                 | Allowed origins: ['*']

2025-12-19 08:14:06 | [32m[1mINFO    [0m | main                 | Allowed origins: ['*']

2025-12-19 08:14:06 | [32m[1mINFO    [0m | main                 | Application started

2025-12-19 08:14:06 | [32m[1mINFO    [0m | main                 | Application started

2025-12-19 08:14:06 | [32m[1mINFO    [0m | main                 | Application started

2025-12-19 08:14:06 | [32m[1mINFO    [0m | main                 | Application started

2025-12-19 08:14:06 | [32m[1mINFO    [0m | main                 | Initializing database

2025-12-19 08:14:06 | [32m[1mINFO    [0m | main                 | Initializing database

2025-12-19 08:14:06 | [32m[1mINFO    [0m | main                 | Initializing database

2025-12-19 08:14:06 | [32m[1mINFO    [0m | main                 | Initializing database

2025-12-19 08:14:06 | [32m[1mINFO    [0m | sqlalchemy.engine.Engine | select pg_catalog.version()

2025-12-19 08:14:06 | [32m[1mINFO    [0m | sqlalchemy.engine.Engine | select pg_catalog.version()

2025-12-19 08:14:06 | [32m[1mINFO    [0m | sqlalchemy.engine.Engine | select pg_catalog.version()

2025-12-19 08:14:06 | [32m[1mINFO    [0m | sqlalchemy.engine.Engine | select pg_catalog.version()

2025-12-19 08:14:06 | [32m[1mINFO    [0m | sqlalchemy.engine.Engine | [raw sql] ()

2025-12-19 08:14:06 | [32m[1mINFO    [0m | sqlalchemy.engine.Engine | [raw sql] ()

2025-12-19 08:14:06 | [32m[1mINFO    [0m | sqlalchemy.engine.Engine | [raw sql] ()

2025-12-19 08:14:06 | [32m[1mINFO    [0m | sqlalchemy.engine.Engine | [raw sql] ()

2025-12-19 08:14:06 | [32m[1mINFO    [0m | sqlalchemy.engine.Engine | select current_schema()

2025-12-19 08:14:06 | [32m[1mINFO    [0m | sqlalchemy.engine.Engine | select current_schema()

2025-12-19 08:14:06 | [32m[1mINFO    [0m | sqlalchemy.engine.Engine | select current_schema()

2025-12-19 08:14:06 | [32m[1mINFO    [0m | sqlalchemy.engine.Engine | select current_schema()

2025-12-19 08:14:06 | [32m[1mINFO    [0m | sqlalchemy.engine.Engine | [raw sql] ()

2025-12-19 08:14:06 | [32m[1mINFO    [0m | sqlalchemy.engine.Engine | [raw sql] ()

2025-12-19 08:14:06 | [32m[1mINFO    [0m | sqlalchemy.engine.Engine | [raw sql] ()

2025-12-19 08:14:06 | [32m[1mINFO    [0m | sqlalchemy.engine.Engine | [raw sql] ()

2025-12-19 08:14:06 | [32m[1mINFO    [0m | sqlalchemy.engine.Engine | show standard_conforming_strings

2025-12-19 08:14:06 | [32m[1mINFO    [0m | sqlalchemy.engine.Engine | show standard_conforming_strings

2025-12-19 08:14:06 | [32m[1mINFO    [0m | sqlalchemy.engine.Engine | show standard_conforming_strings

2025-12-19 08:14:06 | [32m[1mINFO    [0m | sqlalchemy.engine.Engine | show standard_conforming_strings

2025-12-19 08:14:06 | [32m[1mINFO    [0m | sqlalchemy.engine.Engine | [raw sql] ()

2025-12-19 08:14:06 | [32m[1mINFO    [0m | sqlalchemy.engine.Engine | [raw sql] ()

2025-12-19 08:14:06 | [32m[1mINFO    [0m | sqlalchemy.engine.Engine | [raw sql] ()

2025-12-19 08:14:06 | [32m[1mINFO    [0m | sqlalchemy.engine.Engine | [raw sql] ()

2025-12-19 08:14:06 | [32m[1mINFO    [0m | sqlalchemy.engine.Engine | BEGIN (implicit)

2025-12-19 08:14:06 | [32m[1mINFO    [0m | sqlalchemy.engine.Engine | BEGIN (implicit)

2025-12-19 08:14:06 | [32m[1mINFO    [0m | sqlalchemy.engine.Engine | BEGIN (implicit)

2025-12-19 08:14:06 | [32m[1mINFO    [0m | sqlalchemy.engine.Engine | BEGIN (implicit)

2025-12-19 08:14:06 | [32m[1mINFO    [0m | sqlalchemy.engine.Engine | SELECT pg_catalog.pg_class.relname 
FROM pg_catalog.pg_class JOIN pg_catalog.pg_namespace ON pg_catalog.pg_namespace.oid = pg_catalog.pg_class.relnamespace 
WHERE pg_catalog.pg_class.relname = $1::VARCHAR AND pg_catalog.pg_class.relkind = ANY (ARRAY[$2::VARCHAR, $3::VARCHAR, $4::VARCHAR, $5::VARCHAR, $6::VARCHAR]) AND pg_catalog.pg_table_is_visible(pg_catalog.pg_class.oid) AND pg_catalog.pg_namespace.nspname != $7::VARCHAR

2025-12-19 08:14:06 | [32m[1mINFO    [0m | sqlalchemy.engine.Engine | SELECT pg_catalog.pg_class.relname 
FROM pg_catalog.pg_class JOIN pg_catalog.pg_namespace ON pg_catalog.pg_namespace.oid = pg_catalog.pg_class.relnamespace 
WHERE pg_catalog.pg_class.relname = $1::VARCHAR AND pg_catalog.pg_class.relkind = ANY (ARRAY[$2::VARCHAR, $3::VARCHAR, $4::VARCHAR, $5::VARCHAR, $6::VARCHAR]) AND pg_catalog.pg_table_is_visible(pg_catalog.pg_class.oid) AND pg_catalog.pg_namespace.nspname != $7::VARCHAR

2025-12-19 08:14:06 | [32m[1mINFO    [0m | sqlalchemy.engine.Engine | SELECT pg_catalog.pg_class.relname 
FROM pg_catalog.pg_class JOIN pg_catalog.pg_namespace ON pg_catalog.pg_namespace.oid = pg_catalog.pg_class.relnamespace 
WHERE pg_catalog.pg_class.relname = $1::VARCHAR AND pg_catalog.pg_class.relkind = ANY (ARRAY[$2::VARCHAR, $3::VARCHAR, $4::VARCHAR, $5::VARCHAR, $6::VARCHAR]) AND pg_catalog.pg_table_is_visible(pg_catalog.pg_class.oid) AND pg_catalog.pg_namespace.nspname != $7::VARCHAR

2025-12-19 08:14:06 | [32m[1mINFO    [0m | sqlalchemy.engine.Engine | SELECT pg_catalog.pg_class.relname 
FROM pg_catalog.pg_class JOIN pg_catalog.pg_namespace ON pg_catalog.pg_namespace.oid = pg_catalog.pg_class.relnamespace 
WHERE pg_catalog.pg_class.relname = $1::VARCHAR AND pg_catalog.pg_class.relkind = ANY (ARRAY[$2::VARCHAR, $3::VARCHAR, $4::VARCHAR, $5::VARCHAR, $6::VARCHAR]) AND pg_catalog.pg_table_is_visible(pg_catalog.pg_class.oid) AND pg_catalog.pg_namespace.nspname != $7::VARCHAR

2025-12-19 08:14:06 | [32m[1mINFO    [0m | sqlalchemy.engine.Engine | [generated in 0.00271s] ('tasks', 'r', 'p', 'f', 'v', 'm', 'pg_catalog')

2025-12-19 08:14:06 | [32m[1mINFO    [0m | sqlalchemy.engine.Engine | [generated in 0.00271s] ('tasks', 'r', 'p', 'f', 'v', 'm', 'pg_catalog')

2025-12-19 08:14:06 | [32m[1mINFO    [0m | sqlalchemy.engine.Engine | [generated in 0.00271s] ('tasks', 'r', 'p', 'f', 'v', 'm', 'pg_catalog')

2025-12-19 08:14:06 | [32m[1mINFO    [0m | sqlalchemy.engine.Engine | [generated in 0.00271s] ('tasks', 'r', 'p', 'f', 'v', 'm', 'pg_catalog')

2025-12-19 08:14:06 | [32m[1mINFO    [0m | sqlalchemy.engine.Engine | SELECT pg_catalog.pg_type.typname 
FROM pg_catalog.pg_type JOIN pg_catalog.pg_namespace ON pg_catalog.pg_namespace.oid = pg_catalog.pg_type.typnamespace 
WHERE pg_catalog.pg_type.typname = $1::VARCHAR AND pg_catalog.pg_type_is_visible(pg_catalog.pg_type.oid) AND pg_catalog.pg_namespace.nspname != $2::VARCHAR

2025-12-19 08:14:06 | [32m[1mINFO    [0m | sqlalchemy.engine.Engine | SELECT pg_catalog.pg_type.typname 
FROM pg_catalog.pg_type JOIN pg_catalog.pg_namespace ON pg_catalog.pg_namespace.oid = pg_catalog.pg_type.typnamespace 
WHERE pg_catalog.pg_type.typname = $1::VARCHAR AND pg_catalog.pg_type_is_visible(pg_catalog.pg_type.oid) AND pg_catalog.pg_namespace.nspname != $2::VARCHAR

2025-12-19 08:14:06 | [32m[1mINFO    [0m | sqlalchemy.engine.Engine | SELECT pg_catalog.pg_type.typname 
FROM pg_catalog.pg_type JOIN pg_catalog.pg_namespace ON pg_catalog.pg_namespace.oid = pg_catalog.pg_type.typnamespace 
WHERE pg_catalog.pg_type.typname = $1::VARCHAR AND pg_catalog.pg_type_is_visible(pg_catalog.pg_type.oid) AND pg_catalog.pg_namespace.nspname != $2::VARCHAR

2025-12-19 08:14:06 | [32m[1mINFO    [0m | sqlalchemy.engine.Engine | SELECT pg_catalog.pg_type.typname 
FROM pg_catalog.pg_type JOIN pg_catalog.pg_namespace ON pg_catalog.pg_namespace.oid = pg_catalog.pg_type.typnamespace 
WHERE pg_catalog.pg_type.typname = $1::VARCHAR AND pg_catalog.pg_type_is_visible(pg_catalog.pg_type.oid) AND pg_catalog.pg_namespace.nspname != $2::VARCHAR

2025-12-19 08:14:06 | [32m[1mINFO    [0m | sqlalchemy.engine.Engine | [generated in 0.00198s] ('taskstatus', 'pg_catalog')

2025-12-19 08:14:06 | [32m[1mINFO    [0m | sqlalchemy.engine.Engine | [generated in 0.00198s] ('taskstatus', 'pg_catalog')

2025-12-19 08:14:06 | [32m[1mINFO    [0m | sqlalchemy.engine.Engine | [generated in 0.00198s] ('taskstatus', 'pg_catalog')

2025-12-19 08:14:06 | [32m[1mINFO    [0m | sqlalchemy.engine.Engine | [generated in 0.00198s] ('taskstatus', 'pg_catalog')

2025-12-19 08:14:06 | [32m[1mINFO    [0m | sqlalchemy.engine.Engine | SELECT pg_catalog.pg_type.typname 
FROM pg_catalog.pg_type JOIN pg_catalog.pg_namespace ON pg_catalog.pg_namespace.oid = pg_catalog.pg_type.typnamespace 
WHERE pg_catalog.pg_type.typname = $1::VARCHAR AND pg_catalog.pg_type_is_visible(pg_catalog.pg_type.oid) AND pg_catalog.pg_namespace.nspname != $2::VARCHAR

2025-12-19 08:14:06 | [32m[1mINFO    [0m | sqlalchemy.engine.Engine | SELECT pg_catalog.pg_type.typname 
FROM pg_catalog.pg_type JOIN pg_catalog.pg_namespace ON pg_catalog.pg_namespace.oid = pg_catalog.pg_type.typnamespace 
WHERE pg_catalog.pg_type.typname = $1::VARCHAR AND pg_catalog.pg_type_is_visible(pg_catalog.pg_type.oid) AND pg_catalog.pg_namespace.nspname != $2::VARCHAR

2025-12-19 08:14:06 | [32m[1mINFO    [0m | sqlalchemy.engine.Engine | SELECT pg_catalog.pg_type.typname 
FROM pg_catalog.pg_type JOIN pg_catalog.pg_namespace ON pg_catalog.pg_namespace.oid = pg_catalog.pg_type.typnamespace 
WHERE pg_catalog.pg_type.typname = $1::VARCHAR AND pg_catalog.pg_type_is_visible(pg_catalog.pg_type.oid) AND pg_catalog.pg_namespace.nspname != $2::VARCHAR

2025-12-19 08:14:06 | [32m[1mINFO    [0m | sqlalchemy.engine.Engine | SELECT pg_catalog.pg_type.typname 
FROM pg_catalog.pg_type JOIN pg_catalog.pg_namespace ON pg_catalog.pg_namespace.oid = pg_catalog.pg_type.typnamespace 
WHERE pg_catalog.pg_type.typname = $1::VARCHAR AND pg_catalog.pg_type_is_visible(pg_catalog.pg_type.oid) AND pg_catalog.pg_namespace.nspname != $2::VARCHAR

2025-12-19 08:14:06 | [32m[1mINFO    [0m | sqlalchemy.engine.Engine | [cached since 0.01062s ago] ('taskstage', 'pg_catalog')

2025-12-19 08:14:06 | [32m[1mINFO    [0m | sqlalchemy.engine.Engine | [cached since 0.01062s ago] ('taskstage', 'pg_catalog')

2025-12-19 08:14:06 | [32m[1mINFO    [0m | sqlalchemy.engine.Engine | [cached since 0.01062s ago] ('taskstage', 'pg_catalog')

2025-12-19 08:14:06 | [32m[1mINFO    [0m | sqlalchemy.engine.Engine | [cached since 0.01062s ago] ('taskstage', 'pg_catalog')

2025-12-19 08:14:06 | [32m[1mINFO    [0m | sqlalchemy.engine.Engine | COMMIT

2025-12-19 08:14:06 | [32m[1mINFO    [0m | sqlalchemy.engine.Engine | COMMIT

2025-12-19 08:14:06 | [32m[1mINFO    [0m | sqlalchemy.engine.Engine | COMMIT

2025-12-19 08:14:06 | [32m[1mINFO    [0m | sqlalchemy.engine.Engine | COMMIT

2025-12-19 08:14:06 | [32m[1mINFO    [0m | main                 | Database initialized

2025-12-19 08:14:06 | [32m[1mINFO    [0m | main                 | Database initialized

2025-12-19 08:14:06 | [32m[1mINFO    [0m | main                 | Database initialized

2025-12-19 08:14:06 | [32m[1mINFO    [0m | main                 | Database initialized

2025-12-19 08:14:38 | [32m[1mINFO    [0m | main                 | Closing database

2025-12-19 08:14:38 | [32m[1mINFO    [0m | main                 | Closing database

2025-12-19 08:14:38 | [32m[1mINFO    [0m | main                 | Closing database

2025-12-19 08:14:38 | [32m[1mINFO    [0m | main                 | Closing database

2025-12-19 08:14:38 | [32m[1mINFO    [0m | main                 | Database closed

2025-12-19 08:14:38 | [32m[1mINFO    [0m | main                 | Database closed

2025-12-19 08:14:38 | [32m[1mINFO    [0m | main                 | Database closed

2025-12-19 08:14:38 | [32m[1mINFO    [0m | main                 | Database closed

2025-12-19 08:14:38 | [32m[1mINFO    [0m | main                 | Shutting down application

2025-12-19 08:14:38 | [32m[1mINFO    [0m | main                 | Shutting down application

2025-12-19 08:14:38 | [32m[1mINFO    [0m | main                 | Shutting down application

2025-12-19 08:14:38 | [32m[1mINFO    [0m | main                 | Shutting down application

2025-12-19 08:26:11 | [32m[1mINFO    [0m | main                 | API routes registered at /api/v1

2025-12-19 08:26:11 | [32m[1mINFO    [0m | main                 | API routes registered at /api/v1

2025-12-19 08:26:11 | [32m[1mINFO    [0m | main                 | Starting Background Jobs Feedback Analyzer FastAPI Backend

2025-12-19 08:26:11 | [32m[1mINFO    [0m | main                 | Starting Background Jobs Feedback Analyzer FastAPI Backend

2025-12-19 08:26:11 | [32m[1mINFO    [0m | main                 | Environment: development

2025-12-19 08:26:11 | [32m[1mINFO    [0m | main                 | Environment: development

2025-12-19 08:26:11 | [32m[1mINFO    [0m | main                 | Allowed origins: ['*']

2025-12-19 08:26:11 | [32m[1mINFO    [0m | main                 | Allowed origins: ['*']

2025-12-19 08:26:11 | [32m[1mINFO    [0m | main                 | Application started

2025-12-19 08:26:11 | [32m[1mINFO    [0m | main                 | Application started

2025-12-19 08:26:11 | [32m[1mINFO    [0m | main                 | Initializing database

2025-12-19 08:26:11 | [32m[1mINFO    [0m | main                 | Initializing database

2025-12-19 08:26:11 | [32m[1mINFO    [0m | sqlalchemy.engine.Engine | select pg_catalog.version()

2025-12-19 08:26:11 | [32m[1mINFO    [0m | sqlalchemy.engine.Engine | select pg_catalog.version()

2025-12-19 08:26:11 | [32m[1mINFO    [0m | sqlalchemy.engine.Engine | [raw sql] ()

2025-12-19 08:26:11 | [32m[1mINFO    [0m | sqlalchemy.engine.Engine | [raw sql] ()

2025-12-19 08:26:11 | [32m[1mINFO    [0m | sqlalchemy.engine.Engine | select current_schema()

2025-12-19 08:26:11 | [32m[1mINFO    [0m | sqlalchemy.engine.Engine | select current_schema()

2025-12-19 08:26:11 | [32m[1mINFO    [0m | sqlalchemy.engine.Engine | [raw sql] ()

2025-12-19 08:26:11 | [32m[1mINFO    [0m | sqlalchemy.engine.Engine | [raw sql] ()

2025-12-19 08:26:11 | [32m[1mINFO    [0m | sqlalchemy.engine.Engine | show standard_conforming_strings

2025-12-19 08:26:11 | [32m[1mINFO    [0m | sqlalchemy.engine.Engine | show standard_conforming_strings

2025-12-19 08:26:11 | [32m[1mINFO    [0m | sqlalchemy.engine.Engine | [raw sql] ()

2025-12-19 08:26:11 | [32m[1mINFO    [0m | sqlalchemy.engine.Engine | [raw sql] ()

2025-12-19 08:26:11 | [32m[1mINFO    [0m | sqlalchemy.engine.Engine | BEGIN (implicit)

2025-12-19 08:26:11 | [32m[1mINFO    [0m | sqlalchemy.engine.Engine | BEGIN (implicit)

2025-12-19 08:26:11 | [32m[1mINFO    [0m | sqlalchemy.engine.Engine | SELECT pg_catalog.pg_class.relname 
FROM pg_catalog.pg_class JOIN pg_catalog.pg_namespace ON pg_catalog.pg_namespace.oid = pg_catalog.pg_class.relnamespace 
WHERE pg_catalog.pg_class.relname = $1::VARCHAR AND pg_catalog.pg_class.relkind = ANY (ARRAY[$2::VARCHAR, $3::VARCHAR, $4::VARCHAR, $5::VARCHAR, $6::VARCHAR]) AND pg_catalog.pg_table_is_visible(pg_catalog.pg_class.oid) AND pg_catalog.pg_namespace.nspname != $7::VARCHAR

2025-12-19 08:26:11 | [32m[1mINFO    [0m | sqlalchemy.engine.Engine | SELECT pg_catalog.pg_class.relname 
FROM pg_catalog.pg_class JOIN pg_catalog.pg_namespace ON pg_catalog.pg_namespace.oid = pg_catalog.pg_class.relnamespace 
WHERE pg_catalog.pg_class.relname = $1::VARCHAR AND pg_catalog.pg_class.relkind = ANY (ARRAY[$2::VARCHAR, $3::VARCHAR, $4::VARCHAR, $5::VARCHAR, $6::VARCHAR]) AND pg_catalog.pg_table_is_visible(pg_catalog.pg_class.oid) AND pg_catalog.pg_namespace.nspname != $7::VARCHAR

2025-12-19 08:26:11 | [32m[1mINFO    [0m | sqlalchemy.engine.Engine | [generated in 0.01497s] ('tasks', 'r', 'p', 'f', 'v', 'm', 'pg_catalog')

2025-12-19 08:26:11 | [32m[1mINFO    [0m | sqlalchemy.engine.Engine | [generated in 0.01497s] ('tasks', 'r', 'p', 'f', 'v', 'm', 'pg_catalog')

2025-12-19 08:26:11 | [32m[1mINFO    [0m | sqlalchemy.engine.Engine | SELECT pg_catalog.pg_type.typname 
FROM pg_catalog.pg_type JOIN pg_catalog.pg_namespace ON pg_catalog.pg_namespace.oid = pg_catalog.pg_type.typnamespace 
WHERE pg_catalog.pg_type.typname = $1::VARCHAR AND pg_catalog.pg_type_is_visible(pg_catalog.pg_type.oid) AND pg_catalog.pg_namespace.nspname != $2::VARCHAR

2025-12-19 08:26:11 | [32m[1mINFO    [0m | sqlalchemy.engine.Engine | SELECT pg_catalog.pg_type.typname 
FROM pg_catalog.pg_type JOIN pg_catalog.pg_namespace ON pg_catalog.pg_namespace.oid = pg_catalog.pg_type.typnamespace 
WHERE pg_catalog.pg_type.typname = $1::VARCHAR AND pg_catalog.pg_type_is_visible(pg_catalog.pg_type.oid) AND pg_catalog.pg_namespace.nspname != $2::VARCHAR

2025-12-19 08:26:11 | [32m[1mINFO    [0m | sqlalchemy.engine.Engine | [generated in 0.02500s] ('taskstatus', 'pg_catalog')

2025-12-19 08:26:11 | [32m[1mINFO    [0m | sqlalchemy.engine.Engine | [generated in 0.02500s] ('taskstatus', 'pg_catalog')

2025-12-19 08:26:11 | [32m[1mINFO    [0m | sqlalchemy.engine.Engine | SELECT pg_catalog.pg_type.typname 
FROM pg_catalog.pg_type JOIN pg_catalog.pg_namespace ON pg_catalog.pg_namespace.oid = pg_catalog.pg_type.typnamespace 
WHERE pg_catalog.pg_type.typname = $1::VARCHAR AND pg_catalog.pg_type_is_visible(pg_catalog.pg_type.oid) AND pg_catalog.pg_namespace.nspname != $2::VARCHAR

2025-12-19 08:26:11 | [32m[1mINFO    [0m | sqlalchemy.engine.Engine | SELECT pg_catalog.pg_type.typname 
FROM pg_catalog.pg_type JOIN pg_catalog.pg_namespace ON pg_catalog.pg_namespace.oid = pg_catalog.pg_type.typnamespace 
WHERE pg_catalog.pg_type.typname = $1::VARCHAR AND pg_catalog.pg_type_is_visible(pg_catalog.pg_type.oid) AND pg_catalog.pg_namespace.nspname != $2::VARCHAR

2025-12-19 08:26:11 | [32m[1mINFO    [0m | sqlalchemy.engine.Engine | [cached since 0.05796s ago] ('taskstage', 'pg_catalog')

2025-12-19 08:26:11 | [32m[1mINFO    [0m | sqlalchemy.engine.Engine | [cached since 0.05796s ago] ('taskstage', 'pg_catalog')

2025-12-19 08:26:11 | [32m[1mINFO    [0m | sqlalchemy.engine.Engine | COMMIT

2025-12-19 08:26:11 | [32m[1mINFO    [0m | sqlalchemy.engine.Engine | COMMIT

2025-12-19 08:26:11 | [32m[1mINFO    [0m | main                 | Database initialized

2025-12-19 08:26:11 | [32m[1mINFO    [0m | main                 | Database initialized

2025-12-19 08:26:11 | [32m[1mINFO    [0m | main                 | Incoming request: POST /api/v1/upload

2025-12-19 08:26:11 | [32m[1mINFO    [0m | main                 | Incoming request: POST /api/v1/upload

2025-12-19 08:26:11 | [32m[1mINFO    [0m | routes.routes        | Upload request received - filename: 87c0e21efae14e298ee8c0a190322dd4_intent.csv, email: user@example.com

2025-12-19 08:26:11 | [32m[1mINFO    [0m | routes.routes        | Upload request received - filename: 87c0e21efae14e298ee8c0a190322dd4_intent.csv, email: user@example.com

2025-12-19 08:26:11 | [32m[1mINFO    [0m | routes.routes        | Saving file to: uploads/87c0e21efae14e298ee8c0a190322dd4_intent.csv

2025-12-19 08:26:11 | [32m[1mINFO    [0m | routes.routes        | Saving file to: uploads/87c0e21efae14e298ee8c0a190322dd4_intent.csv

2025-12-19 08:26:11 | [32m[1mINFO    [0m | routes.routes        | File saved successfully: uploads/87c0e21efae14e298ee8c0a190322dd4_intent.csv

2025-12-19 08:26:11 | [32m[1mINFO    [0m | routes.routes        | File saved successfully: uploads/87c0e21efae14e298ee8c0a190322dd4_intent.csv

2025-12-19 08:26:11 | [32m[1mINFO    [0m | routes.routes        | Validating columns in file: 87c0e21efae14e298ee8c0a190322dd4_intent.csv

2025-12-19 08:26:11 | [32m[1mINFO    [0m | routes.routes        | Validating columns in file: 87c0e21efae14e298ee8c0a190322dd4_intent.csv

2025-12-19 08:26:11 | [32m[1mINFO    [0m | routes.routes        | Column validation passed for file: 87c0e21efae14e298ee8c0a190322dd4_intent.csv

2025-12-19 08:26:11 | [32m[1mINFO    [0m | routes.routes        | Column validation passed for file: 87c0e21efae14e298ee8c0a190322dd4_intent.csv

2025-12-19 08:26:11 | [32m[1mINFO    [0m | routes.routes        | Column mapping: {'depute geography': 'depute geography', 'depute country': 'depute country', 'depute branch': 'depute branch', 'depute datacenter': 'depute datacenter', 'question': 'question', 'answer': 'answer'}

2025-12-19 08:26:11 | [32m[1mINFO    [0m | routes.routes        | Column mapping: {'depute geography': 'depute geography', 'depute country': 'depute country', 'depute branch': 'depute branch', 'depute datacenter': 'depute datacenter', 'question': 'question', 'answer': 'answer'}

2025-12-19 08:26:11 | [32m[1mINFO    [0m | routes.routes        | Saving file with renamed columns to: uploads/96a5344b9e48435a9d1b484a63ce55e2.csv

2025-12-19 08:26:11 | [32m[1mINFO    [0m | routes.routes        | Saving file with renamed columns to: uploads/96a5344b9e48435a9d1b484a63ce55e2.csv

2025-12-19 08:26:11 | [32m[1mINFO    [0m | routes.routes        | File saved with standardized columns: uploads/96a5344b9e48435a9d1b484a63ce55e2.csv

2025-12-19 08:26:11 | [32m[1mINFO    [0m | routes.routes        | File saved with standardized columns: uploads/96a5344b9e48435a9d1b484a63ce55e2.csv

2025-12-19 08:26:11 | [32m[1mINFO    [0m | routes.routes        | Enqueueing processing task for file: 87c0e21efae14e298ee8c0a190322dd4_intent.csv

2025-12-19 08:26:11 | [32m[1mINFO    [0m | routes.routes        | Enqueueing processing task for file: 87c0e21efae14e298ee8c0a190322dd4_intent.csv

2025-12-19 08:26:12 | [32m[1mINFO    [0m | routes.routes        | Task enqueued successfully - task_id: 7b2dc942-d52b-45ca-9edf-0a53b12b3985, file: 87c0e21efae14e298ee8c0a190322dd4_intent.csv

2025-12-19 08:26:12 | [32m[1mINFO    [0m | routes.routes        | Task enqueued successfully - task_id: 7b2dc942-d52b-45ca-9edf-0a53b12b3985, file: 87c0e21efae14e298ee8c0a190322dd4_intent.csv

2025-12-19 08:26:12 | [32m[1mINFO    [0m | routes.routes        | Creating database record for task_id: 7b2dc942-d52b-45ca-9edf-0a53b12b3985

2025-12-19 08:26:12 | [32m[1mINFO    [0m | routes.routes        | Creating database record for task_id: 7b2dc942-d52b-45ca-9edf-0a53b12b3985

2025-12-19 08:26:12 | [32m[1mINFO    [0m | sqlalchemy.engine.Engine | BEGIN (implicit)

2025-12-19 08:26:12 | [32m[1mINFO    [0m | sqlalchemy.engine.Engine | BEGIN (implicit)

2025-12-19 08:26:12 | [32m[1mINFO    [0m | sqlalchemy.engine.Engine | INSERT INTO tasks (job_id, file_id, file_path, email, status, stage, error_message, retry_count, distribution_chart, wordcloud, summary, completed_at) VALUES ($1::VARCHAR, $2::VARCHAR, $3::VARCHAR, $4::VARCHAR, $5::taskstatus, $6::taskstage, $7::VARCHAR, $8::INTEGER, $9::VARCHAR[], $10::VARCHAR[], $11::VARCHAR, $12::TIMESTAMP WITH TIME ZONE) RETURNING tasks.id, tasks.created_at, tasks.updated_at

2025-12-19 08:26:12 | [32m[1mINFO    [0m | sqlalchemy.engine.Engine | INSERT INTO tasks (job_id, file_id, file_path, email, status, stage, error_message, retry_count, distribution_chart, wordcloud, summary, completed_at) VALUES ($1::VARCHAR, $2::VARCHAR, $3::VARCHAR, $4::VARCHAR, $5::taskstatus, $6::taskstage, $7::VARCHAR, $8::INTEGER, $9::VARCHAR[], $10::VARCHAR[], $11::VARCHAR, $12::TIMESTAMP WITH TIME ZONE) RETURNING tasks.id, tasks.created_at, tasks.updated_at

2025-12-19 08:26:12 | [32m[1mINFO    [0m | sqlalchemy.engine.Engine | [generated in 0.00621s] ('7b2dc942-d52b-45ca-9edf-0a53b12b3985', '96a5344b9e48435a9d1b484a63ce55e2', 'uploads/96a5344b9e48435a9d1b484a63ce55e2.csv', 'user@example.com', 'PENDING', 'QUEUE', None, 0, None, None, None, None)

2025-12-19 08:26:12 | [32m[1mINFO    [0m | sqlalchemy.engine.Engine | [generated in 0.00621s] ('7b2dc942-d52b-45ca-9edf-0a53b12b3985', '96a5344b9e48435a9d1b484a63ce55e2', 'uploads/96a5344b9e48435a9d1b484a63ce55e2.csv', 'user@example.com', 'PENDING', 'QUEUE', None, 0, None, None, None, None)

2025-12-19 08:26:12 | [32m[1mINFO    [0m | sqlalchemy.engine.Engine | COMMIT

2025-12-19 08:26:12 | [32m[1mINFO    [0m | sqlalchemy.engine.Engine | COMMIT

2025-12-19 08:26:12 | [32m[1mINFO    [0m | sqlalchemy.engine.Engine | BEGIN (implicit)

2025-12-19 08:26:12 | [32m[1mINFO    [0m | sqlalchemy.engine.Engine | BEGIN (implicit)

2025-12-19 08:26:12 | [32m[1mINFO    [0m | sqlalchemy.engine.Engine | SELECT tasks.id, tasks.job_id, tasks.file_id, tasks.file_path, tasks.email, tasks.status, tasks.stage, tasks.error_message, tasks.retry_count, tasks.distribution_chart, tasks.wordcloud, tasks.wordcloud_by_questions, tasks.treemap, tasks.sunburst, tasks.summary, tasks.created_at, tasks.updated_at, tasks.completed_at 
FROM tasks 
WHERE tasks.id = $1::INTEGER

2025-12-19 08:26:12 | [32m[1mINFO    [0m | sqlalchemy.engine.Engine | SELECT tasks.id, tasks.job_id, tasks.file_id, tasks.file_path, tasks.email, tasks.status, tasks.stage, tasks.error_message, tasks.retry_count, tasks.distribution_chart, tasks.wordcloud, tasks.wordcloud_by_questions, tasks.treemap, tasks.sunburst, tasks.summary, tasks.created_at, tasks.updated_at, tasks.completed_at 
FROM tasks 
WHERE tasks.id = $1::INTEGER

2025-12-19 08:26:12 | [32m[1mINFO    [0m | sqlalchemy.engine.Engine | [generated in 0.00158s] (2,)

2025-12-19 08:26:12 | [32m[1mINFO    [0m | sqlalchemy.engine.Engine | [generated in 0.00158s] (2,)

2025-12-19 08:26:12 | [32m[1mINFO    [0m | routes.routes        | Database record created successfully for task_id: 7b2dc942-d52b-45ca-9edf-0a53b12b3985

2025-12-19 08:26:12 | [32m[1mINFO    [0m | routes.routes        | Database record created successfully for task_id: 7b2dc942-d52b-45ca-9edf-0a53b12b3985

2025-12-19 08:26:12 | [32m[1mINFO    [0m | routes.routes        | Sending confirmation email to: user@example.com, task_id: 7b2dc942-d52b-45ca-9edf-0a53b12b3985

2025-12-19 08:26:12 | [32m[1mINFO    [0m | routes.routes        | Sending confirmation email to: user@example.com, task_id: 7b2dc942-d52b-45ca-9edf-0a53b12b3985

2025-12-19 08:26:14 | [32m[1mINFO    [0m | httpx                | HTTP Request: POST https://api.brevo.com/v3/smtp/email "HTTP/1.1 201 Created"

2025-12-19 08:26:14 | [32m[1mINFO    [0m | httpx                | HTTP Request: POST https://api.brevo.com/v3/smtp/email "HTTP/1.1 201 Created"

2025-12-19 08:26:14 | [32m[1mINFO    [0m | routes.routes        | Confirmation email sent successfully to: user@example.com

2025-12-19 08:26:14 | [32m[1mINFO    [0m | routes.routes        | Confirmation email sent successfully to: user@example.com

2025-12-19 08:26:14 | [32m[1mINFO    [0m | routes.routes        | Upload process completed successfully - filename: 87c0e21efae14e298ee8c0a190322dd4_intent.csv, task_id: 7b2dc942-d52b-45ca-9edf-0a53b12b3985, email: user@example.com

2025-12-19 08:26:14 | [32m[1mINFO    [0m | routes.routes        | Upload process completed successfully - filename: 87c0e21efae14e298ee8c0a190322dd4_intent.csv, task_id: 7b2dc942-d52b-45ca-9edf-0a53b12b3985, email: user@example.com

2025-12-19 08:26:14 | [32m[1mINFO    [0m | main                 | Request completed: POST /api/v1/upload - Status: 200

2025-12-19 08:26:14 | [32m[1mINFO    [0m | main                 | Request completed: POST /api/v1/upload - Status: 200

2025-12-19 08:26:14 | [32m[1mINFO    [0m | sqlalchemy.engine.Engine | ROLLBACK

2025-12-19 08:26:14 | [32m[1mINFO    [0m | sqlalchemy.engine.Engine | ROLLBACK

2025-12-19 08:30:32 | [32m[1mINFO    [0m | main                 | Closing database

2025-12-19 08:30:32 | [32m[1mINFO    [0m | main                 | Closing database

2025-12-19 08:30:32 | [32m[1mINFO    [0m | main                 | Database closed

2025-12-19 08:30:32 | [32m[1mINFO    [0m | main                 | Database closed

2025-12-19 08:30:32 | [32m[1mINFO    [0m | main                 | Shutting down application

2025-12-19 08:30:32 | [32m[1mINFO    [0m | main                 | Shutting down application

2025-12-19 08:30:51 | [32m[1mINFO    [0m | main                 | API routes registered at /api/v1

2025-12-19 08:30:51 | [32m[1mINFO    [0m | main                 | API routes registered at /api/v1

2025-12-19 08:30:51 | [32m[1mINFO    [0m | main                 | Starting Background Jobs Feedback Analyzer FastAPI Backend

2025-12-19 08:30:51 | [32m[1mINFO    [0m | main                 | Starting Background Jobs Feedback Analyzer FastAPI Backend

2025-12-19 08:30:51 | [32m[1mINFO    [0m | main                 | Environment: development

2025-12-19 08:30:51 | [32m[1mINFO    [0m | main                 | Environment: development

2025-12-19 08:30:51 | [32m[1mINFO    [0m | main                 | Allowed origins: ['*']

2025-12-19 08:30:51 | [32m[1mINFO    [0m | main                 | Allowed origins: ['*']

2025-12-19 08:30:51 | [32m[1mINFO    [0m | main                 | Application started

2025-12-19 08:30:51 | [32m[1mINFO    [0m | main                 | Application started

2025-12-19 08:30:51 | [32m[1mINFO    [0m | main                 | Initializing database

2025-12-19 08:30:51 | [32m[1mINFO    [0m | main                 | Initializing database

2025-12-19 08:30:51 | [32m[1mINFO    [0m | sqlalchemy.engine.Engine | select pg_catalog.version()

2025-12-19 08:30:51 | [32m[1mINFO    [0m | sqlalchemy.engine.Engine | select pg_catalog.version()

2025-12-19 08:30:51 | [32m[1mINFO    [0m | sqlalchemy.engine.Engine | [raw sql] ()

2025-12-19 08:30:51 | [32m[1mINFO    [0m | sqlalchemy.engine.Engine | [raw sql] ()

2025-12-19 08:30:51 | [32m[1mINFO    [0m | sqlalchemy.engine.Engine | select current_schema()

2025-12-19 08:30:51 | [32m[1mINFO    [0m | sqlalchemy.engine.Engine | select current_schema()

2025-12-19 08:30:51 | [32m[1mINFO    [0m | sqlalchemy.engine.Engine | [raw sql] ()

2025-12-19 08:30:51 | [32m[1mINFO    [0m | sqlalchemy.engine.Engine | [raw sql] ()

2025-12-19 08:30:51 | [32m[1mINFO    [0m | sqlalchemy.engine.Engine | show standard_conforming_strings

2025-12-19 08:30:51 | [32m[1mINFO    [0m | sqlalchemy.engine.Engine | show standard_conforming_strings

2025-12-19 08:30:51 | [32m[1mINFO    [0m | sqlalchemy.engine.Engine | [raw sql] ()

2025-12-19 08:30:51 | [32m[1mINFO    [0m | sqlalchemy.engine.Engine | [raw sql] ()

2025-12-19 08:30:51 | [32m[1mINFO    [0m | sqlalchemy.engine.Engine | BEGIN (implicit)

2025-12-19 08:30:51 | [32m[1mINFO    [0m | sqlalchemy.engine.Engine | BEGIN (implicit)

2025-12-19 08:30:51 | [32m[1mINFO    [0m | sqlalchemy.engine.Engine | SELECT pg_catalog.pg_class.relname 
FROM pg_catalog.pg_class JOIN pg_catalog.pg_namespace ON pg_catalog.pg_namespace.oid = pg_catalog.pg_class.relnamespace 
WHERE pg_catalog.pg_class.relname = $1::VARCHAR AND pg_catalog.pg_class.relkind = ANY (ARRAY[$2::VARCHAR, $3::VARCHAR, $4::VARCHAR, $5::VARCHAR, $6::VARCHAR]) AND pg_catalog.pg_table_is_visible(pg_catalog.pg_class.oid) AND pg_catalog.pg_namespace.nspname != $7::VARCHAR

2025-12-19 08:30:51 | [32m[1mINFO    [0m | sqlalchemy.engine.Engine | SELECT pg_catalog.pg_class.relname 
FROM pg_catalog.pg_class JOIN pg_catalog.pg_namespace ON pg_catalog.pg_namespace.oid = pg_catalog.pg_class.relnamespace 
WHERE pg_catalog.pg_class.relname = $1::VARCHAR AND pg_catalog.pg_class.relkind = ANY (ARRAY[$2::VARCHAR, $3::VARCHAR, $4::VARCHAR, $5::VARCHAR, $6::VARCHAR]) AND pg_catalog.pg_table_is_visible(pg_catalog.pg_class.oid) AND pg_catalog.pg_namespace.nspname != $7::VARCHAR

2025-12-19 08:30:51 | [32m[1mINFO    [0m | sqlalchemy.engine.Engine | [generated in 0.00219s] ('tasks', 'r', 'p', 'f', 'v', 'm', 'pg_catalog')

2025-12-19 08:30:51 | [32m[1mINFO    [0m | sqlalchemy.engine.Engine | [generated in 0.00219s] ('tasks', 'r', 'p', 'f', 'v', 'm', 'pg_catalog')

2025-12-19 08:30:51 | [32m[1mINFO    [0m | sqlalchemy.engine.Engine | SELECT pg_catalog.pg_type.typname 
FROM pg_catalog.pg_type JOIN pg_catalog.pg_namespace ON pg_catalog.pg_namespace.oid = pg_catalog.pg_type.typnamespace 
WHERE pg_catalog.pg_type.typname = $1::VARCHAR AND pg_catalog.pg_type_is_visible(pg_catalog.pg_type.oid) AND pg_catalog.pg_namespace.nspname != $2::VARCHAR

2025-12-19 08:30:51 | [32m[1mINFO    [0m | sqlalchemy.engine.Engine | SELECT pg_catalog.pg_type.typname 
FROM pg_catalog.pg_type JOIN pg_catalog.pg_namespace ON pg_catalog.pg_namespace.oid = pg_catalog.pg_type.typnamespace 
WHERE pg_catalog.pg_type.typname = $1::VARCHAR AND pg_catalog.pg_type_is_visible(pg_catalog.pg_type.oid) AND pg_catalog.pg_namespace.nspname != $2::VARCHAR

2025-12-19 08:30:51 | [32m[1mINFO    [0m | sqlalchemy.engine.Engine | [generated in 0.00120s] ('taskstatus', 'pg_catalog')

2025-12-19 08:30:51 | [32m[1mINFO    [0m | sqlalchemy.engine.Engine | [generated in 0.00120s] ('taskstatus', 'pg_catalog')

2025-12-19 08:30:51 | [32m[1mINFO    [0m | sqlalchemy.engine.Engine | SELECT pg_catalog.pg_type.typname 
FROM pg_catalog.pg_type JOIN pg_catalog.pg_namespace ON pg_catalog.pg_namespace.oid = pg_catalog.pg_type.typnamespace 
WHERE pg_catalog.pg_type.typname = $1::VARCHAR AND pg_catalog.pg_type_is_visible(pg_catalog.pg_type.oid) AND pg_catalog.pg_namespace.nspname != $2::VARCHAR

2025-12-19 08:30:51 | [32m[1mINFO    [0m | sqlalchemy.engine.Engine | SELECT pg_catalog.pg_type.typname 
FROM pg_catalog.pg_type JOIN pg_catalog.pg_namespace ON pg_catalog.pg_namespace.oid = pg_catalog.pg_type.typnamespace 
WHERE pg_catalog.pg_type.typname = $1::VARCHAR AND pg_catalog.pg_type_is_visible(pg_catalog.pg_type.oid) AND pg_catalog.pg_namespace.nspname != $2::VARCHAR

2025-12-19 08:30:51 | [32m[1mINFO    [0m | sqlalchemy.engine.Engine | [cached since 0.008195s ago] ('taskstage', 'pg_catalog')

2025-12-19 08:30:51 | [32m[1mINFO    [0m | sqlalchemy.engine.Engine | [cached since 0.008195s ago] ('taskstage', 'pg_catalog')

2025-12-19 08:30:51 | [32m[1mINFO    [0m | sqlalchemy.engine.Engine | COMMIT

2025-12-19 08:30:51 | [32m[1mINFO    [0m | sqlalchemy.engine.Engine | COMMIT

2025-12-19 08:30:51 | [32m[1mINFO    [0m | main                 | Database initialized

2025-12-19 08:30:51 | [32m[1mINFO    [0m | main                 | Database initialized

2025-12-19 08:31:08 | [32m[1mINFO    [0m | main                 | API routes registered at /api/v1

2025-12-19 08:31:08 | [32m[1mINFO    [0m | main                 | API routes registered at /api/v1

2025-12-19 08:31:08 | [32m[1mINFO    [0m | main                 | Starting Background Jobs Feedback Analyzer FastAPI Backend

2025-12-19 08:31:08 | [32m[1mINFO    [0m | main                 | Starting Background Jobs Feedback Analyzer FastAPI Backend

2025-12-19 08:31:08 | [32m[1mINFO    [0m | main                 | Environment: development

2025-12-19 08:31:08 | [32m[1mINFO    [0m | main                 | Environment: development

2025-12-19 08:31:08 | [32m[1mINFO    [0m | main                 | Allowed origins: ['*']

2025-12-19 08:31:08 | [32m[1mINFO    [0m | main                 | Allowed origins: ['*']

2025-12-19 08:31:08 | [32m[1mINFO    [0m | main                 | Application started

2025-12-19 08:31:08 | [32m[1mINFO    [0m | main                 | Application started

2025-12-19 08:31:08 | [32m[1mINFO    [0m | main                 | Initializing database

2025-12-19 08:31:08 | [32m[1mINFO    [0m | main                 | Initializing database

2025-12-19 08:31:08 | [32m[1mINFO    [0m | sqlalchemy.engine.Engine | select pg_catalog.version()

2025-12-19 08:31:08 | [32m[1mINFO    [0m | sqlalchemy.engine.Engine | select pg_catalog.version()

2025-12-19 08:31:08 | [32m[1mINFO    [0m | sqlalchemy.engine.Engine | [raw sql] ()

2025-12-19 08:31:08 | [32m[1mINFO    [0m | sqlalchemy.engine.Engine | [raw sql] ()

2025-12-19 08:31:08 | [32m[1mINFO    [0m | sqlalchemy.engine.Engine | select current_schema()

2025-12-19 08:31:08 | [32m[1mINFO    [0m | sqlalchemy.engine.Engine | select current_schema()

2025-12-19 08:31:08 | [32m[1mINFO    [0m | sqlalchemy.engine.Engine | [raw sql] ()

2025-12-19 08:31:08 | [32m[1mINFO    [0m | sqlalchemy.engine.Engine | [raw sql] ()

2025-12-19 08:31:08 | [32m[1mINFO    [0m | sqlalchemy.engine.Engine | show standard_conforming_strings

2025-12-19 08:31:08 | [32m[1mINFO    [0m | sqlalchemy.engine.Engine | show standard_conforming_strings

2025-12-19 08:31:08 | [32m[1mINFO    [0m | sqlalchemy.engine.Engine | [raw sql] ()

2025-12-19 08:31:08 | [32m[1mINFO    [0m | sqlalchemy.engine.Engine | [raw sql] ()

2025-12-19 08:31:08 | [32m[1mINFO    [0m | sqlalchemy.engine.Engine | BEGIN (implicit)

2025-12-19 08:31:08 | [32m[1mINFO    [0m | sqlalchemy.engine.Engine | BEGIN (implicit)

2025-12-19 08:31:08 | [32m[1mINFO    [0m | sqlalchemy.engine.Engine | SELECT pg_catalog.pg_class.relname 
FROM pg_catalog.pg_class JOIN pg_catalog.pg_namespace ON pg_catalog.pg_namespace.oid = pg_catalog.pg_class.relnamespace 
WHERE pg_catalog.pg_class.relname = $1::VARCHAR AND pg_catalog.pg_class.relkind = ANY (ARRAY[$2::VARCHAR, $3::VARCHAR, $4::VARCHAR, $5::VARCHAR, $6::VARCHAR]) AND pg_catalog.pg_table_is_visible(pg_catalog.pg_class.oid) AND pg_catalog.pg_namespace.nspname != $7::VARCHAR

2025-12-19 08:31:08 | [32m[1mINFO    [0m | sqlalchemy.engine.Engine | SELECT pg_catalog.pg_class.relname 
FROM pg_catalog.pg_class JOIN pg_catalog.pg_namespace ON pg_catalog.pg_namespace.oid = pg_catalog.pg_class.relnamespace 
WHERE pg_catalog.pg_class.relname = $1::VARCHAR AND pg_catalog.pg_class.relkind = ANY (ARRAY[$2::VARCHAR, $3::VARCHAR, $4::VARCHAR, $5::VARCHAR, $6::VARCHAR]) AND pg_catalog.pg_table_is_visible(pg_catalog.pg_class.oid) AND pg_catalog.pg_namespace.nspname != $7::VARCHAR

2025-12-19 08:31:08 | [32m[1mINFO    [0m | sqlalchemy.engine.Engine | [generated in 0.00127s] ('tasks', 'r', 'p', 'f', 'v', 'm', 'pg_catalog')

2025-12-19 08:31:08 | [32m[1mINFO    [0m | sqlalchemy.engine.Engine | [generated in 0.00127s] ('tasks', 'r', 'p', 'f', 'v', 'm', 'pg_catalog')

2025-12-19 08:31:08 | [32m[1mINFO    [0m | sqlalchemy.engine.Engine | SELECT pg_catalog.pg_type.typname 
FROM pg_catalog.pg_type JOIN pg_catalog.pg_namespace ON pg_catalog.pg_namespace.oid = pg_catalog.pg_type.typnamespace 
WHERE pg_catalog.pg_type.typname = $1::VARCHAR AND pg_catalog.pg_type_is_visible(pg_catalog.pg_type.oid) AND pg_catalog.pg_namespace.nspname != $2::VARCHAR

2025-12-19 08:31:08 | [32m[1mINFO    [0m | sqlalchemy.engine.Engine | SELECT pg_catalog.pg_type.typname 
FROM pg_catalog.pg_type JOIN pg_catalog.pg_namespace ON pg_catalog.pg_namespace.oid = pg_catalog.pg_type.typnamespace 
WHERE pg_catalog.pg_type.typname = $1::VARCHAR AND pg_catalog.pg_type_is_visible(pg_catalog.pg_type.oid) AND pg_catalog.pg_namespace.nspname != $2::VARCHAR

2025-12-19 08:31:08 | [32m[1mINFO    [0m | sqlalchemy.engine.Engine | [generated in 0.00127s] ('taskstatus', 'pg_catalog')

2025-12-19 08:31:08 | [32m[1mINFO    [0m | sqlalchemy.engine.Engine | [generated in 0.00127s] ('taskstatus', 'pg_catalog')

2025-12-19 08:31:08 | [32m[1mINFO    [0m | sqlalchemy.engine.Engine | SELECT pg_catalog.pg_type.typname 
FROM pg_catalog.pg_type JOIN pg_catalog.pg_namespace ON pg_catalog.pg_namespace.oid = pg_catalog.pg_type.typnamespace 
WHERE pg_catalog.pg_type.typname = $1::VARCHAR AND pg_catalog.pg_type_is_visible(pg_catalog.pg_type.oid) AND pg_catalog.pg_namespace.nspname != $2::VARCHAR

2025-12-19 08:31:08 | [32m[1mINFO    [0m | sqlalchemy.engine.Engine | SELECT pg_catalog.pg_type.typname 
FROM pg_catalog.pg_type JOIN pg_catalog.pg_namespace ON pg_catalog.pg_namespace.oid = pg_catalog.pg_type.typnamespace 
WHERE pg_catalog.pg_type.typname = $1::VARCHAR AND pg_catalog.pg_type_is_visible(pg_catalog.pg_type.oid) AND pg_catalog.pg_namespace.nspname != $2::VARCHAR

2025-12-19 08:31:08 | [32m[1mINFO    [0m | sqlalchemy.engine.Engine | [cached since 0.006976s ago] ('taskstage', 'pg_catalog')

2025-12-19 08:31:08 | [32m[1mINFO    [0m | sqlalchemy.engine.Engine | [cached since 0.006976s ago] ('taskstage', 'pg_catalog')

2025-12-19 08:31:08 | [32m[1mINFO    [0m | sqlalchemy.engine.Engine | COMMIT

2025-12-19 08:31:08 | [32m[1mINFO    [0m | sqlalchemy.engine.Engine | COMMIT

2025-12-19 08:31:08 | [32m[1mINFO    [0m | main                 | Database initialized

2025-12-19 08:31:08 | [32m[1mINFO    [0m | main                 | Database initialized

2025-12-19 08:38:17 | [32m[1mINFO    [0m | main                 | Closing database

2025-12-19 08:38:17 | [32m[1mINFO    [0m | main                 | Closing database

2025-12-19 08:38:17 | [32m[1mINFO    [0m | main                 | Database closed

2025-12-19 08:38:17 | [32m[1mINFO    [0m | main                 | Database closed

2025-12-19 08:38:17 | [32m[1mINFO    [0m | main                 | Shutting down application

2025-12-19 08:38:17 | [32m[1mINFO    [0m | main                 | Shutting down application

2025-12-19 08:38:32 | [32m[1mINFO    [0m | main                 | API routes registered at /api/v1

2025-12-19 08:38:32 | [32m[1mINFO    [0m | main                 | API routes registered at /api/v1

2025-12-19 08:38:32 | [32m[1mINFO    [0m | main                 | Starting Background Jobs Feedback Analyzer FastAPI Backend

2025-12-19 08:38:32 | [32m[1mINFO    [0m | main                 | Starting Background Jobs Feedback Analyzer FastAPI Backend

2025-12-19 08:38:32 | [32m[1mINFO    [0m | main                 | Environment: development

2025-12-19 08:38:32 | [32m[1mINFO    [0m | main                 | Environment: development

2025-12-19 08:38:32 | [32m[1mINFO    [0m | main                 | Allowed origins: ['*']

2025-12-19 08:38:32 | [32m[1mINFO    [0m | main                 | Allowed origins: ['*']

2025-12-19 08:38:32 | [32m[1mINFO    [0m | main                 | Application started

2025-12-19 08:38:32 | [32m[1mINFO    [0m | main                 | Application started

2025-12-19 08:38:32 | [32m[1mINFO    [0m | main                 | Initializing database

2025-12-19 08:38:32 | [32m[1mINFO    [0m | main                 | Initializing database

2025-12-19 08:38:32 | [32m[1mINFO    [0m | sqlalchemy.engine.Engine | select pg_catalog.version()

2025-12-19 08:38:32 | [32m[1mINFO    [0m | sqlalchemy.engine.Engine | select pg_catalog.version()

2025-12-19 08:38:32 | [32m[1mINFO    [0m | sqlalchemy.engine.Engine | [raw sql] ()

2025-12-19 08:38:32 | [32m[1mINFO    [0m | sqlalchemy.engine.Engine | [raw sql] ()

2025-12-19 08:38:32 | [32m[1mINFO    [0m | sqlalchemy.engine.Engine | select current_schema()

2025-12-19 08:38:32 | [32m[1mINFO    [0m | sqlalchemy.engine.Engine | select current_schema()

2025-12-19 08:38:32 | [32m[1mINFO    [0m | sqlalchemy.engine.Engine | [raw sql] ()

2025-12-19 08:38:32 | [32m[1mINFO    [0m | sqlalchemy.engine.Engine | [raw sql] ()

2025-12-19 08:38:32 | [32m[1mINFO    [0m | sqlalchemy.engine.Engine | show standard_conforming_strings

2025-12-19 08:38:32 | [32m[1mINFO    [0m | sqlalchemy.engine.Engine | show standard_conforming_strings

2025-12-19 08:38:32 | [32m[1mINFO    [0m | sqlalchemy.engine.Engine | [raw sql] ()

2025-12-19 08:38:32 | [32m[1mINFO    [0m | sqlalchemy.engine.Engine | [raw sql] ()

2025-12-19 08:38:32 | [32m[1mINFO    [0m | sqlalchemy.engine.Engine | BEGIN (implicit)

2025-12-19 08:38:32 | [32m[1mINFO    [0m | sqlalchemy.engine.Engine | BEGIN (implicit)

2025-12-19 08:38:32 | [32m[1mINFO    [0m | sqlalchemy.engine.Engine | SELECT pg_catalog.pg_class.relname 
FROM pg_catalog.pg_class JOIN pg_catalog.pg_namespace ON pg_catalog.pg_namespace.oid = pg_catalog.pg_class.relnamespace 
WHERE pg_catalog.pg_class.relname = $1::VARCHAR AND pg_catalog.pg_class.relkind = ANY (ARRAY[$2::VARCHAR, $3::VARCHAR, $4::VARCHAR, $5::VARCHAR, $6::VARCHAR]) AND pg_catalog.pg_table_is_visible(pg_catalog.pg_class.oid) AND pg_catalog.pg_namespace.nspname != $7::VARCHAR

2025-12-19 08:38:32 | [32m[1mINFO    [0m | sqlalchemy.engine.Engine | SELECT pg_catalog.pg_class.relname 
FROM pg_catalog.pg_class JOIN pg_catalog.pg_namespace ON pg_catalog.pg_namespace.oid = pg_catalog.pg_class.relnamespace 
WHERE pg_catalog.pg_class.relname = $1::VARCHAR AND pg_catalog.pg_class.relkind = ANY (ARRAY[$2::VARCHAR, $3::VARCHAR, $4::VARCHAR, $5::VARCHAR, $6::VARCHAR]) AND pg_catalog.pg_table_is_visible(pg_catalog.pg_class.oid) AND pg_catalog.pg_namespace.nspname != $7::VARCHAR

2025-12-19 08:38:32 | [32m[1mINFO    [0m | sqlalchemy.engine.Engine | [generated in 0.00171s] ('tasks', 'r', 'p', 'f', 'v', 'm', 'pg_catalog')

2025-12-19 08:38:32 | [32m[1mINFO    [0m | sqlalchemy.engine.Engine | [generated in 0.00171s] ('tasks', 'r', 'p', 'f', 'v', 'm', 'pg_catalog')

2025-12-19 08:38:32 | [32m[1mINFO    [0m | sqlalchemy.engine.Engine | SELECT pg_catalog.pg_type.typname 
FROM pg_catalog.pg_type JOIN pg_catalog.pg_namespace ON pg_catalog.pg_namespace.oid = pg_catalog.pg_type.typnamespace 
WHERE pg_catalog.pg_type.typname = $1::VARCHAR AND pg_catalog.pg_type_is_visible(pg_catalog.pg_type.oid) AND pg_catalog.pg_namespace.nspname != $2::VARCHAR

2025-12-19 08:38:32 | [32m[1mINFO    [0m | sqlalchemy.engine.Engine | SELECT pg_catalog.pg_type.typname 
FROM pg_catalog.pg_type JOIN pg_catalog.pg_namespace ON pg_catalog.pg_namespace.oid = pg_catalog.pg_type.typnamespace 
WHERE pg_catalog.pg_type.typname = $1::VARCHAR AND pg_catalog.pg_type_is_visible(pg_catalog.pg_type.oid) AND pg_catalog.pg_namespace.nspname != $2::VARCHAR

2025-12-19 08:38:32 | [32m[1mINFO    [0m | sqlalchemy.engine.Engine | [generated in 0.00117s] ('taskstatus', 'pg_catalog')

2025-12-19 08:38:32 | [32m[1mINFO    [0m | sqlalchemy.engine.Engine | [generated in 0.00117s] ('taskstatus', 'pg_catalog')

2025-12-19 08:38:32 | [32m[1mINFO    [0m | sqlalchemy.engine.Engine | SELECT pg_catalog.pg_type.typname 
FROM pg_catalog.pg_type JOIN pg_catalog.pg_namespace ON pg_catalog.pg_namespace.oid = pg_catalog.pg_type.typnamespace 
WHERE pg_catalog.pg_type.typname = $1::VARCHAR AND pg_catalog.pg_type_is_visible(pg_catalog.pg_type.oid) AND pg_catalog.pg_namespace.nspname != $2::VARCHAR

2025-12-19 08:38:32 | [32m[1mINFO    [0m | sqlalchemy.engine.Engine | SELECT pg_catalog.pg_type.typname 
FROM pg_catalog.pg_type JOIN pg_catalog.pg_namespace ON pg_catalog.pg_namespace.oid = pg_catalog.pg_type.typnamespace 
WHERE pg_catalog.pg_type.typname = $1::VARCHAR AND pg_catalog.pg_type_is_visible(pg_catalog.pg_type.oid) AND pg_catalog.pg_namespace.nspname != $2::VARCHAR

2025-12-19 08:38:32 | [32m[1mINFO    [0m | sqlalchemy.engine.Engine | [cached since 0.007175s ago] ('taskstage', 'pg_catalog')

2025-12-19 08:38:32 | [32m[1mINFO    [0m | sqlalchemy.engine.Engine | [cached since 0.007175s ago] ('taskstage', 'pg_catalog')

2025-12-19 08:38:32 | [32m[1mINFO    [0m | sqlalchemy.engine.Engine | COMMIT

2025-12-19 08:38:32 | [32m[1mINFO    [0m | sqlalchemy.engine.Engine | COMMIT

2025-12-19 08:38:32 | [32m[1mINFO    [0m | main                 | Database initialized

2025-12-19 08:38:32 | [32m[1mINFO    [0m | main                 | Database initialized

2025-12-19 08:39:12 | [32m[1mINFO    [0m | main                 | Closing database

2025-12-19 08:39:12 | [32m[1mINFO    [0m | main                 | Closing database

2025-12-19 08:39:12 | [32m[1mINFO    [0m | main                 | Database closed

2025-12-19 08:39:12 | [32m[1mINFO    [0m | main                 | Database closed

2025-12-19 08:39:12 | [32m[1mINFO    [0m | main                 | Shutting down application

2025-12-19 08:39:12 | [32m[1mINFO    [0m | main                 | Shutting down application

2025-12-19 08:39:29 | [32m[1mINFO    [0m | main                 | API routes registered at /api/v1

2025-12-19 08:39:29 | [32m[1mINFO    [0m | main                 | API routes registered at /api/v1

2025-12-19 08:39:29 | [32m[1mINFO    [0m | main                 | Starting Background Jobs Feedback Analyzer FastAPI Backend

2025-12-19 08:39:29 | [32m[1mINFO    [0m | main                 | Starting Background Jobs Feedback Analyzer FastAPI Backend

2025-12-19 08:39:29 | [32m[1mINFO    [0m | main                 | Environment: development

2025-12-19 08:39:29 | [32m[1mINFO    [0m | main                 | Environment: development

2025-12-19 08:39:29 | [32m[1mINFO    [0m | main                 | Allowed origins: ['*']

2025-12-19 08:39:29 | [32m[1mINFO    [0m | main                 | Allowed origins: ['*']

2025-12-19 08:39:29 | [32m[1mINFO    [0m | main                 | Application started

2025-12-19 08:39:29 | [32m[1mINFO    [0m | main                 | Application started

2025-12-19 08:39:29 | [32m[1mINFO    [0m | main                 | Initializing database

2025-12-19 08:39:29 | [32m[1mINFO    [0m | main                 | Initializing database

2025-12-19 08:39:29 | [32m[1mINFO    [0m | sqlalchemy.engine.Engine | select pg_catalog.version()

2025-12-19 08:39:29 | [32m[1mINFO    [0m | sqlalchemy.engine.Engine | select pg_catalog.version()

2025-12-19 08:39:29 | [32m[1mINFO    [0m | sqlalchemy.engine.Engine | [raw sql] ()

2025-12-19 08:39:29 | [32m[1mINFO    [0m | sqlalchemy.engine.Engine | [raw sql] ()

2025-12-19 08:39:29 | [32m[1mINFO    [0m | sqlalchemy.engine.Engine | select current_schema()

2025-12-19 08:39:29 | [32m[1mINFO    [0m | sqlalchemy.engine.Engine | select current_schema()

2025-12-19 08:39:29 | [32m[1mINFO    [0m | sqlalchemy.engine.Engine | [raw sql] ()

2025-12-19 08:39:29 | [32m[1mINFO    [0m | sqlalchemy.engine.Engine | [raw sql] ()

2025-12-19 08:39:29 | [32m[1mINFO    [0m | sqlalchemy.engine.Engine | show standard_conforming_strings

2025-12-19 08:39:29 | [32m[1mINFO    [0m | sqlalchemy.engine.Engine | show standard_conforming_strings

2025-12-19 08:39:29 | [32m[1mINFO    [0m | sqlalchemy.engine.Engine | [raw sql] ()

2025-12-19 08:39:29 | [32m[1mINFO    [0m | sqlalchemy.engine.Engine | [raw sql] ()

2025-12-19 08:39:29 | [32m[1mINFO    [0m | sqlalchemy.engine.Engine | BEGIN (implicit)

2025-12-19 08:39:29 | [32m[1mINFO    [0m | sqlalchemy.engine.Engine | BEGIN (implicit)

2025-12-19 08:39:29 | [32m[1mINFO    [0m | sqlalchemy.engine.Engine | SELECT pg_catalog.pg_class.relname 
FROM pg_catalog.pg_class JOIN pg_catalog.pg_namespace ON pg_catalog.pg_namespace.oid = pg_catalog.pg_class.relnamespace 
WHERE pg_catalog.pg_class.relname = $1::VARCHAR AND pg_catalog.pg_class.relkind = ANY (ARRAY[$2::VARCHAR, $3::VARCHAR, $4::VARCHAR, $5::VARCHAR, $6::VARCHAR]) AND pg_catalog.pg_table_is_visible(pg_catalog.pg_class.oid) AND pg_catalog.pg_namespace.nspname != $7::VARCHAR

2025-12-19 08:39:29 | [32m[1mINFO    [0m | sqlalchemy.engine.Engine | SELECT pg_catalog.pg_class.relname 
FROM pg_catalog.pg_class JOIN pg_catalog.pg_namespace ON pg_catalog.pg_namespace.oid = pg_catalog.pg_class.relnamespace 
WHERE pg_catalog.pg_class.relname = $1::VARCHAR AND pg_catalog.pg_class.relkind = ANY (ARRAY[$2::VARCHAR, $3::VARCHAR, $4::VARCHAR, $5::VARCHAR, $6::VARCHAR]) AND pg_catalog.pg_table_is_visible(pg_catalog.pg_class.oid) AND pg_catalog.pg_namespace.nspname != $7::VARCHAR

2025-12-19 08:39:29 | [32m[1mINFO    [0m | sqlalchemy.engine.Engine | [generated in 0.00129s] ('tasks', 'r', 'p', 'f', 'v', 'm', 'pg_catalog')

2025-12-19 08:39:29 | [32m[1mINFO    [0m | sqlalchemy.engine.Engine | [generated in 0.00129s] ('tasks', 'r', 'p', 'f', 'v', 'm', 'pg_catalog')

2025-12-19 08:39:29 | [32m[1mINFO    [0m | sqlalchemy.engine.Engine | SELECT pg_catalog.pg_type.typname 
FROM pg_catalog.pg_type JOIN pg_catalog.pg_namespace ON pg_catalog.pg_namespace.oid = pg_catalog.pg_type.typnamespace 
WHERE pg_catalog.pg_type.typname = $1::VARCHAR AND pg_catalog.pg_type_is_visible(pg_catalog.pg_type.oid) AND pg_catalog.pg_namespace.nspname != $2::VARCHAR

2025-12-19 08:39:29 | [32m[1mINFO    [0m | sqlalchemy.engine.Engine | SELECT pg_catalog.pg_type.typname 
FROM pg_catalog.pg_type JOIN pg_catalog.pg_namespace ON pg_catalog.pg_namespace.oid = pg_catalog.pg_type.typnamespace 
WHERE pg_catalog.pg_type.typname = $1::VARCHAR AND pg_catalog.pg_type_is_visible(pg_catalog.pg_type.oid) AND pg_catalog.pg_namespace.nspname != $2::VARCHAR

2025-12-19 08:39:29 | [32m[1mINFO    [0m | sqlalchemy.engine.Engine | [generated in 0.00140s] ('taskstatus', 'pg_catalog')

2025-12-19 08:39:29 | [32m[1mINFO    [0m | sqlalchemy.engine.Engine | [generated in 0.00140s] ('taskstatus', 'pg_catalog')

2025-12-19 08:39:29 | [32m[1mINFO    [0m | sqlalchemy.engine.Engine | SELECT pg_catalog.pg_type.typname 
FROM pg_catalog.pg_type JOIN pg_catalog.pg_namespace ON pg_catalog.pg_namespace.oid = pg_catalog.pg_type.typnamespace 
WHERE pg_catalog.pg_type.typname = $1::VARCHAR AND pg_catalog.pg_type_is_visible(pg_catalog.pg_type.oid) AND pg_catalog.pg_namespace.nspname != $2::VARCHAR

2025-12-19 08:39:29 | [32m[1mINFO    [0m | sqlalchemy.engine.Engine | SELECT pg_catalog.pg_type.typname 
FROM pg_catalog.pg_type JOIN pg_catalog.pg_namespace ON pg_catalog.pg_namespace.oid = pg_catalog.pg_type.typnamespace 
WHERE pg_catalog.pg_type.typname = $1::VARCHAR AND pg_catalog.pg_type_is_visible(pg_catalog.pg_type.oid) AND pg_catalog.pg_namespace.nspname != $2::VARCHAR

2025-12-19 08:39:29 | [32m[1mINFO    [0m | sqlalchemy.engine.Engine | [cached since 0.00686s ago] ('taskstage', 'pg_catalog')

2025-12-19 08:39:29 | [32m[1mINFO    [0m | sqlalchemy.engine.Engine | [cached since 0.00686s ago] ('taskstage', 'pg_catalog')

2025-12-19 08:39:29 | [32m[1mINFO    [0m | sqlalchemy.engine.Engine | COMMIT

2025-12-19 08:39:29 | [32m[1mINFO    [0m | sqlalchemy.engine.Engine | COMMIT

2025-12-19 08:39:29 | [32m[1mINFO    [0m | main                 | Database initialized

2025-12-19 08:39:29 | [32m[1mINFO    [0m | main                 | Database initialized

2025-12-19 08:39:35 | [32m[1mINFO    [0m | main                 | Incoming request: POST /api/v1/upload

2025-12-19 08:39:35 | [32m[1mINFO    [0m | main                 | Incoming request: POST /api/v1/upload

2025-12-19 08:39:35 | [32m[1mINFO    [0m | routes.routes        | Upload request received - filename: 87c0e21efae14e298ee8c0a190322dd4_intent.csv, email: user@example.com

2025-12-19 08:39:35 | [32m[1mINFO    [0m | routes.routes        | Upload request received - filename: 87c0e21efae14e298ee8c0a190322dd4_intent.csv, email: user@example.com

2025-12-19 08:39:35 | [32m[1mINFO    [0m | routes.routes        | Saving file to: uploads/87c0e21efae14e298ee8c0a190322dd4_intent.csv

2025-12-19 08:39:35 | [32m[1mINFO    [0m | routes.routes        | Saving file to: uploads/87c0e21efae14e298ee8c0a190322dd4_intent.csv

2025-12-19 08:39:35 | [32m[1mINFO    [0m | routes.routes        | File saved successfully: uploads/87c0e21efae14e298ee8c0a190322dd4_intent.csv

2025-12-19 08:39:35 | [32m[1mINFO    [0m | routes.routes        | File saved successfully: uploads/87c0e21efae14e298ee8c0a190322dd4_intent.csv

2025-12-19 08:39:35 | [32m[1mINFO    [0m | routes.routes        | Validating columns in file: 87c0e21efae14e298ee8c0a190322dd4_intent.csv

2025-12-19 08:39:35 | [32m[1mINFO    [0m | routes.routes        | Validating columns in file: 87c0e21efae14e298ee8c0a190322dd4_intent.csv

2025-12-19 08:39:35 | [32m[1mINFO    [0m | routes.routes        | Column validation passed for file: 87c0e21efae14e298ee8c0a190322dd4_intent.csv

2025-12-19 08:39:35 | [32m[1mINFO    [0m | routes.routes        | Column validation passed for file: 87c0e21efae14e298ee8c0a190322dd4_intent.csv

2025-12-19 08:39:35 | [32m[1mINFO    [0m | routes.routes        | Column mapping: {'depute geography': 'depute geography', 'depute country': 'depute country', 'depute branch': 'depute branch', 'depute datacenter': 'depute datacenter', 'question': 'question', 'answer': 'answer'}

2025-12-19 08:39:35 | [32m[1mINFO    [0m | routes.routes        | Column mapping: {'depute geography': 'depute geography', 'depute country': 'depute country', 'depute branch': 'depute branch', 'depute datacenter': 'depute datacenter', 'question': 'question', 'answer': 'answer'}

2025-12-19 08:39:35 | [32m[1mINFO    [0m | routes.routes        | Saving file with renamed columns to: uploads/14aafccbfdfa4aae87789979edeea609.csv

2025-12-19 08:39:35 | [32m[1mINFO    [0m | routes.routes        | Saving file with renamed columns to: uploads/14aafccbfdfa4aae87789979edeea609.csv

2025-12-19 08:39:35 | [32m[1mINFO    [0m | routes.routes        | File saved with standardized columns: uploads/14aafccbfdfa4aae87789979edeea609.csv

2025-12-19 08:39:35 | [32m[1mINFO    [0m | routes.routes        | File saved with standardized columns: uploads/14aafccbfdfa4aae87789979edeea609.csv

2025-12-19 08:39:35 | [32m[1mINFO    [0m | routes.routes        | Enqueueing processing task for file: 87c0e21efae14e298ee8c0a190322dd4_intent.csv

2025-12-19 08:39:35 | [32m[1mINFO    [0m | routes.routes        | Enqueueing processing task for file: 87c0e21efae14e298ee8c0a190322dd4_intent.csv

2025-12-19 08:39:35 | [32m[1mINFO    [0m | routes.routes        | Task enqueued successfully - task_id: 935d7cb7-da88-412f-8097-bb5ff51d909d, file: 87c0e21efae14e298ee8c0a190322dd4_intent.csv

2025-12-19 08:39:35 | [32m[1mINFO    [0m | routes.routes        | Task enqueued successfully - task_id: 935d7cb7-da88-412f-8097-bb5ff51d909d, file: 87c0e21efae14e298ee8c0a190322dd4_intent.csv

2025-12-19 08:39:35 | [32m[1mINFO    [0m | routes.routes        | Creating database record for task_id: 935d7cb7-da88-412f-8097-bb5ff51d909d

2025-12-19 08:39:35 | [32m[1mINFO    [0m | routes.routes        | Creating database record for task_id: 935d7cb7-da88-412f-8097-bb5ff51d909d

2025-12-19 08:39:35 | [32m[1mINFO    [0m | sqlalchemy.engine.Engine | BEGIN (implicit)

2025-12-19 08:39:35 | [32m[1mINFO    [0m | sqlalchemy.engine.Engine | BEGIN (implicit)

2025-12-19 08:39:35 | [32m[1mINFO    [0m | sqlalchemy.engine.Engine | INSERT INTO tasks (job_id, file_id, file_path, email, status, stage, error_message, retry_count, distribution_chart, wordcloud, summary, completed_at) VALUES ($1::VARCHAR, $2::VARCHAR, $3::VARCHAR, $4::VARCHAR, $5::taskstatus, $6::taskstage, $7::VARCHAR, $8::INTEGER, $9::VARCHAR[], $10::VARCHAR[], $11::VARCHAR, $12::TIMESTAMP WITH TIME ZONE) RETURNING tasks.id, tasks.created_at, tasks.updated_at

2025-12-19 08:39:35 | [32m[1mINFO    [0m | sqlalchemy.engine.Engine | INSERT INTO tasks (job_id, file_id, file_path, email, status, stage, error_message, retry_count, distribution_chart, wordcloud, summary, completed_at) VALUES ($1::VARCHAR, $2::VARCHAR, $3::VARCHAR, $4::VARCHAR, $5::taskstatus, $6::taskstage, $7::VARCHAR, $8::INTEGER, $9::VARCHAR[], $10::VARCHAR[], $11::VARCHAR, $12::TIMESTAMP WITH TIME ZONE) RETURNING tasks.id, tasks.created_at, tasks.updated_at

2025-12-19 08:39:35 | [32m[1mINFO    [0m | sqlalchemy.engine.Engine | [generated in 0.00221s] ('935d7cb7-da88-412f-8097-bb5ff51d909d', '14aafccbfdfa4aae87789979edeea609', 'uploads/14aafccbfdfa4aae87789979edeea609.csv', 'user@example.com', 'PENDING', 'QUEUE', None, 0, None, None, None, None)

2025-12-19 08:39:35 | [32m[1mINFO    [0m | sqlalchemy.engine.Engine | [generated in 0.00221s] ('935d7cb7-da88-412f-8097-bb5ff51d909d', '14aafccbfdfa4aae87789979edeea609', 'uploads/14aafccbfdfa4aae87789979edeea609.csv', 'user@example.com', 'PENDING', 'QUEUE', None, 0, None, None, None, None)

2025-12-19 08:39:35 | [32m[1mINFO    [0m | sqlalchemy.engine.Engine | COMMIT

2025-12-19 08:39:35 | [32m[1mINFO    [0m | sqlalchemy.engine.Engine | COMMIT

2025-12-19 08:39:35 | [32m[1mINFO    [0m | sqlalchemy.engine.Engine | BEGIN (implicit)

2025-12-19 08:39:35 | [32m[1mINFO    [0m | sqlalchemy.engine.Engine | BEGIN (implicit)

2025-12-19 08:39:35 | [32m[1mINFO    [0m | sqlalchemy.engine.Engine | SELECT tasks.id, tasks.job_id, tasks.file_id, tasks.file_path, tasks.email, tasks.status, tasks.stage, tasks.error_message, tasks.retry_count, tasks.distribution_chart, tasks.wordcloud, tasks.wordcloud_by_questions, tasks.treemap, tasks.sunburst, tasks.summary, tasks.created_at, tasks.updated_at, tasks.completed_at 
FROM tasks 
WHERE tasks.id = $1::INTEGER

2025-12-19 08:39:35 | [32m[1mINFO    [0m | sqlalchemy.engine.Engine | SELECT tasks.id, tasks.job_id, tasks.file_id, tasks.file_path, tasks.email, tasks.status, tasks.stage, tasks.error_message, tasks.retry_count, tasks.distribution_chart, tasks.wordcloud, tasks.wordcloud_by_questions, tasks.treemap, tasks.sunburst, tasks.summary, tasks.created_at, tasks.updated_at, tasks.completed_at 
FROM tasks 
WHERE tasks.id = $1::INTEGER

2025-12-19 08:39:35 | [32m[1mINFO    [0m | sqlalchemy.engine.Engine | [generated in 0.00571s] (3,)

2025-12-19 08:39:35 | [32m[1mINFO    [0m | sqlalchemy.engine.Engine | [generated in 0.00571s] (3,)

2025-12-19 08:39:35 | [32m[1mINFO    [0m | routes.routes        | Database record created successfully for task_id: 935d7cb7-da88-412f-8097-bb5ff51d909d

2025-12-19 08:39:35 | [32m[1mINFO    [0m | routes.routes        | Database record created successfully for task_id: 935d7cb7-da88-412f-8097-bb5ff51d909d

2025-12-19 08:39:35 | [32m[1mINFO    [0m | routes.routes        | Upload process completed successfully - filename: 87c0e21efae14e298ee8c0a190322dd4_intent.csv, task_id: 935d7cb7-da88-412f-8097-bb5ff51d909d, email: user@example.com

2025-12-19 08:39:35 | [32m[1mINFO    [0m | routes.routes        | Upload process completed successfully - filename: 87c0e21efae14e298ee8c0a190322dd4_intent.csv, task_id: 935d7cb7-da88-412f-8097-bb5ff51d909d, email: user@example.com

2025-12-19 08:39:35 | [32m[1mINFO    [0m | main                 | Request completed: POST /api/v1/upload - Status: 200

2025-12-19 08:39:35 | [32m[1mINFO    [0m | main                 | Request completed: POST /api/v1/upload - Status: 200

2025-12-19 08:39:35 | [32m[1mINFO    [0m | sqlalchemy.engine.Engine | ROLLBACK

2025-12-19 08:39:35 | [32m[1mINFO    [0m | sqlalchemy.engine.Engine | ROLLBACK

2025-12-19 08:40:06 | [32m[1mINFO    [0m | main                 | Incoming request: POST /api/v1/upload

2025-12-19 08:40:06 | [32m[1mINFO    [0m | main                 | Incoming request: POST /api/v1/upload

2025-12-19 08:40:06 | [32m[1mINFO    [0m | routes.routes        | Upload request received - filename: 87c0e21efae14e298ee8c0a190322dd4_intent.csv, email: user@example.com

2025-12-19 08:40:06 | [32m[1mINFO    [0m | routes.routes        | Upload request received - filename: 87c0e21efae14e298ee8c0a190322dd4_intent.csv, email: user@example.com

2025-12-19 08:40:06 | [32m[1mINFO    [0m | routes.routes        | Saving file to: uploads/87c0e21efae14e298ee8c0a190322dd4_intent.csv

2025-12-19 08:40:06 | [32m[1mINFO    [0m | routes.routes        | Saving file to: uploads/87c0e21efae14e298ee8c0a190322dd4_intent.csv

2025-12-19 08:40:06 | [32m[1mINFO    [0m | routes.routes        | File saved successfully: uploads/87c0e21efae14e298ee8c0a190322dd4_intent.csv

2025-12-19 08:40:06 | [32m[1mINFO    [0m | routes.routes        | File saved successfully: uploads/87c0e21efae14e298ee8c0a190322dd4_intent.csv

2025-12-19 08:40:06 | [32m[1mINFO    [0m | routes.routes        | Validating columns in file: 87c0e21efae14e298ee8c0a190322dd4_intent.csv

2025-12-19 08:40:06 | [32m[1mINFO    [0m | routes.routes        | Validating columns in file: 87c0e21efae14e298ee8c0a190322dd4_intent.csv

2025-12-19 08:40:06 | [32m[1mINFO    [0m | routes.routes        | Column validation passed for file: 87c0e21efae14e298ee8c0a190322dd4_intent.csv

2025-12-19 08:40:06 | [32m[1mINFO    [0m | routes.routes        | Column validation passed for file: 87c0e21efae14e298ee8c0a190322dd4_intent.csv

2025-12-19 08:40:06 | [32m[1mINFO    [0m | routes.routes        | Column mapping: {'depute geography': 'depute geography', 'depute country': 'depute country', 'depute branch': 'depute branch', 'depute datacenter': 'depute datacenter', 'question': 'question', 'answer': 'answer'}

2025-12-19 08:40:06 | [32m[1mINFO    [0m | routes.routes        | Column mapping: {'depute geography': 'depute geography', 'depute country': 'depute country', 'depute branch': 'depute branch', 'depute datacenter': 'depute datacenter', 'question': 'question', 'answer': 'answer'}

2025-12-19 08:40:06 | [32m[1mINFO    [0m | routes.routes        | Saving file with renamed columns to: uploads/f545dca8f3de416d8b2ddd7a79c24864.csv

2025-12-19 08:40:06 | [32m[1mINFO    [0m | routes.routes        | Saving file with renamed columns to: uploads/f545dca8f3de416d8b2ddd7a79c24864.csv

2025-12-19 08:40:06 | [32m[1mINFO    [0m | routes.routes        | File saved with standardized columns: uploads/f545dca8f3de416d8b2ddd7a79c24864.csv

2025-12-19 08:40:06 | [32m[1mINFO    [0m | routes.routes        | File saved with standardized columns: uploads/f545dca8f3de416d8b2ddd7a79c24864.csv

2025-12-19 08:40:06 | [32m[1mINFO    [0m | routes.routes        | Enqueueing processing task for file: 87c0e21efae14e298ee8c0a190322dd4_intent.csv

2025-12-19 08:40:06 | [32m[1mINFO    [0m | routes.routes        | Enqueueing processing task for file: 87c0e21efae14e298ee8c0a190322dd4_intent.csv

2025-12-19 08:40:06 | [32m[1mINFO    [0m | routes.routes        | Task enqueued successfully - task_id: 11cdc0d7-fe7e-4bb4-85f8-096d85e1a8d7, file: 87c0e21efae14e298ee8c0a190322dd4_intent.csv

2025-12-19 08:40:06 | [32m[1mINFO    [0m | routes.routes        | Task enqueued successfully - task_id: 11cdc0d7-fe7e-4bb4-85f8-096d85e1a8d7, file: 87c0e21efae14e298ee8c0a190322dd4_intent.csv

2025-12-19 08:40:06 | [32m[1mINFO    [0m | routes.routes        | Creating database record for task_id: 11cdc0d7-fe7e-4bb4-85f8-096d85e1a8d7

2025-12-19 08:40:06 | [32m[1mINFO    [0m | routes.routes        | Creating database record for task_id: 11cdc0d7-fe7e-4bb4-85f8-096d85e1a8d7

2025-12-19 08:40:06 | [32m[1mINFO    [0m | sqlalchemy.engine.Engine | BEGIN (implicit)

2025-12-19 08:40:06 | [32m[1mINFO    [0m | sqlalchemy.engine.Engine | BEGIN (implicit)

2025-12-19 08:40:06 | [32m[1mINFO    [0m | sqlalchemy.engine.Engine | INSERT INTO tasks (job_id, file_id, file_path, email, status, stage, error_message, retry_count, distribution_chart, wordcloud, summary, completed_at) VALUES ($1::VARCHAR, $2::VARCHAR, $3::VARCHAR, $4::VARCHAR, $5::taskstatus, $6::taskstage, $7::VARCHAR, $8::INTEGER, $9::VARCHAR[], $10::VARCHAR[], $11::VARCHAR, $12::TIMESTAMP WITH TIME ZONE) RETURNING tasks.id, tasks.created_at, tasks.updated_at

2025-12-19 08:40:06 | [32m[1mINFO    [0m | sqlalchemy.engine.Engine | INSERT INTO tasks (job_id, file_id, file_path, email, status, stage, error_message, retry_count, distribution_chart, wordcloud, summary, completed_at) VALUES ($1::VARCHAR, $2::VARCHAR, $3::VARCHAR, $4::VARCHAR, $5::taskstatus, $6::taskstage, $7::VARCHAR, $8::INTEGER, $9::VARCHAR[], $10::VARCHAR[], $11::VARCHAR, $12::TIMESTAMP WITH TIME ZONE) RETURNING tasks.id, tasks.created_at, tasks.updated_at

2025-12-19 08:40:06 | [32m[1mINFO    [0m | sqlalchemy.engine.Engine | [cached since 31.17s ago] ('11cdc0d7-fe7e-4bb4-85f8-096d85e1a8d7', 'f545dca8f3de416d8b2ddd7a79c24864', 'uploads/f545dca8f3de416d8b2ddd7a79c24864.csv', 'user@example.com', 'PENDING', 'QUEUE', None, 0, None, None, None, None)

2025-12-19 08:40:06 | [32m[1mINFO    [0m | sqlalchemy.engine.Engine | [cached since 31.17s ago] ('11cdc0d7-fe7e-4bb4-85f8-096d85e1a8d7', 'f545dca8f3de416d8b2ddd7a79c24864', 'uploads/f545dca8f3de416d8b2ddd7a79c24864.csv', 'user@example.com', 'PENDING', 'QUEUE', None, 0, None, None, None, None)

2025-12-19 08:40:06 | [32m[1mINFO    [0m | sqlalchemy.engine.Engine | COMMIT

2025-12-19 08:40:06 | [32m[1mINFO    [0m | sqlalchemy.engine.Engine | COMMIT

2025-12-19 08:40:07 | [32m[1mINFO    [0m | sqlalchemy.engine.Engine | BEGIN (implicit)

2025-12-19 08:40:07 | [32m[1mINFO    [0m | sqlalchemy.engine.Engine | BEGIN (implicit)

2025-12-19 08:40:07 | [32m[1mINFO    [0m | sqlalchemy.engine.Engine | SELECT tasks.id, tasks.job_id, tasks.file_id, tasks.file_path, tasks.email, tasks.status, tasks.stage, tasks.error_message, tasks.retry_count, tasks.distribution_chart, tasks.wordcloud, tasks.wordcloud_by_questions, tasks.treemap, tasks.sunburst, tasks.summary, tasks.created_at, tasks.updated_at, tasks.completed_at 
FROM tasks 
WHERE tasks.id = $1::INTEGER

2025-12-19 08:40:07 | [32m[1mINFO    [0m | sqlalchemy.engine.Engine | SELECT tasks.id, tasks.job_id, tasks.file_id, tasks.file_path, tasks.email, tasks.status, tasks.stage, tasks.error_message, tasks.retry_count, tasks.distribution_chart, tasks.wordcloud, tasks.wordcloud_by_questions, tasks.treemap, tasks.sunburst, tasks.summary, tasks.created_at, tasks.updated_at, tasks.completed_at 
FROM tasks 
WHERE tasks.id = $1::INTEGER

2025-12-19 08:40:07 | [32m[1mINFO    [0m | sqlalchemy.engine.Engine | [cached since 31.14s ago] (4,)

2025-12-19 08:40:07 | [32m[1mINFO    [0m | sqlalchemy.engine.Engine | [cached since 31.14s ago] (4,)

2025-12-19 08:40:07 | [32m[1mINFO    [0m | routes.routes        | Database record created successfully for task_id: 11cdc0d7-fe7e-4bb4-85f8-096d85e1a8d7

2025-12-19 08:40:07 | [32m[1mINFO    [0m | routes.routes        | Database record created successfully for task_id: 11cdc0d7-fe7e-4bb4-85f8-096d85e1a8d7

2025-12-19 08:40:07 | [32m[1mINFO    [0m | routes.routes        | Upload process completed successfully - filename: 87c0e21efae14e298ee8c0a190322dd4_intent.csv, task_id: 11cdc0d7-fe7e-4bb4-85f8-096d85e1a8d7, email: user@example.com

2025-12-19 08:40:07 | [32m[1mINFO    [0m | routes.routes        | Upload process completed successfully - filename: 87c0e21efae14e298ee8c0a190322dd4_intent.csv, task_id: 11cdc0d7-fe7e-4bb4-85f8-096d85e1a8d7, email: user@example.com

2025-12-19 08:40:07 | [32m[1mINFO    [0m | main                 | Request completed: POST /api/v1/upload - Status: 200

2025-12-19 08:40:07 | [32m[1mINFO    [0m | main                 | Request completed: POST /api/v1/upload - Status: 200

2025-12-19 08:40:07 | [32m[1mINFO    [0m | sqlalchemy.engine.Engine | ROLLBACK

2025-12-19 08:40:07 | [32m[1mINFO    [0m | sqlalchemy.engine.Engine | ROLLBACK

2025-12-19 08:46:51 | [32m[1mINFO    [0m | main                 | Closing database

2025-12-19 08:46:51 | [32m[1mINFO    [0m | main                 | Closing database

2025-12-19 08:46:51 | [32m[1mINFO    [0m | main                 | Database closed

2025-12-19 08:46:51 | [32m[1mINFO    [0m | main                 | Database closed

2025-12-19 08:46:51 | [32m[1mINFO    [0m | main                 | Shutting down application

2025-12-19 08:46:51 | [32m[1mINFO    [0m | main                 | Shutting down application

2025-12-19 08:47:05 | [32m[1mINFO    [0m | main                 | API routes registered at /api/v1

2025-12-19 08:47:05 | [32m[1mINFO    [0m | main                 | API routes registered at /api/v1

2025-12-19 08:47:05 | [32m[1mINFO    [0m | main                 | Starting Background Jobs Feedback Analyzer FastAPI Backend

2025-12-19 08:47:05 | [32m[1mINFO    [0m | main                 | Starting Background Jobs Feedback Analyzer FastAPI Backend

2025-12-19 08:47:05 | [32m[1mINFO    [0m | main                 | Environment: development

2025-12-19 08:47:05 | [32m[1mINFO    [0m | main                 | Environment: development

2025-12-19 08:47:05 | [32m[1mINFO    [0m | main                 | Allowed origins: ['*']

2025-12-19 08:47:05 | [32m[1mINFO    [0m | main                 | Allowed origins: ['*']

2025-12-19 08:47:05 | [32m[1mINFO    [0m | main                 | Application started

2025-12-19 08:47:05 | [32m[1mINFO    [0m | main                 | Application started

2025-12-19 08:47:05 | [32m[1mINFO    [0m | main                 | Initializing database

2025-12-19 08:47:05 | [32m[1mINFO    [0m | main                 | Initializing database

2025-12-19 08:47:05 | [32m[1mINFO    [0m | sqlalchemy.engine.Engine | select pg_catalog.version()

2025-12-19 08:47:05 | [32m[1mINFO    [0m | sqlalchemy.engine.Engine | select pg_catalog.version()

2025-12-19 08:47:05 | [32m[1mINFO    [0m | sqlalchemy.engine.Engine | [raw sql] ()

2025-12-19 08:47:05 | [32m[1mINFO    [0m | sqlalchemy.engine.Engine | [raw sql] ()

2025-12-19 08:47:05 | [32m[1mINFO    [0m | sqlalchemy.engine.Engine | select current_schema()

2025-12-19 08:47:05 | [32m[1mINFO    [0m | sqlalchemy.engine.Engine | select current_schema()

2025-12-19 08:47:05 | [32m[1mINFO    [0m | sqlalchemy.engine.Engine | [raw sql] ()

2025-12-19 08:47:05 | [32m[1mINFO    [0m | sqlalchemy.engine.Engine | [raw sql] ()

2025-12-19 08:47:05 | [32m[1mINFO    [0m | sqlalchemy.engine.Engine | show standard_conforming_strings

2025-12-19 08:47:05 | [32m[1mINFO    [0m | sqlalchemy.engine.Engine | show standard_conforming_strings

2025-12-19 08:47:05 | [32m[1mINFO    [0m | sqlalchemy.engine.Engine | [raw sql] ()

2025-12-19 08:47:05 | [32m[1mINFO    [0m | sqlalchemy.engine.Engine | [raw sql] ()

2025-12-19 08:47:05 | [32m[1mINFO    [0m | sqlalchemy.engine.Engine | BEGIN (implicit)

2025-12-19 08:47:05 | [32m[1mINFO    [0m | sqlalchemy.engine.Engine | BEGIN (implicit)

2025-12-19 08:47:05 | [32m[1mINFO    [0m | sqlalchemy.engine.Engine | SELECT pg_catalog.pg_class.relname 
FROM pg_catalog.pg_class JOIN pg_catalog.pg_namespace ON pg_catalog.pg_namespace.oid = pg_catalog.pg_class.relnamespace 
WHERE pg_catalog.pg_class.relname = $1::VARCHAR AND pg_catalog.pg_class.relkind = ANY (ARRAY[$2::VARCHAR, $3::VARCHAR, $4::VARCHAR, $5::VARCHAR, $6::VARCHAR]) AND pg_catalog.pg_table_is_visible(pg_catalog.pg_class.oid) AND pg_catalog.pg_namespace.nspname != $7::VARCHAR

2025-12-19 08:47:05 | [32m[1mINFO    [0m | sqlalchemy.engine.Engine | SELECT pg_catalog.pg_class.relname 
FROM pg_catalog.pg_class JOIN pg_catalog.pg_namespace ON pg_catalog.pg_namespace.oid = pg_catalog.pg_class.relnamespace 
WHERE pg_catalog.pg_class.relname = $1::VARCHAR AND pg_catalog.pg_class.relkind = ANY (ARRAY[$2::VARCHAR, $3::VARCHAR, $4::VARCHAR, $5::VARCHAR, $6::VARCHAR]) AND pg_catalog.pg_table_is_visible(pg_catalog.pg_class.oid) AND pg_catalog.pg_namespace.nspname != $7::VARCHAR

2025-12-19 08:47:05 | [32m[1mINFO    [0m | sqlalchemy.engine.Engine | [generated in 0.00353s] ('tasks', 'r', 'p', 'f', 'v', 'm', 'pg_catalog')

2025-12-19 08:47:05 | [32m[1mINFO    [0m | sqlalchemy.engine.Engine | [generated in 0.00353s] ('tasks', 'r', 'p', 'f', 'v', 'm', 'pg_catalog')

2025-12-19 08:47:05 | [32m[1mINFO    [0m | sqlalchemy.engine.Engine | SELECT pg_catalog.pg_type.typname 
FROM pg_catalog.pg_type JOIN pg_catalog.pg_namespace ON pg_catalog.pg_namespace.oid = pg_catalog.pg_type.typnamespace 
WHERE pg_catalog.pg_type.typname = $1::VARCHAR AND pg_catalog.pg_type_is_visible(pg_catalog.pg_type.oid) AND pg_catalog.pg_namespace.nspname != $2::VARCHAR

2025-12-19 08:47:05 | [32m[1mINFO    [0m | sqlalchemy.engine.Engine | SELECT pg_catalog.pg_type.typname 
FROM pg_catalog.pg_type JOIN pg_catalog.pg_namespace ON pg_catalog.pg_namespace.oid = pg_catalog.pg_type.typnamespace 
WHERE pg_catalog.pg_type.typname = $1::VARCHAR AND pg_catalog.pg_type_is_visible(pg_catalog.pg_type.oid) AND pg_catalog.pg_namespace.nspname != $2::VARCHAR

2025-12-19 08:47:05 | [32m[1mINFO    [0m | sqlalchemy.engine.Engine | [generated in 0.00153s] ('taskstatus', 'pg_catalog')

2025-12-19 08:47:05 | [32m[1mINFO    [0m | sqlalchemy.engine.Engine | [generated in 0.00153s] ('taskstatus', 'pg_catalog')

2025-12-19 08:47:05 | [32m[1mINFO    [0m | sqlalchemy.engine.Engine | SELECT pg_catalog.pg_type.typname 
FROM pg_catalog.pg_type JOIN pg_catalog.pg_namespace ON pg_catalog.pg_namespace.oid = pg_catalog.pg_type.typnamespace 
WHERE pg_catalog.pg_type.typname = $1::VARCHAR AND pg_catalog.pg_type_is_visible(pg_catalog.pg_type.oid) AND pg_catalog.pg_namespace.nspname != $2::VARCHAR

2025-12-19 08:47:05 | [32m[1mINFO    [0m | sqlalchemy.engine.Engine | SELECT pg_catalog.pg_type.typname 
FROM pg_catalog.pg_type JOIN pg_catalog.pg_namespace ON pg_catalog.pg_namespace.oid = pg_catalog.pg_type.typnamespace 
WHERE pg_catalog.pg_type.typname = $1::VARCHAR AND pg_catalog.pg_type_is_visible(pg_catalog.pg_type.oid) AND pg_catalog.pg_namespace.nspname != $2::VARCHAR

2025-12-19 08:47:05 | [32m[1mINFO    [0m | sqlalchemy.engine.Engine | [cached since 0.007172s ago] ('taskstage', 'pg_catalog')

2025-12-19 08:47:05 | [32m[1mINFO    [0m | sqlalchemy.engine.Engine | [cached since 0.007172s ago] ('taskstage', 'pg_catalog')

2025-12-19 08:47:05 | [32m[1mINFO    [0m | sqlalchemy.engine.Engine | COMMIT

2025-12-19 08:47:05 | [32m[1mINFO    [0m | sqlalchemy.engine.Engine | COMMIT

2025-12-19 08:47:05 | [32m[1mINFO    [0m | main                 | Database initialized

2025-12-19 08:47:05 | [32m[1mINFO    [0m | main                 | Database initialized

2025-12-19 08:48:28 | [32m[1mINFO    [0m | main                 | Closing database

2025-12-19 08:48:28 | [32m[1mINFO    [0m | main                 | Closing database

2025-12-19 08:48:28 | [32m[1mINFO    [0m | main                 | Database closed

2025-12-19 08:48:28 | [32m[1mINFO    [0m | main                 | Database closed

2025-12-19 08:48:28 | [32m[1mINFO    [0m | main                 | Shutting down application

2025-12-19 08:48:28 | [32m[1mINFO    [0m | main                 | Shutting down application

2025-12-19 08:48:42 | [32m[1mINFO    [0m | main                 | API routes registered at /api/v1

2025-12-19 08:48:42 | [32m[1mINFO    [0m | main                 | API routes registered at /api/v1

2025-12-19 08:48:42 | [32m[1mINFO    [0m | main                 | Starting Background Jobs Feedback Analyzer FastAPI Backend

2025-12-19 08:48:42 | [32m[1mINFO    [0m | main                 | Starting Background Jobs Feedback Analyzer FastAPI Backend

2025-12-19 08:48:42 | [32m[1mINFO    [0m | main                 | Environment: development

2025-12-19 08:48:42 | [32m[1mINFO    [0m | main                 | Environment: development

2025-12-19 08:48:42 | [32m[1mINFO    [0m | main                 | Allowed origins: ['*']

2025-12-19 08:48:42 | [32m[1mINFO    [0m | main                 | Allowed origins: ['*']

2025-12-19 08:48:42 | [32m[1mINFO    [0m | main                 | Application started

2025-12-19 08:48:42 | [32m[1mINFO    [0m | main                 | Application started

2025-12-19 08:48:42 | [32m[1mINFO    [0m | main                 | Initializing database

2025-12-19 08:48:42 | [32m[1mINFO    [0m | main                 | Initializing database

2025-12-19 08:48:42 | [32m[1mINFO    [0m | sqlalchemy.engine.Engine | select pg_catalog.version()

2025-12-19 08:48:42 | [32m[1mINFO    [0m | sqlalchemy.engine.Engine | select pg_catalog.version()

2025-12-19 08:48:42 | [32m[1mINFO    [0m | sqlalchemy.engine.Engine | [raw sql] ()

2025-12-19 08:48:42 | [32m[1mINFO    [0m | sqlalchemy.engine.Engine | [raw sql] ()

2025-12-19 08:48:42 | [32m[1mINFO    [0m | sqlalchemy.engine.Engine | select current_schema()

2025-12-19 08:48:42 | [32m[1mINFO    [0m | sqlalchemy.engine.Engine | select current_schema()

2025-12-19 08:48:42 | [32m[1mINFO    [0m | sqlalchemy.engine.Engine | [raw sql] ()

2025-12-19 08:48:42 | [32m[1mINFO    [0m | sqlalchemy.engine.Engine | [raw sql] ()

2025-12-19 08:48:42 | [32m[1mINFO    [0m | sqlalchemy.engine.Engine | show standard_conforming_strings

2025-12-19 08:48:42 | [32m[1mINFO    [0m | sqlalchemy.engine.Engine | show standard_conforming_strings

2025-12-19 08:48:42 | [32m[1mINFO    [0m | sqlalchemy.engine.Engine | [raw sql] ()

2025-12-19 08:48:42 | [32m[1mINFO    [0m | sqlalchemy.engine.Engine | [raw sql] ()

2025-12-19 08:48:42 | [32m[1mINFO    [0m | sqlalchemy.engine.Engine | BEGIN (implicit)

2025-12-19 08:48:42 | [32m[1mINFO    [0m | sqlalchemy.engine.Engine | BEGIN (implicit)

2025-12-19 08:48:42 | [32m[1mINFO    [0m | sqlalchemy.engine.Engine | SELECT pg_catalog.pg_class.relname 
FROM pg_catalog.pg_class JOIN pg_catalog.pg_namespace ON pg_catalog.pg_namespace.oid = pg_catalog.pg_class.relnamespace 
WHERE pg_catalog.pg_class.relname = $1::VARCHAR AND pg_catalog.pg_class.relkind = ANY (ARRAY[$2::VARCHAR, $3::VARCHAR, $4::VARCHAR, $5::VARCHAR, $6::VARCHAR]) AND pg_catalog.pg_table_is_visible(pg_catalog.pg_class.oid) AND pg_catalog.pg_namespace.nspname != $7::VARCHAR

2025-12-19 08:48:42 | [32m[1mINFO    [0m | sqlalchemy.engine.Engine | SELECT pg_catalog.pg_class.relname 
FROM pg_catalog.pg_class JOIN pg_catalog.pg_namespace ON pg_catalog.pg_namespace.oid = pg_catalog.pg_class.relnamespace 
WHERE pg_catalog.pg_class.relname = $1::VARCHAR AND pg_catalog.pg_class.relkind = ANY (ARRAY[$2::VARCHAR, $3::VARCHAR, $4::VARCHAR, $5::VARCHAR, $6::VARCHAR]) AND pg_catalog.pg_table_is_visible(pg_catalog.pg_class.oid) AND pg_catalog.pg_namespace.nspname != $7::VARCHAR

2025-12-19 08:48:42 | [32m[1mINFO    [0m | sqlalchemy.engine.Engine | [generated in 0.00213s] ('tasks', 'r', 'p', 'f', 'v', 'm', 'pg_catalog')

2025-12-19 08:48:42 | [32m[1mINFO    [0m | sqlalchemy.engine.Engine | [generated in 0.00213s] ('tasks', 'r', 'p', 'f', 'v', 'm', 'pg_catalog')

2025-12-19 08:48:42 | [32m[1mINFO    [0m | sqlalchemy.engine.Engine | SELECT pg_catalog.pg_type.typname 
FROM pg_catalog.pg_type JOIN pg_catalog.pg_namespace ON pg_catalog.pg_namespace.oid = pg_catalog.pg_type.typnamespace 
WHERE pg_catalog.pg_type.typname = $1::VARCHAR AND pg_catalog.pg_type_is_visible(pg_catalog.pg_type.oid) AND pg_catalog.pg_namespace.nspname != $2::VARCHAR

2025-12-19 08:48:42 | [32m[1mINFO    [0m | sqlalchemy.engine.Engine | SELECT pg_catalog.pg_type.typname 
FROM pg_catalog.pg_type JOIN pg_catalog.pg_namespace ON pg_catalog.pg_namespace.oid = pg_catalog.pg_type.typnamespace 
WHERE pg_catalog.pg_type.typname = $1::VARCHAR AND pg_catalog.pg_type_is_visible(pg_catalog.pg_type.oid) AND pg_catalog.pg_namespace.nspname != $2::VARCHAR

2025-12-19 08:48:42 | [32m[1mINFO    [0m | sqlalchemy.engine.Engine | [generated in 0.00134s] ('taskstatus', 'pg_catalog')

2025-12-19 08:48:42 | [32m[1mINFO    [0m | sqlalchemy.engine.Engine | [generated in 0.00134s] ('taskstatus', 'pg_catalog')

2025-12-19 08:48:42 | [32m[1mINFO    [0m | sqlalchemy.engine.Engine | SELECT pg_catalog.pg_type.typname 
FROM pg_catalog.pg_type JOIN pg_catalog.pg_namespace ON pg_catalog.pg_namespace.oid = pg_catalog.pg_type.typnamespace 
WHERE pg_catalog.pg_type.typname = $1::VARCHAR AND pg_catalog.pg_type_is_visible(pg_catalog.pg_type.oid) AND pg_catalog.pg_namespace.nspname != $2::VARCHAR

2025-12-19 08:48:42 | [32m[1mINFO    [0m | sqlalchemy.engine.Engine | SELECT pg_catalog.pg_type.typname 
FROM pg_catalog.pg_type JOIN pg_catalog.pg_namespace ON pg_catalog.pg_namespace.oid = pg_catalog.pg_type.typnamespace 
WHERE pg_catalog.pg_type.typname = $1::VARCHAR AND pg_catalog.pg_type_is_visible(pg_catalog.pg_type.oid) AND pg_catalog.pg_namespace.nspname != $2::VARCHAR

2025-12-19 08:48:42 | [32m[1mINFO    [0m | sqlalchemy.engine.Engine | [cached since 0.006707s ago] ('taskstage', 'pg_catalog')

2025-12-19 08:48:42 | [32m[1mINFO    [0m | sqlalchemy.engine.Engine | [cached since 0.006707s ago] ('taskstage', 'pg_catalog')

2025-12-19 08:48:42 | [32m[1mINFO    [0m | sqlalchemy.engine.Engine | COMMIT

2025-12-19 08:48:42 | [32m[1mINFO    [0m | sqlalchemy.engine.Engine | COMMIT

2025-12-19 08:48:42 | [32m[1mINFO    [0m | main                 | Database initialized

2025-12-19 08:48:42 | [32m[1mINFO    [0m | main                 | Database initialized

2025-12-19 09:59:11 | [32m[1mINFO    [0m | main                 | Incoming request: POST /api/v1/upload

2025-12-19 09:59:11 | [32m[1mINFO    [0m | main                 | Incoming request: POST /api/v1/upload

2025-12-19 09:59:11 | [32m[1mINFO    [0m | routes.routes        | Upload request received - filename: 87c0e21efae14e298ee8c0a190322dd4_intent.csv, email: user@example.com

2025-12-19 09:59:11 | [32m[1mINFO    [0m | routes.routes        | Upload request received - filename: 87c0e21efae14e298ee8c0a190322dd4_intent.csv, email: user@example.com

2025-12-19 09:59:11 | [32m[1mINFO    [0m | routes.routes        | Saving file to: uploads/87c0e21efae14e298ee8c0a190322dd4_intent.csv

2025-12-19 09:59:11 | [32m[1mINFO    [0m | routes.routes        | Saving file to: uploads/87c0e21efae14e298ee8c0a190322dd4_intent.csv

2025-12-19 09:59:11 | [32m[1mINFO    [0m | routes.routes        | File saved successfully: uploads/87c0e21efae14e298ee8c0a190322dd4_intent.csv

2025-12-19 09:59:11 | [32m[1mINFO    [0m | routes.routes        | File saved successfully: uploads/87c0e21efae14e298ee8c0a190322dd4_intent.csv

2025-12-19 09:59:11 | [32m[1mINFO    [0m | routes.routes        | Validating columns in file: 87c0e21efae14e298ee8c0a190322dd4_intent.csv

2025-12-19 09:59:11 | [32m[1mINFO    [0m | routes.routes        | Validating columns in file: 87c0e21efae14e298ee8c0a190322dd4_intent.csv

2025-12-19 09:59:11 | [32m[1mINFO    [0m | routes.routes        | Column validation passed for file: 87c0e21efae14e298ee8c0a190322dd4_intent.csv

2025-12-19 09:59:11 | [32m[1mINFO    [0m | routes.routes        | Column validation passed for file: 87c0e21efae14e298ee8c0a190322dd4_intent.csv

2025-12-19 09:59:11 | [32m[1mINFO    [0m | routes.routes        | Column mapping: {'depute geography': 'depute geography', 'depute country': 'depute country', 'depute branch': 'depute branch', 'depute datacenter': 'depute datacenter', 'question': 'question', 'answer': 'answer'}

2025-12-19 09:59:11 | [32m[1mINFO    [0m | routes.routes        | Column mapping: {'depute geography': 'depute geography', 'depute country': 'depute country', 'depute branch': 'depute branch', 'depute datacenter': 'depute datacenter', 'question': 'question', 'answer': 'answer'}

2025-12-19 09:59:11 | [32m[1mINFO    [0m | routes.routes        | Saving file with renamed columns to: uploads/35f15bfb2d6a45aebb9a014f966a8227.csv

2025-12-19 09:59:11 | [32m[1mINFO    [0m | routes.routes        | Saving file with renamed columns to: uploads/35f15bfb2d6a45aebb9a014f966a8227.csv

2025-12-19 09:59:11 | [32m[1mINFO    [0m | routes.routes        | File saved with standardized columns: uploads/35f15bfb2d6a45aebb9a014f966a8227.csv

2025-12-19 09:59:11 | [32m[1mINFO    [0m | routes.routes        | File saved with standardized columns: uploads/35f15bfb2d6a45aebb9a014f966a8227.csv

2025-12-19 09:59:11 | [32m[1mINFO    [0m | routes.routes        | Enqueueing processing task for file: 87c0e21efae14e298ee8c0a190322dd4_intent.csv

2025-12-19 09:59:11 | [32m[1mINFO    [0m | routes.routes        | Enqueueing processing task for file: 87c0e21efae14e298ee8c0a190322dd4_intent.csv

2025-12-19 09:59:11 | [32m[1mINFO    [0m | routes.routes        | Task enqueued successfully - task_id: 500fb8ab-f94c-4a8e-86fc-f98a63a07acf, file: 87c0e21efae14e298ee8c0a190322dd4_intent.csv

2025-12-19 09:59:11 | [32m[1mINFO    [0m | routes.routes        | Task enqueued successfully - task_id: 500fb8ab-f94c-4a8e-86fc-f98a63a07acf, file: 87c0e21efae14e298ee8c0a190322dd4_intent.csv

2025-12-19 09:59:11 | [32m[1mINFO    [0m | routes.routes        | Creating database record for task_id: 500fb8ab-f94c-4a8e-86fc-f98a63a07acf

2025-12-19 09:59:11 | [32m[1mINFO    [0m | routes.routes        | Creating database record for task_id: 500fb8ab-f94c-4a8e-86fc-f98a63a07acf

2025-12-19 09:59:11 | [32m[1mINFO    [0m | sqlalchemy.engine.Engine | BEGIN (implicit)

2025-12-19 09:59:11 | [32m[1mINFO    [0m | sqlalchemy.engine.Engine | BEGIN (implicit)

2025-12-19 09:59:11 | [32m[1mINFO    [0m | sqlalchemy.engine.Engine | INSERT INTO tasks (job_id, file_id, file_path, email, status, stage, error_message, retry_count, distribution_chart, wordcloud, summary, completed_at) VALUES ($1::VARCHAR, $2::VARCHAR, $3::VARCHAR, $4::VARCHAR, $5::taskstatus, $6::taskstage, $7::VARCHAR, $8::INTEGER, $9::VARCHAR[], $10::VARCHAR[], $11::VARCHAR, $12::TIMESTAMP WITH TIME ZONE) RETURNING tasks.id, tasks.created_at, tasks.updated_at

2025-12-19 09:59:11 | [32m[1mINFO    [0m | sqlalchemy.engine.Engine | INSERT INTO tasks (job_id, file_id, file_path, email, status, stage, error_message, retry_count, distribution_chart, wordcloud, summary, completed_at) VALUES ($1::VARCHAR, $2::VARCHAR, $3::VARCHAR, $4::VARCHAR, $5::taskstatus, $6::taskstage, $7::VARCHAR, $8::INTEGER, $9::VARCHAR[], $10::VARCHAR[], $11::VARCHAR, $12::TIMESTAMP WITH TIME ZONE) RETURNING tasks.id, tasks.created_at, tasks.updated_at

2025-12-19 09:59:11 | [32m[1mINFO    [0m | sqlalchemy.engine.Engine | [generated in 0.00242s] ('500fb8ab-f94c-4a8e-86fc-f98a63a07acf', '35f15bfb2d6a45aebb9a014f966a8227', 'uploads/35f15bfb2d6a45aebb9a014f966a8227.csv', 'user@example.com', 'PENDING', 'QUEUE', None, 0, None, None, None, None)

2025-12-19 09:59:11 | [32m[1mINFO    [0m | sqlalchemy.engine.Engine | [generated in 0.00242s] ('500fb8ab-f94c-4a8e-86fc-f98a63a07acf', '35f15bfb2d6a45aebb9a014f966a8227', 'uploads/35f15bfb2d6a45aebb9a014f966a8227.csv', 'user@example.com', 'PENDING', 'QUEUE', None, 0, None, None, None, None)

2025-12-19 09:59:12 | [32m[1mINFO    [0m | sqlalchemy.engine.Engine | COMMIT

2025-12-19 09:59:12 | [32m[1mINFO    [0m | sqlalchemy.engine.Engine | COMMIT

2025-12-19 09:59:12 | [32m[1mINFO    [0m | sqlalchemy.engine.Engine | BEGIN (implicit)

2025-12-19 09:59:12 | [32m[1mINFO    [0m | sqlalchemy.engine.Engine | BEGIN (implicit)

2025-12-19 09:59:12 | [32m[1mINFO    [0m | sqlalchemy.engine.Engine | SELECT tasks.id, tasks.job_id, tasks.file_id, tasks.file_path, tasks.email, tasks.status, tasks.stage, tasks.error_message, tasks.retry_count, tasks.distribution_chart, tasks.wordcloud, tasks.wordcloud_by_questions, tasks.treemap, tasks.sunburst, tasks.summary, tasks.created_at, tasks.updated_at, tasks.completed_at 
FROM tasks 
WHERE tasks.id = $1::INTEGER

2025-12-19 09:59:12 | [32m[1mINFO    [0m | sqlalchemy.engine.Engine | SELECT tasks.id, tasks.job_id, tasks.file_id, tasks.file_path, tasks.email, tasks.status, tasks.stage, tasks.error_message, tasks.retry_count, tasks.distribution_chart, tasks.wordcloud, tasks.wordcloud_by_questions, tasks.treemap, tasks.sunburst, tasks.summary, tasks.created_at, tasks.updated_at, tasks.completed_at 
FROM tasks 
WHERE tasks.id = $1::INTEGER

2025-12-19 09:59:12 | [32m[1mINFO    [0m | sqlalchemy.engine.Engine | [generated in 0.00173s] (5,)

2025-12-19 09:59:12 | [32m[1mINFO    [0m | sqlalchemy.engine.Engine | [generated in 0.00173s] (5,)

2025-12-19 09:59:12 | [32m[1mINFO    [0m | routes.routes        | Database record created successfully for task_id: 500fb8ab-f94c-4a8e-86fc-f98a63a07acf

2025-12-19 09:59:12 | [32m[1mINFO    [0m | routes.routes        | Database record created successfully for task_id: 500fb8ab-f94c-4a8e-86fc-f98a63a07acf

2025-12-19 09:59:12 | [32m[1mINFO    [0m | routes.routes        | Upload process completed successfully - filename: 87c0e21efae14e298ee8c0a190322dd4_intent.csv, task_id: 500fb8ab-f94c-4a8e-86fc-f98a63a07acf, email: user@example.com

2025-12-19 09:59:12 | [32m[1mINFO    [0m | routes.routes        | Upload process completed successfully - filename: 87c0e21efae14e298ee8c0a190322dd4_intent.csv, task_id: 500fb8ab-f94c-4a8e-86fc-f98a63a07acf, email: user@example.com

2025-12-19 09:59:12 | [32m[1mINFO    [0m | main                 | Request completed: POST /api/v1/upload - Status: 200

2025-12-19 09:59:12 | [32m[1mINFO    [0m | main                 | Request completed: POST /api/v1/upload - Status: 200

2025-12-19 09:59:12 | [32m[1mINFO    [0m | sqlalchemy.engine.Engine | ROLLBACK

2025-12-19 09:59:12 | [32m[1mINFO    [0m | sqlalchemy.engine.Engine | ROLLBACK

2025-12-19 10:02:22 | [32m[1mINFO    [0m | main                 | Closing database

2025-12-19 10:02:22 | [32m[1mINFO    [0m | main                 | Closing database

2025-12-19 10:02:22 | [32m[1mINFO    [0m | main                 | Database closed

2025-12-19 10:02:22 | [32m[1mINFO    [0m | main                 | Database closed

2025-12-19 10:02:22 | [32m[1mINFO    [0m | main                 | Shutting down application

2025-12-19 10:02:22 | [32m[1mINFO    [0m | main                 | Shutting down application

2025-12-19 10:03:04 | [32m[1mINFO    [0m | main                 | API routes registered at /api/v1

2025-12-19 10:03:04 | [32m[1mINFO    [0m | main                 | API routes registered at /api/v1

2025-12-19 10:03:04 | [32m[1mINFO    [0m | main                 | Starting Background Jobs Feedback Analyzer FastAPI Backend

2025-12-19 10:03:04 | [32m[1mINFO    [0m | main                 | Starting Background Jobs Feedback Analyzer FastAPI Backend

2025-12-19 10:03:04 | [32m[1mINFO    [0m | main                 | Environment: development

2025-12-19 10:03:04 | [32m[1mINFO    [0m | main                 | Environment: development

2025-12-19 10:03:04 | [32m[1mINFO    [0m | main                 | Allowed origins: ['*']

2025-12-19 10:03:04 | [32m[1mINFO    [0m | main                 | Allowed origins: ['*']

2025-12-19 10:03:04 | [32m[1mINFO    [0m | main                 | Application started

2025-12-19 10:03:04 | [32m[1mINFO    [0m | main                 | Application started

2025-12-19 10:03:04 | [32m[1mINFO    [0m | main                 | Initializing database

2025-12-19 10:03:04 | [32m[1mINFO    [0m | main                 | Initializing database

2025-12-19 10:03:04 | [32m[1mINFO    [0m | sqlalchemy.engine.Engine | select pg_catalog.version()

2025-12-19 10:03:04 | [32m[1mINFO    [0m | sqlalchemy.engine.Engine | select pg_catalog.version()

2025-12-19 10:03:04 | [32m[1mINFO    [0m | sqlalchemy.engine.Engine | [raw sql] ()

2025-12-19 10:03:04 | [32m[1mINFO    [0m | sqlalchemy.engine.Engine | [raw sql] ()

2025-12-19 10:03:04 | [32m[1mINFO    [0m | sqlalchemy.engine.Engine | select current_schema()

2025-12-19 10:03:04 | [32m[1mINFO    [0m | sqlalchemy.engine.Engine | select current_schema()

2025-12-19 10:03:04 | [32m[1mINFO    [0m | sqlalchemy.engine.Engine | [raw sql] ()

2025-12-19 10:03:04 | [32m[1mINFO    [0m | sqlalchemy.engine.Engine | [raw sql] ()

2025-12-19 10:03:04 | [32m[1mINFO    [0m | sqlalchemy.engine.Engine | show standard_conforming_strings

2025-12-19 10:03:04 | [32m[1mINFO    [0m | sqlalchemy.engine.Engine | show standard_conforming_strings

2025-12-19 10:03:04 | [32m[1mINFO    [0m | sqlalchemy.engine.Engine | [raw sql] ()

2025-12-19 10:03:04 | [32m[1mINFO    [0m | sqlalchemy.engine.Engine | [raw sql] ()

2025-12-19 10:03:04 | [32m[1mINFO    [0m | sqlalchemy.engine.Engine | BEGIN (implicit)

2025-12-19 10:03:04 | [32m[1mINFO    [0m | sqlalchemy.engine.Engine | BEGIN (implicit)

2025-12-19 10:03:04 | [32m[1mINFO    [0m | sqlalchemy.engine.Engine | SELECT pg_catalog.pg_class.relname 
FROM pg_catalog.pg_class JOIN pg_catalog.pg_namespace ON pg_catalog.pg_namespace.oid = pg_catalog.pg_class.relnamespace 
WHERE pg_catalog.pg_class.relname = $1::VARCHAR AND pg_catalog.pg_class.relkind = ANY (ARRAY[$2::VARCHAR, $3::VARCHAR, $4::VARCHAR, $5::VARCHAR, $6::VARCHAR]) AND pg_catalog.pg_table_is_visible(pg_catalog.pg_class.oid) AND pg_catalog.pg_namespace.nspname != $7::VARCHAR

2025-12-19 10:03:04 | [32m[1mINFO    [0m | sqlalchemy.engine.Engine | SELECT pg_catalog.pg_class.relname 
FROM pg_catalog.pg_class JOIN pg_catalog.pg_namespace ON pg_catalog.pg_namespace.oid = pg_catalog.pg_class.relnamespace 
WHERE pg_catalog.pg_class.relname = $1::VARCHAR AND pg_catalog.pg_class.relkind = ANY (ARRAY[$2::VARCHAR, $3::VARCHAR, $4::VARCHAR, $5::VARCHAR, $6::VARCHAR]) AND pg_catalog.pg_table_is_visible(pg_catalog.pg_class.oid) AND pg_catalog.pg_namespace.nspname != $7::VARCHAR

2025-12-19 10:03:04 | [32m[1mINFO    [0m | sqlalchemy.engine.Engine | [generated in 0.00111s] ('tasks', 'r', 'p', 'f', 'v', 'm', 'pg_catalog')

2025-12-19 10:03:04 | [32m[1mINFO    [0m | sqlalchemy.engine.Engine | [generated in 0.00111s] ('tasks', 'r', 'p', 'f', 'v', 'm', 'pg_catalog')

2025-12-19 10:03:04 | [32m[1mINFO    [0m | sqlalchemy.engine.Engine | SELECT pg_catalog.pg_type.typname 
FROM pg_catalog.pg_type JOIN pg_catalog.pg_namespace ON pg_catalog.pg_namespace.oid = pg_catalog.pg_type.typnamespace 
WHERE pg_catalog.pg_type.typname = $1::VARCHAR AND pg_catalog.pg_type_is_visible(pg_catalog.pg_type.oid) AND pg_catalog.pg_namespace.nspname != $2::VARCHAR

2025-12-19 10:03:04 | [32m[1mINFO    [0m | sqlalchemy.engine.Engine | SELECT pg_catalog.pg_type.typname 
FROM pg_catalog.pg_type JOIN pg_catalog.pg_namespace ON pg_catalog.pg_namespace.oid = pg_catalog.pg_type.typnamespace 
WHERE pg_catalog.pg_type.typname = $1::VARCHAR AND pg_catalog.pg_type_is_visible(pg_catalog.pg_type.oid) AND pg_catalog.pg_namespace.nspname != $2::VARCHAR

2025-12-19 10:03:04 | [32m[1mINFO    [0m | sqlalchemy.engine.Engine | [generated in 0.00128s] ('taskstatus', 'pg_catalog')

2025-12-19 10:03:04 | [32m[1mINFO    [0m | sqlalchemy.engine.Engine | [generated in 0.00128s] ('taskstatus', 'pg_catalog')

2025-12-19 10:03:04 | [32m[1mINFO    [0m | sqlalchemy.engine.Engine | SELECT pg_catalog.pg_type.typname 
FROM pg_catalog.pg_type JOIN pg_catalog.pg_namespace ON pg_catalog.pg_namespace.oid = pg_catalog.pg_type.typnamespace 
WHERE pg_catalog.pg_type.typname = $1::VARCHAR AND pg_catalog.pg_type_is_visible(pg_catalog.pg_type.oid) AND pg_catalog.pg_namespace.nspname != $2::VARCHAR

2025-12-19 10:03:04 | [32m[1mINFO    [0m | sqlalchemy.engine.Engine | SELECT pg_catalog.pg_type.typname 
FROM pg_catalog.pg_type JOIN pg_catalog.pg_namespace ON pg_catalog.pg_namespace.oid = pg_catalog.pg_type.typnamespace 
WHERE pg_catalog.pg_type.typname = $1::VARCHAR AND pg_catalog.pg_type_is_visible(pg_catalog.pg_type.oid) AND pg_catalog.pg_namespace.nspname != $2::VARCHAR

2025-12-19 10:03:04 | [32m[1mINFO    [0m | sqlalchemy.engine.Engine | [cached since 0.006407s ago] ('taskstage', 'pg_catalog')

2025-12-19 10:03:04 | [32m[1mINFO    [0m | sqlalchemy.engine.Engine | [cached since 0.006407s ago] ('taskstage', 'pg_catalog')

2025-12-19 10:03:04 | [32m[1mINFO    [0m | sqlalchemy.engine.Engine | COMMIT

2025-12-19 10:03:04 | [32m[1mINFO    [0m | sqlalchemy.engine.Engine | COMMIT

2025-12-19 10:03:04 | [32m[1mINFO    [0m | main                 | Database initialized

2025-12-19 10:03:04 | [32m[1mINFO    [0m | main                 | Database initialized

2025-12-19 10:03:23 | [32m[1mINFO    [0m | main                 | Closing database

2025-12-19 10:03:23 | [32m[1mINFO    [0m | main                 | Closing database

2025-12-19 10:03:23 | [32m[1mINFO    [0m | main                 | Database closed

2025-12-19 10:03:23 | [32m[1mINFO    [0m | main                 | Database closed

2025-12-19 10:03:23 | [32m[1mINFO    [0m | main                 | Shutting down application

2025-12-19 10:03:23 | [32m[1mINFO    [0m | main                 | Shutting down application

2025-12-19 10:03:38 | [32m[1mINFO    [0m | main                 | API routes registered at /api/v1

2025-12-19 10:03:38 | [32m[1mINFO    [0m | main                 | API routes registered at /api/v1

2025-12-19 10:03:38 | [32m[1mINFO    [0m | main                 | Starting Background Jobs Feedback Analyzer FastAPI Backend

2025-12-19 10:03:38 | [32m[1mINFO    [0m | main                 | Starting Background Jobs Feedback Analyzer FastAPI Backend

2025-12-19 10:03:38 | [32m[1mINFO    [0m | main                 | Environment: development

2025-12-19 10:03:38 | [32m[1mINFO    [0m | main                 | Environment: development

2025-12-19 10:03:38 | [32m[1mINFO    [0m | main                 | Allowed origins: ['*']

2025-12-19 10:03:38 | [32m[1mINFO    [0m | main                 | Allowed origins: ['*']

2025-12-19 10:03:38 | [32m[1mINFO    [0m | main                 | Application started

2025-12-19 10:03:38 | [32m[1mINFO    [0m | main                 | Application started

2025-12-19 10:03:38 | [32m[1mINFO    [0m | main                 | Initializing database

2025-12-19 10:03:38 | [32m[1mINFO    [0m | main                 | Initializing database

2025-12-19 10:03:38 | [32m[1mINFO    [0m | sqlalchemy.engine.Engine | select pg_catalog.version()

2025-12-19 10:03:38 | [32m[1mINFO    [0m | sqlalchemy.engine.Engine | select pg_catalog.version()

2025-12-19 10:03:38 | [32m[1mINFO    [0m | sqlalchemy.engine.Engine | [raw sql] ()

2025-12-19 10:03:38 | [32m[1mINFO    [0m | sqlalchemy.engine.Engine | [raw sql] ()

2025-12-19 10:03:38 | [32m[1mINFO    [0m | sqlalchemy.engine.Engine | select current_schema()

2025-12-19 10:03:38 | [32m[1mINFO    [0m | sqlalchemy.engine.Engine | select current_schema()

2025-12-19 10:03:38 | [32m[1mINFO    [0m | sqlalchemy.engine.Engine | [raw sql] ()

2025-12-19 10:03:38 | [32m[1mINFO    [0m | sqlalchemy.engine.Engine | [raw sql] ()

2025-12-19 10:03:38 | [32m[1mINFO    [0m | sqlalchemy.engine.Engine | show standard_conforming_strings

2025-12-19 10:03:38 | [32m[1mINFO    [0m | sqlalchemy.engine.Engine | show standard_conforming_strings

2025-12-19 10:03:38 | [32m[1mINFO    [0m | sqlalchemy.engine.Engine | [raw sql] ()

2025-12-19 10:03:38 | [32m[1mINFO    [0m | sqlalchemy.engine.Engine | [raw sql] ()

2025-12-19 10:03:38 | [32m[1mINFO    [0m | sqlalchemy.engine.Engine | BEGIN (implicit)

2025-12-19 10:03:38 | [32m[1mINFO    [0m | sqlalchemy.engine.Engine | BEGIN (implicit)

2025-12-19 10:03:38 | [32m[1mINFO    [0m | sqlalchemy.engine.Engine | SELECT pg_catalog.pg_class.relname 
FROM pg_catalog.pg_class JOIN pg_catalog.pg_namespace ON pg_catalog.pg_namespace.oid = pg_catalog.pg_class.relnamespace 
WHERE pg_catalog.pg_class.relname = $1::VARCHAR AND pg_catalog.pg_class.relkind = ANY (ARRAY[$2::VARCHAR, $3::VARCHAR, $4::VARCHAR, $5::VARCHAR, $6::VARCHAR]) AND pg_catalog.pg_table_is_visible(pg_catalog.pg_class.oid) AND pg_catalog.pg_namespace.nspname != $7::VARCHAR

2025-12-19 10:03:38 | [32m[1mINFO    [0m | sqlalchemy.engine.Engine | SELECT pg_catalog.pg_class.relname 
FROM pg_catalog.pg_class JOIN pg_catalog.pg_namespace ON pg_catalog.pg_namespace.oid = pg_catalog.pg_class.relnamespace 
WHERE pg_catalog.pg_class.relname = $1::VARCHAR AND pg_catalog.pg_class.relkind = ANY (ARRAY[$2::VARCHAR, $3::VARCHAR, $4::VARCHAR, $5::VARCHAR, $6::VARCHAR]) AND pg_catalog.pg_table_is_visible(pg_catalog.pg_class.oid) AND pg_catalog.pg_namespace.nspname != $7::VARCHAR

2025-12-19 10:03:38 | [32m[1mINFO    [0m | sqlalchemy.engine.Engine | [generated in 0.00394s] ('tasks', 'r', 'p', 'f', 'v', 'm', 'pg_catalog')

2025-12-19 10:03:38 | [32m[1mINFO    [0m | sqlalchemy.engine.Engine | [generated in 0.00394s] ('tasks', 'r', 'p', 'f', 'v', 'm', 'pg_catalog')

2025-12-19 10:03:38 | [32m[1mINFO    [0m | sqlalchemy.engine.Engine | SELECT pg_catalog.pg_type.typname 
FROM pg_catalog.pg_type JOIN pg_catalog.pg_namespace ON pg_catalog.pg_namespace.oid = pg_catalog.pg_type.typnamespace 
WHERE pg_catalog.pg_type.typname = $1::VARCHAR AND pg_catalog.pg_type_is_visible(pg_catalog.pg_type.oid) AND pg_catalog.pg_namespace.nspname != $2::VARCHAR

2025-12-19 10:03:38 | [32m[1mINFO    [0m | sqlalchemy.engine.Engine | SELECT pg_catalog.pg_type.typname 
FROM pg_catalog.pg_type JOIN pg_catalog.pg_namespace ON pg_catalog.pg_namespace.oid = pg_catalog.pg_type.typnamespace 
WHERE pg_catalog.pg_type.typname = $1::VARCHAR AND pg_catalog.pg_type_is_visible(pg_catalog.pg_type.oid) AND pg_catalog.pg_namespace.nspname != $2::VARCHAR

2025-12-19 10:03:38 | [32m[1mINFO    [0m | sqlalchemy.engine.Engine | [generated in 0.00115s] ('taskstatus', 'pg_catalog')

2025-12-19 10:03:38 | [32m[1mINFO    [0m | sqlalchemy.engine.Engine | [generated in 0.00115s] ('taskstatus', 'pg_catalog')

2025-12-19 10:03:38 | [32m[1mINFO    [0m | sqlalchemy.engine.Engine | SELECT pg_catalog.pg_type.typname 
FROM pg_catalog.pg_type JOIN pg_catalog.pg_namespace ON pg_catalog.pg_namespace.oid = pg_catalog.pg_type.typnamespace 
WHERE pg_catalog.pg_type.typname = $1::VARCHAR AND pg_catalog.pg_type_is_visible(pg_catalog.pg_type.oid) AND pg_catalog.pg_namespace.nspname != $2::VARCHAR

2025-12-19 10:03:38 | [32m[1mINFO    [0m | sqlalchemy.engine.Engine | SELECT pg_catalog.pg_type.typname 
FROM pg_catalog.pg_type JOIN pg_catalog.pg_namespace ON pg_catalog.pg_namespace.oid = pg_catalog.pg_type.typnamespace 
WHERE pg_catalog.pg_type.typname = $1::VARCHAR AND pg_catalog.pg_type_is_visible(pg_catalog.pg_type.oid) AND pg_catalog.pg_namespace.nspname != $2::VARCHAR

2025-12-19 10:03:38 | [32m[1mINFO    [0m | sqlalchemy.engine.Engine | [cached since 0.005945s ago] ('taskstage', 'pg_catalog')

2025-12-19 10:03:38 | [32m[1mINFO    [0m | sqlalchemy.engine.Engine | [cached since 0.005945s ago] ('taskstage', 'pg_catalog')

2025-12-19 10:03:38 | [32m[1mINFO    [0m | sqlalchemy.engine.Engine | COMMIT

2025-12-19 10:03:38 | [32m[1mINFO    [0m | sqlalchemy.engine.Engine | COMMIT

2025-12-19 10:03:38 | [32m[1mINFO    [0m | main                 | Database initialized

2025-12-19 10:03:38 | [32m[1mINFO    [0m | main                 | Database initialized

2025-12-19 10:03:53 | [32m[1mINFO    [0m | main                 | API routes registered at /api/v1

2025-12-19 10:03:53 | [32m[1mINFO    [0m | main                 | API routes registered at /api/v1

2025-12-19 10:03:53 | [32m[1mINFO    [0m | main                 | Starting Background Jobs Feedback Analyzer FastAPI Backend

2025-12-19 10:03:53 | [32m[1mINFO    [0m | main                 | Starting Background Jobs Feedback Analyzer FastAPI Backend

2025-12-19 10:03:53 | [32m[1mINFO    [0m | main                 | Environment: development

2025-12-19 10:03:53 | [32m[1mINFO    [0m | main                 | Environment: development

2025-12-19 10:03:53 | [32m[1mINFO    [0m | main                 | Allowed origins: ['*']

2025-12-19 10:03:53 | [32m[1mINFO    [0m | main                 | Allowed origins: ['*']

2025-12-19 10:03:53 | [32m[1mINFO    [0m | main                 | Application started

2025-12-19 10:03:53 | [32m[1mINFO    [0m | main                 | Application started

2025-12-19 10:03:53 | [32m[1mINFO    [0m | main                 | Initializing database

2025-12-19 10:03:53 | [32m[1mINFO    [0m | main                 | Initializing database

2025-12-19 10:03:53 | [32m[1mINFO    [0m | sqlalchemy.engine.Engine | select pg_catalog.version()

2025-12-19 10:03:53 | [32m[1mINFO    [0m | sqlalchemy.engine.Engine | select pg_catalog.version()

2025-12-19 10:03:53 | [32m[1mINFO    [0m | sqlalchemy.engine.Engine | [raw sql] ()

2025-12-19 10:03:53 | [32m[1mINFO    [0m | sqlalchemy.engine.Engine | [raw sql] ()

2025-12-19 10:03:53 | [32m[1mINFO    [0m | sqlalchemy.engine.Engine | select current_schema()

2025-12-19 10:03:53 | [32m[1mINFO    [0m | sqlalchemy.engine.Engine | select current_schema()

2025-12-19 10:03:53 | [32m[1mINFO    [0m | sqlalchemy.engine.Engine | [raw sql] ()

2025-12-19 10:03:53 | [32m[1mINFO    [0m | sqlalchemy.engine.Engine | [raw sql] ()

2025-12-19 10:03:53 | [32m[1mINFO    [0m | sqlalchemy.engine.Engine | show standard_conforming_strings

2025-12-19 10:03:53 | [32m[1mINFO    [0m | sqlalchemy.engine.Engine | show standard_conforming_strings

2025-12-19 10:03:53 | [32m[1mINFO    [0m | sqlalchemy.engine.Engine | [raw sql] ()

2025-12-19 10:03:53 | [32m[1mINFO    [0m | sqlalchemy.engine.Engine | [raw sql] ()

2025-12-19 10:03:53 | [32m[1mINFO    [0m | sqlalchemy.engine.Engine | BEGIN (implicit)

2025-12-19 10:03:53 | [32m[1mINFO    [0m | sqlalchemy.engine.Engine | BEGIN (implicit)

2025-12-19 10:03:53 | [32m[1mINFO    [0m | sqlalchemy.engine.Engine | SELECT pg_catalog.pg_class.relname 
FROM pg_catalog.pg_class JOIN pg_catalog.pg_namespace ON pg_catalog.pg_namespace.oid = pg_catalog.pg_class.relnamespace 
WHERE pg_catalog.pg_class.relname = $1::VARCHAR AND pg_catalog.pg_class.relkind = ANY (ARRAY[$2::VARCHAR, $3::VARCHAR, $4::VARCHAR, $5::VARCHAR, $6::VARCHAR]) AND pg_catalog.pg_table_is_visible(pg_catalog.pg_class.oid) AND pg_catalog.pg_namespace.nspname != $7::VARCHAR

2025-12-19 10:03:53 | [32m[1mINFO    [0m | sqlalchemy.engine.Engine | SELECT pg_catalog.pg_class.relname 
FROM pg_catalog.pg_class JOIN pg_catalog.pg_namespace ON pg_catalog.pg_namespace.oid = pg_catalog.pg_class.relnamespace 
WHERE pg_catalog.pg_class.relname = $1::VARCHAR AND pg_catalog.pg_class.relkind = ANY (ARRAY[$2::VARCHAR, $3::VARCHAR, $4::VARCHAR, $5::VARCHAR, $6::VARCHAR]) AND pg_catalog.pg_table_is_visible(pg_catalog.pg_class.oid) AND pg_catalog.pg_namespace.nspname != $7::VARCHAR

2025-12-19 10:03:53 | [32m[1mINFO    [0m | sqlalchemy.engine.Engine | [generated in 0.00176s] ('tasks', 'r', 'p', 'f', 'v', 'm', 'pg_catalog')

2025-12-19 10:03:53 | [32m[1mINFO    [0m | sqlalchemy.engine.Engine | [generated in 0.00176s] ('tasks', 'r', 'p', 'f', 'v', 'm', 'pg_catalog')

2025-12-19 10:03:53 | [32m[1mINFO    [0m | sqlalchemy.engine.Engine | SELECT pg_catalog.pg_type.typname 
FROM pg_catalog.pg_type JOIN pg_catalog.pg_namespace ON pg_catalog.pg_namespace.oid = pg_catalog.pg_type.typnamespace 
WHERE pg_catalog.pg_type.typname = $1::VARCHAR AND pg_catalog.pg_type_is_visible(pg_catalog.pg_type.oid) AND pg_catalog.pg_namespace.nspname != $2::VARCHAR

2025-12-19 10:03:53 | [32m[1mINFO    [0m | sqlalchemy.engine.Engine | SELECT pg_catalog.pg_type.typname 
FROM pg_catalog.pg_type JOIN pg_catalog.pg_namespace ON pg_catalog.pg_namespace.oid = pg_catalog.pg_type.typnamespace 
WHERE pg_catalog.pg_type.typname = $1::VARCHAR AND pg_catalog.pg_type_is_visible(pg_catalog.pg_type.oid) AND pg_catalog.pg_namespace.nspname != $2::VARCHAR

2025-12-19 10:03:53 | [32m[1mINFO    [0m | sqlalchemy.engine.Engine | [generated in 0.00147s] ('taskstatus', 'pg_catalog')

2025-12-19 10:03:53 | [32m[1mINFO    [0m | sqlalchemy.engine.Engine | [generated in 0.00147s] ('taskstatus', 'pg_catalog')

2025-12-19 10:03:53 | [32m[1mINFO    [0m | sqlalchemy.engine.Engine | SELECT pg_catalog.pg_type.typname 
FROM pg_catalog.pg_type JOIN pg_catalog.pg_namespace ON pg_catalog.pg_namespace.oid = pg_catalog.pg_type.typnamespace 
WHERE pg_catalog.pg_type.typname = $1::VARCHAR AND pg_catalog.pg_type_is_visible(pg_catalog.pg_type.oid) AND pg_catalog.pg_namespace.nspname != $2::VARCHAR

2025-12-19 10:03:53 | [32m[1mINFO    [0m | sqlalchemy.engine.Engine | SELECT pg_catalog.pg_type.typname 
FROM pg_catalog.pg_type JOIN pg_catalog.pg_namespace ON pg_catalog.pg_namespace.oid = pg_catalog.pg_type.typnamespace 
WHERE pg_catalog.pg_type.typname = $1::VARCHAR AND pg_catalog.pg_type_is_visible(pg_catalog.pg_type.oid) AND pg_catalog.pg_namespace.nspname != $2::VARCHAR

2025-12-19 10:03:53 | [32m[1mINFO    [0m | sqlalchemy.engine.Engine | [cached since 0.006547s ago] ('taskstage', 'pg_catalog')

2025-12-19 10:03:53 | [32m[1mINFO    [0m | sqlalchemy.engine.Engine | [cached since 0.006547s ago] ('taskstage', 'pg_catalog')

2025-12-19 10:03:53 | [32m[1mINFO    [0m | sqlalchemy.engine.Engine | COMMIT

2025-12-19 10:03:53 | [32m[1mINFO    [0m | sqlalchemy.engine.Engine | COMMIT

2025-12-19 10:03:53 | [32m[1mINFO    [0m | main                 | Database initialized

2025-12-19 10:03:53 | [32m[1mINFO    [0m | main                 | Database initialized

2025-12-19 10:04:00 | [32m[1mINFO    [0m | main                 | Incoming request: POST /api/v1/upload

2025-12-19 10:04:00 | [32m[1mINFO    [0m | main                 | Incoming request: POST /api/v1/upload

2025-12-19 10:04:00 | [32m[1mINFO    [0m | routes.routes        | Upload request received - filename: 87c0e21efae14e298ee8c0a190322dd4_intent.csv, email: user@example.com

2025-12-19 10:04:00 | [32m[1mINFO    [0m | routes.routes        | Upload request received - filename: 87c0e21efae14e298ee8c0a190322dd4_intent.csv, email: user@example.com

2025-12-19 10:04:00 | [32m[1mINFO    [0m | routes.routes        | Saving file to: uploads/87c0e21efae14e298ee8c0a190322dd4_intent.csv

2025-12-19 10:04:00 | [32m[1mINFO    [0m | routes.routes        | Saving file to: uploads/87c0e21efae14e298ee8c0a190322dd4_intent.csv

2025-12-19 10:04:00 | [32m[1mINFO    [0m | routes.routes        | File saved successfully: uploads/87c0e21efae14e298ee8c0a190322dd4_intent.csv

2025-12-19 10:04:00 | [32m[1mINFO    [0m | routes.routes        | File saved successfully: uploads/87c0e21efae14e298ee8c0a190322dd4_intent.csv

2025-12-19 10:04:00 | [32m[1mINFO    [0m | routes.routes        | Validating columns in file: 87c0e21efae14e298ee8c0a190322dd4_intent.csv

2025-12-19 10:04:00 | [32m[1mINFO    [0m | routes.routes        | Validating columns in file: 87c0e21efae14e298ee8c0a190322dd4_intent.csv

2025-12-19 10:04:00 | [32m[1mINFO    [0m | routes.routes        | Column validation passed for file: 87c0e21efae14e298ee8c0a190322dd4_intent.csv

2025-12-19 10:04:00 | [32m[1mINFO    [0m | routes.routes        | Column validation passed for file: 87c0e21efae14e298ee8c0a190322dd4_intent.csv

2025-12-19 10:04:00 | [32m[1mINFO    [0m | routes.routes        | Column mapping: {'depute geography': 'depute geography', 'depute country': 'depute country', 'depute branch': 'depute branch', 'depute datacenter': 'depute datacenter', 'question': 'question', 'answer': 'answer'}

2025-12-19 10:04:00 | [32m[1mINFO    [0m | routes.routes        | Column mapping: {'depute geography': 'depute geography', 'depute country': 'depute country', 'depute branch': 'depute branch', 'depute datacenter': 'depute datacenter', 'question': 'question', 'answer': 'answer'}

2025-12-19 10:04:00 | [32m[1mINFO    [0m | routes.routes        | Saving file with renamed columns to: uploads/28467b2389da4d62a6f6988ec501344a.csv

2025-12-19 10:04:00 | [32m[1mINFO    [0m | routes.routes        | Saving file with renamed columns to: uploads/28467b2389da4d62a6f6988ec501344a.csv

2025-12-19 10:04:00 | [32m[1mINFO    [0m | routes.routes        | File saved with standardized columns: uploads/28467b2389da4d62a6f6988ec501344a.csv

2025-12-19 10:04:00 | [32m[1mINFO    [0m | routes.routes        | File saved with standardized columns: uploads/28467b2389da4d62a6f6988ec501344a.csv

2025-12-19 10:04:00 | [32m[1mINFO    [0m | routes.routes        | Enqueueing processing task for file: 87c0e21efae14e298ee8c0a190322dd4_intent.csv

2025-12-19 10:04:00 | [32m[1mINFO    [0m | routes.routes        | Enqueueing processing task for file: 87c0e21efae14e298ee8c0a190322dd4_intent.csv

2025-12-19 10:04:00 | [32m[1mINFO    [0m | routes.routes        | Task enqueued successfully - task_id: 5d6fd14c-7b39-4374-bd4b-fccadb02b5bc, file: 87c0e21efae14e298ee8c0a190322dd4_intent.csv

2025-12-19 10:04:00 | [32m[1mINFO    [0m | routes.routes        | Task enqueued successfully - task_id: 5d6fd14c-7b39-4374-bd4b-fccadb02b5bc, file: 87c0e21efae14e298ee8c0a190322dd4_intent.csv

2025-12-19 10:04:00 | [32m[1mINFO    [0m | routes.routes        | Creating database record for task_id: 5d6fd14c-7b39-4374-bd4b-fccadb02b5bc

2025-12-19 10:04:00 | [32m[1mINFO    [0m | routes.routes        | Creating database record for task_id: 5d6fd14c-7b39-4374-bd4b-fccadb02b5bc

2025-12-19 10:04:00 | [32m[1mINFO    [0m | sqlalchemy.engine.Engine | BEGIN (implicit)

2025-12-19 10:04:00 | [32m[1mINFO    [0m | sqlalchemy.engine.Engine | BEGIN (implicit)

2025-12-19 10:04:00 | [32m[1mINFO    [0m | sqlalchemy.engine.Engine | INSERT INTO tasks (job_id, file_id, file_path, email, status, stage, error_message, retry_count, distribution_chart, wordcloud, summary, completed_at) VALUES ($1::VARCHAR, $2::VARCHAR, $3::VARCHAR, $4::VARCHAR, $5::taskstatus, $6::taskstage, $7::VARCHAR, $8::INTEGER, $9::VARCHAR[], $10::VARCHAR[], $11::VARCHAR, $12::TIMESTAMP WITH TIME ZONE) RETURNING tasks.id, tasks.created_at, tasks.updated_at

2025-12-19 10:04:00 | [32m[1mINFO    [0m | sqlalchemy.engine.Engine | INSERT INTO tasks (job_id, file_id, file_path, email, status, stage, error_message, retry_count, distribution_chart, wordcloud, summary, completed_at) VALUES ($1::VARCHAR, $2::VARCHAR, $3::VARCHAR, $4::VARCHAR, $5::taskstatus, $6::taskstage, $7::VARCHAR, $8::INTEGER, $9::VARCHAR[], $10::VARCHAR[], $11::VARCHAR, $12::TIMESTAMP WITH TIME ZONE) RETURNING tasks.id, tasks.created_at, tasks.updated_at

2025-12-19 10:04:00 | [32m[1mINFO    [0m | sqlalchemy.engine.Engine | [generated in 0.00193s] ('5d6fd14c-7b39-4374-bd4b-fccadb02b5bc', '28467b2389da4d62a6f6988ec501344a', 'uploads/28467b2389da4d62a6f6988ec501344a.csv', 'user@example.com', 'PENDING', 'QUEUE', None, 0, None, None, None, None)

2025-12-19 10:04:00 | [32m[1mINFO    [0m | sqlalchemy.engine.Engine | [generated in 0.00193s] ('5d6fd14c-7b39-4374-bd4b-fccadb02b5bc', '28467b2389da4d62a6f6988ec501344a', 'uploads/28467b2389da4d62a6f6988ec501344a.csv', 'user@example.com', 'PENDING', 'QUEUE', None, 0, None, None, None, None)

2025-12-19 10:04:00 | [32m[1mINFO    [0m | sqlalchemy.engine.Engine | COMMIT

2025-12-19 10:04:00 | [32m[1mINFO    [0m | sqlalchemy.engine.Engine | COMMIT

2025-12-19 10:04:00 | [32m[1mINFO    [0m | sqlalchemy.engine.Engine | BEGIN (implicit)

2025-12-19 10:04:00 | [32m[1mINFO    [0m | sqlalchemy.engine.Engine | BEGIN (implicit)

2025-12-19 10:04:00 | [32m[1mINFO    [0m | sqlalchemy.engine.Engine | SELECT tasks.id, tasks.job_id, tasks.file_id, tasks.file_path, tasks.email, tasks.status, tasks.stage, tasks.error_message, tasks.retry_count, tasks.distribution_chart, tasks.wordcloud, tasks.wordcloud_by_questions, tasks.treemap, tasks.sunburst, tasks.summary, tasks.created_at, tasks.updated_at, tasks.completed_at 
FROM tasks 
WHERE tasks.id = $1::INTEGER

2025-12-19 10:04:00 | [32m[1mINFO    [0m | sqlalchemy.engine.Engine | SELECT tasks.id, tasks.job_id, tasks.file_id, tasks.file_path, tasks.email, tasks.status, tasks.stage, tasks.error_message, tasks.retry_count, tasks.distribution_chart, tasks.wordcloud, tasks.wordcloud_by_questions, tasks.treemap, tasks.sunburst, tasks.summary, tasks.created_at, tasks.updated_at, tasks.completed_at 
FROM tasks 
WHERE tasks.id = $1::INTEGER

2025-12-19 10:04:00 | [32m[1mINFO    [0m | sqlalchemy.engine.Engine | [generated in 0.00109s] (6,)

2025-12-19 10:04:00 | [32m[1mINFO    [0m | sqlalchemy.engine.Engine | [generated in 0.00109s] (6,)

2025-12-19 10:04:00 | [32m[1mINFO    [0m | routes.routes        | Database record created successfully for task_id: 5d6fd14c-7b39-4374-bd4b-fccadb02b5bc

2025-12-19 10:04:00 | [32m[1mINFO    [0m | routes.routes        | Database record created successfully for task_id: 5d6fd14c-7b39-4374-bd4b-fccadb02b5bc

2025-12-19 10:04:00 | [32m[1mINFO    [0m | routes.routes        | Upload process completed successfully - filename: 87c0e21efae14e298ee8c0a190322dd4_intent.csv, task_id: 5d6fd14c-7b39-4374-bd4b-fccadb02b5bc, email: user@example.com

2025-12-19 10:04:00 | [32m[1mINFO    [0m | routes.routes        | Upload process completed successfully - filename: 87c0e21efae14e298ee8c0a190322dd4_intent.csv, task_id: 5d6fd14c-7b39-4374-bd4b-fccadb02b5bc, email: user@example.com

2025-12-19 10:04:00 | [32m[1mINFO    [0m | main                 | Request completed: POST /api/v1/upload - Status: 200

2025-12-19 10:04:00 | [32m[1mINFO    [0m | main                 | Request completed: POST /api/v1/upload - Status: 200

2025-12-19 10:04:00 | [32m[1mINFO    [0m | sqlalchemy.engine.Engine | ROLLBACK

2025-12-19 10:04:00 | [32m[1mINFO    [0m | sqlalchemy.engine.Engine | ROLLBACK

2025-12-19 10:06:01 | [32m[1mINFO    [0m | main                 | Closing database

2025-12-19 10:06:01 | [32m[1mINFO    [0m | main                 | Closing database

2025-12-19 10:06:01 | [32m[1mINFO    [0m | main                 | Database closed

2025-12-19 10:06:01 | [32m[1mINFO    [0m | main                 | Database closed

2025-12-19 10:06:01 | [32m[1mINFO    [0m | main                 | Shutting down application

2025-12-19 10:06:01 | [32m[1mINFO    [0m | main                 | Shutting down application

2025-12-19 10:06:17 | [32m[1mINFO    [0m | main                 | API routes registered at /api/v1

2025-12-19 10:06:17 | [32m[1mINFO    [0m | main                 | API routes registered at /api/v1

2025-12-19 10:06:17 | [32m[1mINFO    [0m | main                 | Starting Background Jobs Feedback Analyzer FastAPI Backend

2025-12-19 10:06:17 | [32m[1mINFO    [0m | main                 | Starting Background Jobs Feedback Analyzer FastAPI Backend

2025-12-19 10:06:17 | [32m[1mINFO    [0m | main                 | Environment: development

2025-12-19 10:06:17 | [32m[1mINFO    [0m | main                 | Environment: development

2025-12-19 10:06:17 | [32m[1mINFO    [0m | main                 | Allowed origins: ['*']

2025-12-19 10:06:17 | [32m[1mINFO    [0m | main                 | Allowed origins: ['*']

2025-12-19 10:06:17 | [32m[1mINFO    [0m | main                 | Application started

2025-12-19 10:06:17 | [32m[1mINFO    [0m | main                 | Application started

2025-12-19 10:06:17 | [32m[1mINFO    [0m | main                 | Initializing database

2025-12-19 10:06:17 | [32m[1mINFO    [0m | main                 | Initializing database

2025-12-19 10:06:17 | [32m[1mINFO    [0m | sqlalchemy.engine.Engine | select pg_catalog.version()

2025-12-19 10:06:17 | [32m[1mINFO    [0m | sqlalchemy.engine.Engine | select pg_catalog.version()

2025-12-19 10:06:17 | [32m[1mINFO    [0m | sqlalchemy.engine.Engine | [raw sql] ()

2025-12-19 10:06:17 | [32m[1mINFO    [0m | sqlalchemy.engine.Engine | [raw sql] ()

2025-12-19 10:06:17 | [32m[1mINFO    [0m | sqlalchemy.engine.Engine | select current_schema()

2025-12-19 10:06:17 | [32m[1mINFO    [0m | sqlalchemy.engine.Engine | select current_schema()

2025-12-19 10:06:18 | [32m[1mINFO    [0m | sqlalchemy.engine.Engine | [raw sql] ()

2025-12-19 10:06:18 | [32m[1mINFO    [0m | sqlalchemy.engine.Engine | [raw sql] ()

2025-12-19 10:06:18 | [32m[1mINFO    [0m | sqlalchemy.engine.Engine | show standard_conforming_strings

2025-12-19 10:06:18 | [32m[1mINFO    [0m | sqlalchemy.engine.Engine | show standard_conforming_strings

2025-12-19 10:06:18 | [32m[1mINFO    [0m | sqlalchemy.engine.Engine | [raw sql] ()

2025-12-19 10:06:18 | [32m[1mINFO    [0m | sqlalchemy.engine.Engine | [raw sql] ()

2025-12-19 10:06:18 | [32m[1mINFO    [0m | sqlalchemy.engine.Engine | BEGIN (implicit)

2025-12-19 10:06:18 | [32m[1mINFO    [0m | sqlalchemy.engine.Engine | BEGIN (implicit)

2025-12-19 10:06:18 | [32m[1mINFO    [0m | sqlalchemy.engine.Engine | SELECT pg_catalog.pg_class.relname 
FROM pg_catalog.pg_class JOIN pg_catalog.pg_namespace ON pg_catalog.pg_namespace.oid = pg_catalog.pg_class.relnamespace 
WHERE pg_catalog.pg_class.relname = $1::VARCHAR AND pg_catalog.pg_class.relkind = ANY (ARRAY[$2::VARCHAR, $3::VARCHAR, $4::VARCHAR, $5::VARCHAR, $6::VARCHAR]) AND pg_catalog.pg_table_is_visible(pg_catalog.pg_class.oid) AND pg_catalog.pg_namespace.nspname != $7::VARCHAR

2025-12-19 10:06:18 | [32m[1mINFO    [0m | sqlalchemy.engine.Engine | SELECT pg_catalog.pg_class.relname 
FROM pg_catalog.pg_class JOIN pg_catalog.pg_namespace ON pg_catalog.pg_namespace.oid = pg_catalog.pg_class.relnamespace 
WHERE pg_catalog.pg_class.relname = $1::VARCHAR AND pg_catalog.pg_class.relkind = ANY (ARRAY[$2::VARCHAR, $3::VARCHAR, $4::VARCHAR, $5::VARCHAR, $6::VARCHAR]) AND pg_catalog.pg_table_is_visible(pg_catalog.pg_class.oid) AND pg_catalog.pg_namespace.nspname != $7::VARCHAR

2025-12-19 10:06:18 | [32m[1mINFO    [0m | sqlalchemy.engine.Engine | [generated in 0.00180s] ('tasks', 'r', 'p', 'f', 'v', 'm', 'pg_catalog')

2025-12-19 10:06:18 | [32m[1mINFO    [0m | sqlalchemy.engine.Engine | [generated in 0.00180s] ('tasks', 'r', 'p', 'f', 'v', 'm', 'pg_catalog')

2025-12-19 10:06:18 | [32m[1mINFO    [0m | sqlalchemy.engine.Engine | SELECT pg_catalog.pg_type.typname 
FROM pg_catalog.pg_type JOIN pg_catalog.pg_namespace ON pg_catalog.pg_namespace.oid = pg_catalog.pg_type.typnamespace 
WHERE pg_catalog.pg_type.typname = $1::VARCHAR AND pg_catalog.pg_type_is_visible(pg_catalog.pg_type.oid) AND pg_catalog.pg_namespace.nspname != $2::VARCHAR

2025-12-19 10:06:18 | [32m[1mINFO    [0m | sqlalchemy.engine.Engine | SELECT pg_catalog.pg_type.typname 
FROM pg_catalog.pg_type JOIN pg_catalog.pg_namespace ON pg_catalog.pg_namespace.oid = pg_catalog.pg_type.typnamespace 
WHERE pg_catalog.pg_type.typname = $1::VARCHAR AND pg_catalog.pg_type_is_visible(pg_catalog.pg_type.oid) AND pg_catalog.pg_namespace.nspname != $2::VARCHAR

2025-12-19 10:06:18 | [32m[1mINFO    [0m | sqlalchemy.engine.Engine | [generated in 0.00134s] ('taskstatus', 'pg_catalog')

2025-12-19 10:06:18 | [32m[1mINFO    [0m | sqlalchemy.engine.Engine | [generated in 0.00134s] ('taskstatus', 'pg_catalog')

2025-12-19 10:06:18 | [32m[1mINFO    [0m | sqlalchemy.engine.Engine | SELECT pg_catalog.pg_type.typname 
FROM pg_catalog.pg_type JOIN pg_catalog.pg_namespace ON pg_catalog.pg_namespace.oid = pg_catalog.pg_type.typnamespace 
WHERE pg_catalog.pg_type.typname = $1::VARCHAR AND pg_catalog.pg_type_is_visible(pg_catalog.pg_type.oid) AND pg_catalog.pg_namespace.nspname != $2::VARCHAR

2025-12-19 10:06:18 | [32m[1mINFO    [0m | sqlalchemy.engine.Engine | SELECT pg_catalog.pg_type.typname 
FROM pg_catalog.pg_type JOIN pg_catalog.pg_namespace ON pg_catalog.pg_namespace.oid = pg_catalog.pg_type.typnamespace 
WHERE pg_catalog.pg_type.typname = $1::VARCHAR AND pg_catalog.pg_type_is_visible(pg_catalog.pg_type.oid) AND pg_catalog.pg_namespace.nspname != $2::VARCHAR

2025-12-19 10:06:18 | [32m[1mINFO    [0m | sqlalchemy.engine.Engine | [cached since 0.007544s ago] ('taskstage', 'pg_catalog')

2025-12-19 10:06:18 | [32m[1mINFO    [0m | sqlalchemy.engine.Engine | [cached since 0.007544s ago] ('taskstage', 'pg_catalog')

2025-12-19 10:06:18 | [32m[1mINFO    [0m | sqlalchemy.engine.Engine | COMMIT

2025-12-19 10:06:18 | [32m[1mINFO    [0m | sqlalchemy.engine.Engine | COMMIT

2025-12-19 10:06:18 | [32m[1mINFO    [0m | main                 | Database initialized

2025-12-19 10:06:18 | [32m[1mINFO    [0m | main                 | Database initialized

2025-12-19 10:07:01 | [32m[1mINFO    [0m | main                 | Closing database

2025-12-19 10:07:01 | [32m[1mINFO    [0m | main                 | Closing database

2025-12-19 10:07:01 | [32m[1mINFO    [0m | main                 | Database closed

2025-12-19 10:07:01 | [32m[1mINFO    [0m | main                 | Database closed

2025-12-19 10:07:01 | [32m[1mINFO    [0m | main                 | Shutting down application

2025-12-19 10:07:01 | [32m[1mINFO    [0m | main                 | Shutting down application

2025-12-19 10:30:05 | [32m[1mINFO    [0m | main                 | API routes registered at /api/v1

2025-12-19 10:30:05 | [32m[1mINFO    [0m | main                 | API routes registered at /api/v1

2025-12-19 10:30:05 | [32m[1mINFO    [0m | main                 | Starting Background Jobs Feedback Analyzer FastAPI Backend

2025-12-19 10:30:05 | [32m[1mINFO    [0m | main                 | Starting Background Jobs Feedback Analyzer FastAPI Backend

2025-12-19 10:30:05 | [32m[1mINFO    [0m | main                 | Environment: development

2025-12-19 10:30:05 | [32m[1mINFO    [0m | main                 | Environment: development

2025-12-19 10:30:05 | [32m[1mINFO    [0m | main                 | Allowed origins: ['*']

2025-12-19 10:30:05 | [32m[1mINFO    [0m | main                 | Allowed origins: ['*']

2025-12-19 10:30:05 | [32m[1mINFO    [0m | main                 | Application started

2025-12-19 10:30:05 | [32m[1mINFO    [0m | main                 | Application started

2025-12-19 10:30:05 | [32m[1mINFO    [0m | main                 | Initializing database

2025-12-19 10:30:05 | [32m[1mINFO    [0m | main                 | Initializing database

2025-12-19 10:30:05 | [32m[1mINFO    [0m | sqlalchemy.engine.Engine | select pg_catalog.version()

2025-12-19 10:30:05 | [32m[1mINFO    [0m | sqlalchemy.engine.Engine | select pg_catalog.version()

2025-12-19 10:30:05 | [32m[1mINFO    [0m | sqlalchemy.engine.Engine | [raw sql] ()

2025-12-19 10:30:05 | [32m[1mINFO    [0m | sqlalchemy.engine.Engine | [raw sql] ()

2025-12-19 10:30:05 | [32m[1mINFO    [0m | sqlalchemy.engine.Engine | select current_schema()

2025-12-19 10:30:05 | [32m[1mINFO    [0m | sqlalchemy.engine.Engine | select current_schema()

2025-12-19 10:30:05 | [32m[1mINFO    [0m | sqlalchemy.engine.Engine | [raw sql] ()

2025-12-19 10:30:05 | [32m[1mINFO    [0m | sqlalchemy.engine.Engine | [raw sql] ()

2025-12-19 10:30:05 | [32m[1mINFO    [0m | sqlalchemy.engine.Engine | show standard_conforming_strings

2025-12-19 10:30:05 | [32m[1mINFO    [0m | sqlalchemy.engine.Engine | show standard_conforming_strings

2025-12-19 10:30:05 | [32m[1mINFO    [0m | sqlalchemy.engine.Engine | [raw sql] ()

2025-12-19 10:30:05 | [32m[1mINFO    [0m | sqlalchemy.engine.Engine | [raw sql] ()

2025-12-19 10:30:05 | [32m[1mINFO    [0m | sqlalchemy.engine.Engine | BEGIN (implicit)

2025-12-19 10:30:05 | [32m[1mINFO    [0m | sqlalchemy.engine.Engine | BEGIN (implicit)

2025-12-19 10:30:05 | [32m[1mINFO    [0m | sqlalchemy.engine.Engine | SELECT pg_catalog.pg_class.relname 
FROM pg_catalog.pg_class JOIN pg_catalog.pg_namespace ON pg_catalog.pg_namespace.oid = pg_catalog.pg_class.relnamespace 
WHERE pg_catalog.pg_class.relname = $1::VARCHAR AND pg_catalog.pg_class.relkind = ANY (ARRAY[$2::VARCHAR, $3::VARCHAR, $4::VARCHAR, $5::VARCHAR, $6::VARCHAR]) AND pg_catalog.pg_table_is_visible(pg_catalog.pg_class.oid) AND pg_catalog.pg_namespace.nspname != $7::VARCHAR

2025-12-19 10:30:05 | [32m[1mINFO    [0m | sqlalchemy.engine.Engine | SELECT pg_catalog.pg_class.relname 
FROM pg_catalog.pg_class JOIN pg_catalog.pg_namespace ON pg_catalog.pg_namespace.oid = pg_catalog.pg_class.relnamespace 
WHERE pg_catalog.pg_class.relname = $1::VARCHAR AND pg_catalog.pg_class.relkind = ANY (ARRAY[$2::VARCHAR, $3::VARCHAR, $4::VARCHAR, $5::VARCHAR, $6::VARCHAR]) AND pg_catalog.pg_table_is_visible(pg_catalog.pg_class.oid) AND pg_catalog.pg_namespace.nspname != $7::VARCHAR

2025-12-19 10:30:05 | [32m[1mINFO    [0m | sqlalchemy.engine.Engine | [generated in 0.00298s] ('tasks', 'r', 'p', 'f', 'v', 'm', 'pg_catalog')

2025-12-19 10:30:05 | [32m[1mINFO    [0m | sqlalchemy.engine.Engine | [generated in 0.00298s] ('tasks', 'r', 'p', 'f', 'v', 'm', 'pg_catalog')

2025-12-19 10:30:05 | [32m[1mINFO    [0m | sqlalchemy.engine.Engine | SELECT pg_catalog.pg_type.typname 
FROM pg_catalog.pg_type JOIN pg_catalog.pg_namespace ON pg_catalog.pg_namespace.oid = pg_catalog.pg_type.typnamespace 
WHERE pg_catalog.pg_type.typname = $1::VARCHAR AND pg_catalog.pg_type_is_visible(pg_catalog.pg_type.oid) AND pg_catalog.pg_namespace.nspname != $2::VARCHAR

2025-12-19 10:30:05 | [32m[1mINFO    [0m | sqlalchemy.engine.Engine | SELECT pg_catalog.pg_type.typname 
FROM pg_catalog.pg_type JOIN pg_catalog.pg_namespace ON pg_catalog.pg_namespace.oid = pg_catalog.pg_type.typnamespace 
WHERE pg_catalog.pg_type.typname = $1::VARCHAR AND pg_catalog.pg_type_is_visible(pg_catalog.pg_type.oid) AND pg_catalog.pg_namespace.nspname != $2::VARCHAR

2025-12-19 10:30:05 | [32m[1mINFO    [0m | sqlalchemy.engine.Engine | [generated in 0.00149s] ('taskstatus', 'pg_catalog')

2025-12-19 10:30:05 | [32m[1mINFO    [0m | sqlalchemy.engine.Engine | [generated in 0.00149s] ('taskstatus', 'pg_catalog')

2025-12-19 10:30:05 | [32m[1mINFO    [0m | sqlalchemy.engine.Engine | SELECT pg_catalog.pg_type.typname 
FROM pg_catalog.pg_type JOIN pg_catalog.pg_namespace ON pg_catalog.pg_namespace.oid = pg_catalog.pg_type.typnamespace 
WHERE pg_catalog.pg_type.typname = $1::VARCHAR AND pg_catalog.pg_type_is_visible(pg_catalog.pg_type.oid) AND pg_catalog.pg_namespace.nspname != $2::VARCHAR

2025-12-19 10:30:05 | [32m[1mINFO    [0m | sqlalchemy.engine.Engine | SELECT pg_catalog.pg_type.typname 
FROM pg_catalog.pg_type JOIN pg_catalog.pg_namespace ON pg_catalog.pg_namespace.oid = pg_catalog.pg_type.typnamespace 
WHERE pg_catalog.pg_type.typname = $1::VARCHAR AND pg_catalog.pg_type_is_visible(pg_catalog.pg_type.oid) AND pg_catalog.pg_namespace.nspname != $2::VARCHAR

2025-12-19 10:30:05 | [32m[1mINFO    [0m | sqlalchemy.engine.Engine | [cached since 0.007271s ago] ('taskstage', 'pg_catalog')

2025-12-19 10:30:05 | [32m[1mINFO    [0m | sqlalchemy.engine.Engine | [cached since 0.007271s ago] ('taskstage', 'pg_catalog')

2025-12-19 10:30:05 | [32m[1mINFO    [0m | sqlalchemy.engine.Engine | COMMIT

2025-12-19 10:30:05 | [32m[1mINFO    [0m | sqlalchemy.engine.Engine | COMMIT

2025-12-19 10:30:05 | [32m[1mINFO    [0m | main                 | Database initialized

2025-12-19 10:30:05 | [32m[1mINFO    [0m | main                 | Database initialized

2025-12-19 10:30:17 | [32m[1mINFO    [0m | main                 | Incoming request: POST /api/v1/upload

2025-12-19 10:30:17 | [32m[1mINFO    [0m | main                 | Incoming request: POST /api/v1/upload

2025-12-19 10:30:17 | [32m[1mINFO    [0m | routes.routes        | Upload request received - filename: 87c0e21efae14e298ee8c0a190322dd4_intent.csv, email: user@example.com

2025-12-19 10:30:17 | [32m[1mINFO    [0m | routes.routes        | Upload request received - filename: 87c0e21efae14e298ee8c0a190322dd4_intent.csv, email: user@example.com

2025-12-19 10:30:17 | [32m[1mINFO    [0m | routes.routes        | Saving file to: uploads/87c0e21efae14e298ee8c0a190322dd4_intent.csv

2025-12-19 10:30:17 | [32m[1mINFO    [0m | routes.routes        | Saving file to: uploads/87c0e21efae14e298ee8c0a190322dd4_intent.csv

2025-12-19 10:30:17 | [32m[1mINFO    [0m | routes.routes        | File saved successfully: uploads/87c0e21efae14e298ee8c0a190322dd4_intent.csv

2025-12-19 10:30:17 | [32m[1mINFO    [0m | routes.routes        | File saved successfully: uploads/87c0e21efae14e298ee8c0a190322dd4_intent.csv

2025-12-19 10:30:17 | [32m[1mINFO    [0m | routes.routes        | Validating columns in file: 87c0e21efae14e298ee8c0a190322dd4_intent.csv

2025-12-19 10:30:17 | [32m[1mINFO    [0m | routes.routes        | Validating columns in file: 87c0e21efae14e298ee8c0a190322dd4_intent.csv

2025-12-19 10:30:17 | [32m[1mINFO    [0m | routes.routes        | Column validation passed for file: 87c0e21efae14e298ee8c0a190322dd4_intent.csv

2025-12-19 10:30:17 | [32m[1mINFO    [0m | routes.routes        | Column validation passed for file: 87c0e21efae14e298ee8c0a190322dd4_intent.csv

2025-12-19 10:30:17 | [32m[1mINFO    [0m | routes.routes        | Column mapping: {'depute geography': 'depute geography', 'depute country': 'depute country', 'depute branch': 'depute branch', 'depute datacenter': 'depute datacenter', 'question': 'question', 'answer': 'answer'}

2025-12-19 10:30:17 | [32m[1mINFO    [0m | routes.routes        | Column mapping: {'depute geography': 'depute geography', 'depute country': 'depute country', 'depute branch': 'depute branch', 'depute datacenter': 'depute datacenter', 'question': 'question', 'answer': 'answer'}

2025-12-19 10:30:17 | [32m[1mINFO    [0m | routes.routes        | Saving file with renamed columns to: uploads/94a5b5ad6b44479d9d4b2051dcdba412.csv

2025-12-19 10:30:17 | [32m[1mINFO    [0m | routes.routes        | Saving file with renamed columns to: uploads/94a5b5ad6b44479d9d4b2051dcdba412.csv

2025-12-19 10:30:17 | [32m[1mINFO    [0m | routes.routes        | File saved with standardized columns: uploads/94a5b5ad6b44479d9d4b2051dcdba412.csv

2025-12-19 10:30:17 | [32m[1mINFO    [0m | routes.routes        | File saved with standardized columns: uploads/94a5b5ad6b44479d9d4b2051dcdba412.csv

2025-12-19 10:30:17 | [32m[1mINFO    [0m | routes.routes        | Enqueueing processing task for file: 87c0e21efae14e298ee8c0a190322dd4_intent.csv

2025-12-19 10:30:17 | [32m[1mINFO    [0m | routes.routes        | Enqueueing processing task for file: 87c0e21efae14e298ee8c0a190322dd4_intent.csv

2025-12-19 10:30:17 | [32m[1mINFO    [0m | routes.routes        | Task enqueued successfully - task_id: cb020fbc-ddef-4eda-8cbc-90dd7848cdda, file: 87c0e21efae14e298ee8c0a190322dd4_intent.csv

2025-12-19 10:30:17 | [32m[1mINFO    [0m | routes.routes        | Task enqueued successfully - task_id: cb020fbc-ddef-4eda-8cbc-90dd7848cdda, file: 87c0e21efae14e298ee8c0a190322dd4_intent.csv

2025-12-19 10:30:17 | [32m[1mINFO    [0m | routes.routes        | Creating database record for task_id: cb020fbc-ddef-4eda-8cbc-90dd7848cdda

2025-12-19 10:30:17 | [32m[1mINFO    [0m | routes.routes        | Creating database record for task_id: cb020fbc-ddef-4eda-8cbc-90dd7848cdda

2025-12-19 10:30:17 | [32m[1mINFO    [0m | sqlalchemy.engine.Engine | BEGIN (implicit)

2025-12-19 10:30:17 | [32m[1mINFO    [0m | sqlalchemy.engine.Engine | BEGIN (implicit)

2025-12-19 10:30:17 | [32m[1mINFO    [0m | sqlalchemy.engine.Engine | INSERT INTO tasks (job_id, file_id, file_path, email, status, stage, error_message, retry_count, distribution_chart, wordcloud, summary, completed_at) VALUES ($1::VARCHAR, $2::VARCHAR, $3::VARCHAR, $4::VARCHAR, $5::taskstatus, $6::taskstage, $7::VARCHAR, $8::INTEGER, $9::VARCHAR[], $10::VARCHAR[], $11::VARCHAR, $12::TIMESTAMP WITH TIME ZONE) RETURNING tasks.id, tasks.created_at, tasks.updated_at

2025-12-19 10:30:17 | [32m[1mINFO    [0m | sqlalchemy.engine.Engine | INSERT INTO tasks (job_id, file_id, file_path, email, status, stage, error_message, retry_count, distribution_chart, wordcloud, summary, completed_at) VALUES ($1::VARCHAR, $2::VARCHAR, $3::VARCHAR, $4::VARCHAR, $5::taskstatus, $6::taskstage, $7::VARCHAR, $8::INTEGER, $9::VARCHAR[], $10::VARCHAR[], $11::VARCHAR, $12::TIMESTAMP WITH TIME ZONE) RETURNING tasks.id, tasks.created_at, tasks.updated_at

2025-12-19 10:30:17 | [32m[1mINFO    [0m | sqlalchemy.engine.Engine | [generated in 0.02130s] ('cb020fbc-ddef-4eda-8cbc-90dd7848cdda', '94a5b5ad6b44479d9d4b2051dcdba412', 'uploads/94a5b5ad6b44479d9d4b2051dcdba412.csv', 'user@example.com', 'PENDING', 'QUEUE', None, 0, None, None, None, None)

2025-12-19 10:30:17 | [32m[1mINFO    [0m | sqlalchemy.engine.Engine | [generated in 0.02130s] ('cb020fbc-ddef-4eda-8cbc-90dd7848cdda', '94a5b5ad6b44479d9d4b2051dcdba412', 'uploads/94a5b5ad6b44479d9d4b2051dcdba412.csv', 'user@example.com', 'PENDING', 'QUEUE', None, 0, None, None, None, None)

2025-12-19 10:30:18 | [32m[1mINFO    [0m | sqlalchemy.engine.Engine | COMMIT

2025-12-19 10:30:18 | [32m[1mINFO    [0m | sqlalchemy.engine.Engine | COMMIT

2025-12-19 10:30:18 | [32m[1mINFO    [0m | sqlalchemy.engine.Engine | BEGIN (implicit)

2025-12-19 10:30:18 | [32m[1mINFO    [0m | sqlalchemy.engine.Engine | BEGIN (implicit)

2025-12-19 10:30:18 | [32m[1mINFO    [0m | sqlalchemy.engine.Engine | SELECT tasks.id, tasks.job_id, tasks.file_id, tasks.file_path, tasks.email, tasks.status, tasks.stage, tasks.error_message, tasks.retry_count, tasks.distribution_chart, tasks.wordcloud, tasks.wordcloud_by_questions, tasks.treemap, tasks.sunburst, tasks.summary, tasks.created_at, tasks.updated_at, tasks.completed_at 
FROM tasks 
WHERE tasks.id = $1::INTEGER

2025-12-19 10:30:18 | [32m[1mINFO    [0m | sqlalchemy.engine.Engine | SELECT tasks.id, tasks.job_id, tasks.file_id, tasks.file_path, tasks.email, tasks.status, tasks.stage, tasks.error_message, tasks.retry_count, tasks.distribution_chart, tasks.wordcloud, tasks.wordcloud_by_questions, tasks.treemap, tasks.sunburst, tasks.summary, tasks.created_at, tasks.updated_at, tasks.completed_at 
FROM tasks 
WHERE tasks.id = $1::INTEGER

2025-12-19 10:30:18 | [32m[1mINFO    [0m | sqlalchemy.engine.Engine | [generated in 0.00252s] (1,)

2025-12-19 10:30:18 | [32m[1mINFO    [0m | sqlalchemy.engine.Engine | [generated in 0.00252s] (1,)

2025-12-19 10:30:18 | [32m[1mINFO    [0m | routes.routes        | Database record created successfully for task_id: cb020fbc-ddef-4eda-8cbc-90dd7848cdda

2025-12-19 10:30:18 | [32m[1mINFO    [0m | routes.routes        | Database record created successfully for task_id: cb020fbc-ddef-4eda-8cbc-90dd7848cdda

2025-12-19 10:30:18 | [32m[1mINFO    [0m | routes.routes        | Upload process completed successfully - filename: 87c0e21efae14e298ee8c0a190322dd4_intent.csv, task_id: cb020fbc-ddef-4eda-8cbc-90dd7848cdda, email: user@example.com

2025-12-19 10:30:18 | [32m[1mINFO    [0m | routes.routes        | Upload process completed successfully - filename: 87c0e21efae14e298ee8c0a190322dd4_intent.csv, task_id: cb020fbc-ddef-4eda-8cbc-90dd7848cdda, email: user@example.com

2025-12-19 10:30:18 | [32m[1mINFO    [0m | main                 | Request completed: POST /api/v1/upload - Status: 200

2025-12-19 10:30:18 | [32m[1mINFO    [0m | main                 | Request completed: POST /api/v1/upload - Status: 200

2025-12-19 10:30:18 | [32m[1mINFO    [0m | sqlalchemy.engine.Engine | ROLLBACK

2025-12-19 10:30:18 | [32m[1mINFO    [0m | sqlalchemy.engine.Engine | ROLLBACK

2025-12-19 10:32:51 | [32m[1mINFO    [0m | main                 | Closing database

2025-12-19 10:32:51 | [32m[1mINFO    [0m | main                 | Closing database

2025-12-19 10:32:51 | [32m[1mINFO    [0m | main                 | Database closed

2025-12-19 10:32:51 | [32m[1mINFO    [0m | main                 | Database closed

2025-12-19 10:32:51 | [32m[1mINFO    [0m | main                 | Shutting down application

2025-12-19 10:32:51 | [32m[1mINFO    [0m | main                 | Shutting down application

2025-12-19 10:33:08 | [32m[1mINFO    [0m | main                 | API routes registered at /api/v1

2025-12-19 10:33:08 | [32m[1mINFO    [0m | main                 | API routes registered at /api/v1

2025-12-19 10:33:08 | [32m[1mINFO    [0m | main                 | Starting Background Jobs Feedback Analyzer FastAPI Backend

2025-12-19 10:33:08 | [32m[1mINFO    [0m | main                 | Starting Background Jobs Feedback Analyzer FastAPI Backend

2025-12-19 10:33:08 | [32m[1mINFO    [0m | main                 | Environment: development

2025-12-19 10:33:08 | [32m[1mINFO    [0m | main                 | Environment: development

2025-12-19 10:33:08 | [32m[1mINFO    [0m | main                 | Allowed origins: ['*']

2025-12-19 10:33:08 | [32m[1mINFO    [0m | main                 | Allowed origins: ['*']

2025-12-19 10:33:08 | [32m[1mINFO    [0m | main                 | Application started

2025-12-19 10:33:08 | [32m[1mINFO    [0m | main                 | Application started

2025-12-19 10:33:08 | [32m[1mINFO    [0m | main                 | Initializing database

2025-12-19 10:33:08 | [32m[1mINFO    [0m | main                 | Initializing database

2025-12-19 10:33:08 | [32m[1mINFO    [0m | sqlalchemy.engine.Engine | select pg_catalog.version()

2025-12-19 10:33:08 | [32m[1mINFO    [0m | sqlalchemy.engine.Engine | select pg_catalog.version()

2025-12-19 10:33:08 | [32m[1mINFO    [0m | sqlalchemy.engine.Engine | [raw sql] ()

2025-12-19 10:33:08 | [32m[1mINFO    [0m | sqlalchemy.engine.Engine | [raw sql] ()

2025-12-19 10:33:08 | [32m[1mINFO    [0m | sqlalchemy.engine.Engine | select current_schema()

2025-12-19 10:33:08 | [32m[1mINFO    [0m | sqlalchemy.engine.Engine | select current_schema()

2025-12-19 10:33:08 | [32m[1mINFO    [0m | sqlalchemy.engine.Engine | [raw sql] ()

2025-12-19 10:33:08 | [32m[1mINFO    [0m | sqlalchemy.engine.Engine | [raw sql] ()

2025-12-19 10:33:08 | [32m[1mINFO    [0m | sqlalchemy.engine.Engine | show standard_conforming_strings

2025-12-19 10:33:08 | [32m[1mINFO    [0m | sqlalchemy.engine.Engine | show standard_conforming_strings

2025-12-19 10:33:08 | [32m[1mINFO    [0m | sqlalchemy.engine.Engine | [raw sql] ()

2025-12-19 10:33:08 | [32m[1mINFO    [0m | sqlalchemy.engine.Engine | [raw sql] ()

2025-12-19 10:33:08 | [32m[1mINFO    [0m | sqlalchemy.engine.Engine | BEGIN (implicit)

2025-12-19 10:33:08 | [32m[1mINFO    [0m | sqlalchemy.engine.Engine | BEGIN (implicit)

2025-12-19 10:33:08 | [32m[1mINFO    [0m | sqlalchemy.engine.Engine | SELECT pg_catalog.pg_class.relname 
FROM pg_catalog.pg_class JOIN pg_catalog.pg_namespace ON pg_catalog.pg_namespace.oid = pg_catalog.pg_class.relnamespace 
WHERE pg_catalog.pg_class.relname = $1::VARCHAR AND pg_catalog.pg_class.relkind = ANY (ARRAY[$2::VARCHAR, $3::VARCHAR, $4::VARCHAR, $5::VARCHAR, $6::VARCHAR]) AND pg_catalog.pg_table_is_visible(pg_catalog.pg_class.oid) AND pg_catalog.pg_namespace.nspname != $7::VARCHAR

2025-12-19 10:33:08 | [32m[1mINFO    [0m | sqlalchemy.engine.Engine | SELECT pg_catalog.pg_class.relname 
FROM pg_catalog.pg_class JOIN pg_catalog.pg_namespace ON pg_catalog.pg_namespace.oid = pg_catalog.pg_class.relnamespace 
WHERE pg_catalog.pg_class.relname = $1::VARCHAR AND pg_catalog.pg_class.relkind = ANY (ARRAY[$2::VARCHAR, $3::VARCHAR, $4::VARCHAR, $5::VARCHAR, $6::VARCHAR]) AND pg_catalog.pg_table_is_visible(pg_catalog.pg_class.oid) AND pg_catalog.pg_namespace.nspname != $7::VARCHAR

2025-12-19 10:33:08 | [32m[1mINFO    [0m | sqlalchemy.engine.Engine | [generated in 0.00289s] ('tasks', 'r', 'p', 'f', 'v', 'm', 'pg_catalog')

2025-12-19 10:33:08 | [32m[1mINFO    [0m | sqlalchemy.engine.Engine | [generated in 0.00289s] ('tasks', 'r', 'p', 'f', 'v', 'm', 'pg_catalog')

2025-12-19 10:33:08 | [32m[1mINFO    [0m | sqlalchemy.engine.Engine | SELECT pg_catalog.pg_type.typname 
FROM pg_catalog.pg_type JOIN pg_catalog.pg_namespace ON pg_catalog.pg_namespace.oid = pg_catalog.pg_type.typnamespace 
WHERE pg_catalog.pg_type.typname = $1::VARCHAR AND pg_catalog.pg_type_is_visible(pg_catalog.pg_type.oid) AND pg_catalog.pg_namespace.nspname != $2::VARCHAR

2025-12-19 10:33:08 | [32m[1mINFO    [0m | sqlalchemy.engine.Engine | SELECT pg_catalog.pg_type.typname 
FROM pg_catalog.pg_type JOIN pg_catalog.pg_namespace ON pg_catalog.pg_namespace.oid = pg_catalog.pg_type.typnamespace 
WHERE pg_catalog.pg_type.typname = $1::VARCHAR AND pg_catalog.pg_type_is_visible(pg_catalog.pg_type.oid) AND pg_catalog.pg_namespace.nspname != $2::VARCHAR

2025-12-19 10:33:08 | [32m[1mINFO    [0m | sqlalchemy.engine.Engine | [generated in 0.00251s] ('taskstatus', 'pg_catalog')

2025-12-19 10:33:08 | [32m[1mINFO    [0m | sqlalchemy.engine.Engine | [generated in 0.00251s] ('taskstatus', 'pg_catalog')

2025-12-19 10:33:08 | [32m[1mINFO    [0m | sqlalchemy.engine.Engine | SELECT pg_catalog.pg_type.typname 
FROM pg_catalog.pg_type JOIN pg_catalog.pg_namespace ON pg_catalog.pg_namespace.oid = pg_catalog.pg_type.typnamespace 
WHERE pg_catalog.pg_type.typname = $1::VARCHAR AND pg_catalog.pg_type_is_visible(pg_catalog.pg_type.oid) AND pg_catalog.pg_namespace.nspname != $2::VARCHAR

2025-12-19 10:33:08 | [32m[1mINFO    [0m | sqlalchemy.engine.Engine | SELECT pg_catalog.pg_type.typname 
FROM pg_catalog.pg_type JOIN pg_catalog.pg_namespace ON pg_catalog.pg_namespace.oid = pg_catalog.pg_type.typnamespace 
WHERE pg_catalog.pg_type.typname = $1::VARCHAR AND pg_catalog.pg_type_is_visible(pg_catalog.pg_type.oid) AND pg_catalog.pg_namespace.nspname != $2::VARCHAR

2025-12-19 10:33:08 | [32m[1mINFO    [0m | sqlalchemy.engine.Engine | [cached since 0.01139s ago] ('taskstage', 'pg_catalog')

2025-12-19 10:33:08 | [32m[1mINFO    [0m | sqlalchemy.engine.Engine | [cached since 0.01139s ago] ('taskstage', 'pg_catalog')

2025-12-19 10:33:08 | [32m[1mINFO    [0m | sqlalchemy.engine.Engine | COMMIT

2025-12-19 10:33:08 | [32m[1mINFO    [0m | sqlalchemy.engine.Engine | COMMIT

2025-12-19 10:33:08 | [32m[1mINFO    [0m | main                 | Database initialized

2025-12-19 10:33:08 | [32m[1mINFO    [0m | main                 | Database initialized

2025-12-19 10:41:53 | [32m[1mINFO    [0m | main                 | Incoming request: POST /api/v1/upload

2025-12-19 10:41:53 | [32m[1mINFO    [0m | main                 | Incoming request: POST /api/v1/upload

2025-12-19 10:41:53 | [32m[1mINFO    [0m | routes.routes        | Upload request received - filename: 87c0e21efae14e298ee8c0a190322dd4_intent.csv, email: user@example.com

2025-12-19 10:41:53 | [32m[1mINFO    [0m | routes.routes        | Upload request received - filename: 87c0e21efae14e298ee8c0a190322dd4_intent.csv, email: user@example.com

2025-12-19 10:41:53 | [32m[1mINFO    [0m | routes.routes        | Saving file to: uploads/87c0e21efae14e298ee8c0a190322dd4_intent.csv

2025-12-19 10:41:53 | [32m[1mINFO    [0m | routes.routes        | Saving file to: uploads/87c0e21efae14e298ee8c0a190322dd4_intent.csv

2025-12-19 10:41:53 | [32m[1mINFO    [0m | routes.routes        | File saved successfully: uploads/87c0e21efae14e298ee8c0a190322dd4_intent.csv

2025-12-19 10:41:53 | [32m[1mINFO    [0m | routes.routes        | File saved successfully: uploads/87c0e21efae14e298ee8c0a190322dd4_intent.csv

2025-12-19 10:41:53 | [32m[1mINFO    [0m | routes.routes        | Validating columns in file: 87c0e21efae14e298ee8c0a190322dd4_intent.csv

2025-12-19 10:41:53 | [32m[1mINFO    [0m | routes.routes        | Validating columns in file: 87c0e21efae14e298ee8c0a190322dd4_intent.csv

2025-12-19 10:41:53 | [32m[1mINFO    [0m | routes.routes        | Column validation passed for file: 87c0e21efae14e298ee8c0a190322dd4_intent.csv

2025-12-19 10:41:53 | [32m[1mINFO    [0m | routes.routes        | Column validation passed for file: 87c0e21efae14e298ee8c0a190322dd4_intent.csv

2025-12-19 10:41:53 | [32m[1mINFO    [0m | routes.routes        | Column mapping: {'depute geography': 'depute geography', 'depute country': 'depute country', 'depute branch': 'depute branch', 'depute datacenter': 'depute datacenter', 'question': 'question', 'answer': 'answer'}

2025-12-19 10:41:53 | [32m[1mINFO    [0m | routes.routes        | Column mapping: {'depute geography': 'depute geography', 'depute country': 'depute country', 'depute branch': 'depute branch', 'depute datacenter': 'depute datacenter', 'question': 'question', 'answer': 'answer'}

2025-12-19 10:41:53 | [32m[1mINFO    [0m | routes.routes        | Saving file with renamed columns to: uploads/9d3e2a0af1634f0388981b4ed2593a45.csv

2025-12-19 10:41:53 | [32m[1mINFO    [0m | routes.routes        | Saving file with renamed columns to: uploads/9d3e2a0af1634f0388981b4ed2593a45.csv

2025-12-19 10:41:53 | [32m[1mINFO    [0m | routes.routes        | File saved with standardized columns: uploads/9d3e2a0af1634f0388981b4ed2593a45.csv

2025-12-19 10:41:53 | [32m[1mINFO    [0m | routes.routes        | File saved with standardized columns: uploads/9d3e2a0af1634f0388981b4ed2593a45.csv

2025-12-19 10:41:53 | [32m[1mINFO    [0m | routes.routes        | Enqueueing processing task for file: 87c0e21efae14e298ee8c0a190322dd4_intent.csv

2025-12-19 10:41:53 | [32m[1mINFO    [0m | routes.routes        | Enqueueing processing task for file: 87c0e21efae14e298ee8c0a190322dd4_intent.csv

2025-12-19 10:41:53 | [32m[1mINFO    [0m | routes.routes        | Task enqueued successfully - task_id: 20ffb29d-7335-4fa9-a90e-e17bdca6fc42, file: 87c0e21efae14e298ee8c0a190322dd4_intent.csv

2025-12-19 10:41:53 | [32m[1mINFO    [0m | routes.routes        | Task enqueued successfully - task_id: 20ffb29d-7335-4fa9-a90e-e17bdca6fc42, file: 87c0e21efae14e298ee8c0a190322dd4_intent.csv

2025-12-19 10:41:53 | [32m[1mINFO    [0m | routes.routes        | Creating database record for task_id: 20ffb29d-7335-4fa9-a90e-e17bdca6fc42

2025-12-19 10:41:53 | [32m[1mINFO    [0m | routes.routes        | Creating database record for task_id: 20ffb29d-7335-4fa9-a90e-e17bdca6fc42

2025-12-19 10:41:53 | [32m[1mINFO    [0m | sqlalchemy.engine.Engine | BEGIN (implicit)

2025-12-19 10:41:53 | [32m[1mINFO    [0m | sqlalchemy.engine.Engine | BEGIN (implicit)

2025-12-19 10:41:53 | [32m[1mINFO    [0m | sqlalchemy.engine.Engine | INSERT INTO tasks (job_id, file_id, file_path, email, status, stage, error_message, retry_count, distribution_chart, wordcloud, summary, completed_at) VALUES ($1::VARCHAR, $2::VARCHAR, $3::VARCHAR, $4::VARCHAR, $5::taskstatus, $6::taskstage, $7::VARCHAR, $8::INTEGER, $9::VARCHAR[], $10::VARCHAR[], $11::VARCHAR, $12::TIMESTAMP WITH TIME ZONE) RETURNING tasks.id, tasks.created_at, tasks.updated_at

2025-12-19 10:41:53 | [32m[1mINFO    [0m | sqlalchemy.engine.Engine | INSERT INTO tasks (job_id, file_id, file_path, email, status, stage, error_message, retry_count, distribution_chart, wordcloud, summary, completed_at) VALUES ($1::VARCHAR, $2::VARCHAR, $3::VARCHAR, $4::VARCHAR, $5::taskstatus, $6::taskstage, $7::VARCHAR, $8::INTEGER, $9::VARCHAR[], $10::VARCHAR[], $11::VARCHAR, $12::TIMESTAMP WITH TIME ZONE) RETURNING tasks.id, tasks.created_at, tasks.updated_at

2025-12-19 10:41:53 | [32m[1mINFO    [0m | sqlalchemy.engine.Engine | [generated in 0.00468s] ('20ffb29d-7335-4fa9-a90e-e17bdca6fc42', '9d3e2a0af1634f0388981b4ed2593a45', 'uploads/9d3e2a0af1634f0388981b4ed2593a45.csv', 'user@example.com', 'PENDING', 'QUEUE', None, 0, None, None, None, None)

2025-12-19 10:41:53 | [32m[1mINFO    [0m | sqlalchemy.engine.Engine | [generated in 0.00468s] ('20ffb29d-7335-4fa9-a90e-e17bdca6fc42', '9d3e2a0af1634f0388981b4ed2593a45', 'uploads/9d3e2a0af1634f0388981b4ed2593a45.csv', 'user@example.com', 'PENDING', 'QUEUE', None, 0, None, None, None, None)

2025-12-19 10:41:53 | [32m[1mINFO    [0m | sqlalchemy.engine.Engine | COMMIT

2025-12-19 10:41:53 | [32m[1mINFO    [0m | sqlalchemy.engine.Engine | COMMIT

2025-12-19 10:41:53 | [32m[1mINFO    [0m | sqlalchemy.engine.Engine | BEGIN (implicit)

2025-12-19 10:41:53 | [32m[1mINFO    [0m | sqlalchemy.engine.Engine | BEGIN (implicit)

2025-12-19 10:41:53 | [32m[1mINFO    [0m | sqlalchemy.engine.Engine | SELECT tasks.id, tasks.job_id, tasks.file_id, tasks.file_path, tasks.email, tasks.status, tasks.stage, tasks.error_message, tasks.retry_count, tasks.distribution_chart, tasks.wordcloud, tasks.wordcloud_by_questions, tasks.treemap, tasks.sunburst, tasks.summary, tasks.created_at, tasks.updated_at, tasks.completed_at 
FROM tasks 
WHERE tasks.id = $1::INTEGER

2025-12-19 10:41:53 | [32m[1mINFO    [0m | sqlalchemy.engine.Engine | SELECT tasks.id, tasks.job_id, tasks.file_id, tasks.file_path, tasks.email, tasks.status, tasks.stage, tasks.error_message, tasks.retry_count, tasks.distribution_chart, tasks.wordcloud, tasks.wordcloud_by_questions, tasks.treemap, tasks.sunburst, tasks.summary, tasks.created_at, tasks.updated_at, tasks.completed_at 
FROM tasks 
WHERE tasks.id = $1::INTEGER

2025-12-19 10:41:53 | [32m[1mINFO    [0m | sqlalchemy.engine.Engine | [generated in 0.00121s] (2,)

2025-12-19 10:41:53 | [32m[1mINFO    [0m | sqlalchemy.engine.Engine | [generated in 0.00121s] (2,)

2025-12-19 10:41:53 | [32m[1mINFO    [0m | routes.routes        | Database record created successfully for task_id: 20ffb29d-7335-4fa9-a90e-e17bdca6fc42

2025-12-19 10:41:53 | [32m[1mINFO    [0m | routes.routes        | Database record created successfully for task_id: 20ffb29d-7335-4fa9-a90e-e17bdca6fc42

2025-12-19 10:41:53 | [32m[1mINFO    [0m | routes.routes        | Upload process completed successfully - filename: 87c0e21efae14e298ee8c0a190322dd4_intent.csv, task_id: 20ffb29d-7335-4fa9-a90e-e17bdca6fc42, email: user@example.com

2025-12-19 10:41:53 | [32m[1mINFO    [0m | routes.routes        | Upload process completed successfully - filename: 87c0e21efae14e298ee8c0a190322dd4_intent.csv, task_id: 20ffb29d-7335-4fa9-a90e-e17bdca6fc42, email: user@example.com

2025-12-19 10:41:53 | [32m[1mINFO    [0m | main                 | Request completed: POST /api/v1/upload - Status: 200

2025-12-19 10:41:53 | [32m[1mINFO    [0m | main                 | Request completed: POST /api/v1/upload - Status: 200

2025-12-19 10:41:53 | [32m[1mINFO    [0m | sqlalchemy.engine.Engine | ROLLBACK

2025-12-19 10:41:53 | [32m[1mINFO    [0m | sqlalchemy.engine.Engine | ROLLBACK
